;Layer height: 1.50
;Deposition width: 4.00
;Layer 1
G0 X901.27 Y399.63 Z-1.00 nX0.000 nY0.000 nZ-1.000 F6000
G1 X901.27 Y399.63 Z-1.00 nX0.000 nY0.000 nZ-1.000 E0.00 F6000
G1 X701.27 Y399.63 Z-1.00 nX0.000 nY0.000 nZ-1.000 E458.75 F6000
G0 X701.27 Y491.17 Z-1.00 nX0.000 nY0.000 nZ-1.000 F6000
G1 X701.27 Y491.17 Z-1.00 nX0.000 nY0.000 nZ-1.000 E458.75 F6000
G1 X698.87 Y491.23 Z-1.00 nX0.000 nY0.000 nZ-1.000 E464.26 F6000
G1 X698.97 Y495.23 Z-1.00 nX0.000 nY0.000 nZ-1.000 E473.44 F6000
G1 X791.01 Y492.82 Z-0.94 nX0.000 nY0.000 nZ-1.000 E684.63 F6000
G1 X791.01 Y492.62 Z-0.94 nX0.000 nY0.000 nZ-1.000 E685.08 F6000
G1 X792.96 Y492.62 Z-0.94 nX0.000 nY0.000 nZ-1.000 E689.56 F6000
G1 X792.96 Y488.77 Z-0.94 nX0.000 nY0.000 nZ-1.000 E698.40 F6000
G1 X705.06 Y491.07 Z-0.89 nX0.000 nY0.000 nZ-1.000 E900.08 F6000
G1 X706.68 Y487.23 Z-0.89 nX0.000 nY0.000 nZ-1.000 E909.64 F6000
G1 X796.73 Y484.87 Z-0.84 nX0.000 nY0.000 nZ-1.000 E1116.26 F6000
G1 X796.76 Y485.84 Z-0.84 nX0.000 nY0.000 nZ-1.000 E1118.50 F6000
G1 X796.76 Y568.63 Z-0.79 nX0.000 nY0.000 nZ-1.000 E1308.39 F6000
G1 X736.76 Y568.63 Z-0.75 nX0.000 nY0.000 nZ-1.000 E1446.01 F6000
G1 X736.76 Y598.63 Z-0.74 nX0.000 nY0.000 nZ-1.000 E1514.83 F6000
G1 X731.76 Y598.63 Z-0.73 nX0.000 nY0.000 nZ-1.000 E1526.29 F6000
G1 X731.76 Y568.63 Z-0.72 nX0.000 nY0.000 nZ-1.000 E1595.11 F6000
G1 X598.19 Y568.63 Z-0.64 nX0.000 nY0.000 nZ-1.000 E1901.48 F6000
G1 X567.69 Y461.43 Z-0.58 nX0.000 nY0.000 nZ-1.000 E2157.13 F6000
G1 X529.83 Y461.43 Z-0.55 nX0.000 nY0.000 nZ-1.000 E2243.96 F6000
G1 X499.33 Y568.63 Z-0.49 nX0.000 nY0.000 nZ-1.000 E2499.61 F6000
G1 X365.76 Y568.63 Z-0.41 nX0.000 nY0.000 nZ-1.000 E2805.99 F6000
G1 X365.76 Y598.63 Z-0.39 nX0.000 nY0.000 nZ-1.000 E2874.80 F6000
G1 X360.76 Y598.63 Z-0.39 nX0.000 nY0.000 nZ-1.000 E2886.27 F6000
G1 X360.76 Y568.63 Z-0.37 nX0.000 nY0.000 nZ-1.000 E2955.09 F6000
G1 X300.76 Y568.63 Z-0.34 nX0.000 nY0.000 nZ-1.000 E3092.71 F6000
G1 X300.76 Y485.84 Z-0.29 nX0.000 nY0.000 nZ-1.000 E3282.60 F6000
G1 X300.78 Y484.87 Z-0.29 nX0.000 nY0.000 nZ-1.000 E3284.83 F6000
G1 X390.05 Y487.21 Z-0.24 nX0.000 nY0.000 nZ-1.000 E3489.67 F6000
G1 X390.48 Y491.02 Z-0.24 nX0.000 nY0.000 nZ-1.000 E3498.47 F6000
G1 X304.56 Y488.77 Z-0.19 nX0.000 nY0.000 nZ-1.000 E3695.61 F6000
G1 X304.56 Y492.62 Z-0.19 nX0.000 nY0.000 nZ-1.000 E3704.45 F6000
G1 X306.51 Y492.62 Z-0.19 nX0.000 nY0.000 nZ-1.000 E3708.93 F6000
G1 X306.51 Y492.82 Z-0.19 nX0.000 nY0.000 nZ-1.000 E3709.38 F6000
G1 X398.55 Y495.23 Z-0.13 nX0.000 nY0.000 nZ-1.000 E3920.57 F6000
G1 X398.65 Y491.23 Z-0.13 nX0.000 nY0.000 nZ-1.000 E3929.75 F6000
G1 X394.28 Y491.12 Z-0.13 nX0.000 nY0.000 nZ-1.000 E3939.79 F6000
G1 X393.85 Y487.31 Z-0.13 nX0.000 nY0.000 nZ-1.000 E3948.59 F6000
G1 X400.75 Y487.49 Z-0.12 nX0.000 nY0.000 nZ-1.000 E3964.41 F6000
G1 X401.53 Y457.50 Z-0.10 nX0.000 nY0.000 nZ-1.000 E4033.23 F6000
G1 X406.53 Y457.63 Z-0.10 nX0.000 nY0.000 nZ-1.000 E4044.70 F6000
G1 X405.75 Y487.62 Z-0.08 nX0.000 nY0.000 nZ-1.000 E4113.51 F6000
G1 X468.41 Y489.26 Z-0.05 nX0.000 nY0.000 nZ-1.000 E4257.30 F6000
G1 X470.76 Y489.12 Z-0.05 nX0.000 nY0.000 nZ-1.000 E4262.70 F6000
G1 X473.14 Y488.55 Z-0.05 nX0.000 nY0.000 nZ-1.000 E4268.30 F6000
G1 X474.35 Y492.16 Z-0.04 nX0.000 nY0.000 nZ-1.000 E4277.05 F6000
G1 X471.33 Y492.89 Z-0.04 nX0.000 nY0.000 nZ-1.000 E4284.18 F6000
G1 X468.48 Y493.06 Z-0.04 nX0.000 nY0.000 nZ-1.000 E4290.72 F6000
G1 X407.65 Y491.47 Z-0.00 nX0.000 nY0.000 nZ-1.000 E4430.30 F6000
G1 X407.54 Y495.47 Z-0.00 nX0.000 nY0.000 nZ-1.000 E4439.48 F6000
G1 X468.55 Y497.07 Z0.03 nX0.000 nY0.000 nZ-1.000 E4579.46 F6000
G1 X471.92 Y496.86 Z0.03 nX0.000 nY0.000 nZ-1.000 E4587.21 F6000
G1 X475.62 Y495.97 Z0.04 nX0.000 nY0.000 nZ-1.000 E4595.94 F6000
G1 X479.11 Y494.45 Z0.04 nX0.000 nY0.000 nZ-1.000 E4604.67 F6000
G1 X481.93 Y492.59 Z0.04 nX0.000 nY0.000 nZ-1.000 E4612.42 F6000
G1 X523.62 Y459.42 Z0.07 nX0.000 nY0.000 nZ-1.000 E4734.62 F6000
G1 X524.86 Y458.58 Z0.07 nX0.000 nY0.000 nZ-1.000 E4738.06 F6000
G1 X525.77 Y458.12 Z0.07 nX0.000 nY0.000 nZ-1.000 E4740.39 F6000
G1 X526.71 Y457.78 Z0.07 nX0.000 nY0.000 nZ-1.000 E4742.69 F6000
G1 X528.01 Y457.51 Z0.07 nX0.000 nY0.000 nZ-1.000 E4745.73 F6000
G1 X529.32 Y457.43 Z0.08 nX0.000 nY0.000 nZ-1.000 E4748.74 F6000
G1 X568.18 Y457.43 Z0.10 nX0.000 nY0.000 nZ-1.000 E4837.88 F6000
G1 X569.67 Y457.53 Z0.10 nX0.000 nY0.000 nZ-1.000 E4841.31 F6000
G1 X570.65 Y457.73 Z0.10 nX0.000 nY0.000 nZ-1.000 E4843.61 F6000
G1 X571.76 Y458.12 Z0.10 nX0.000 nY0.000 nZ-1.000 E4846.31 F6000
G1 X572.66 Y458.58 Z0.10 nX0.000 nY0.000 nZ-1.000 E4848.61 F6000
G1 X573.89 Y459.42 Z0.10 nX0.000 nY0.000 nZ-1.000 E4852.04 F6000
G1 X615.59 Y492.59 Z0.13 nX0.000 nY0.000 nZ-1.000 E4974.25 F6000
G1 X618.40 Y494.45 Z0.13 nX0.000 nY0.000 nZ-1.000 E4981.99 F6000
G1 X621.89 Y495.97 Z0.14 nX0.000 nY0.000 nZ-1.000 E4990.72 F6000
G1 X625.60 Y496.86 Z0.14 nX0.000 nY0.000 nZ-1.000 E4999.45 F6000
G1 X628.97 Y497.07 Z0.14 nX0.000 nY0.000 nZ-1.000 E5007.20 F6000
G1 X689.97 Y495.47 Z0.18 nX0.000 nY0.000 nZ-1.000 E5147.19 F6000
G1 X689.87 Y491.47 Z0.18 nX0.000 nY0.000 nZ-1.000 E5156.36 F6000
G1 X629.04 Y493.06 Z0.21 nX0.000 nY0.000 nZ-1.000 E5295.94 F6000
G1 X626.19 Y492.89 Z0.21 nX0.000 nY0.000 nZ-1.000 E5302.49 F6000
G1 X623.17 Y492.16 Z0.22 nX0.000 nY0.000 nZ-1.000 E5309.61 F6000
G1 X620.32 Y490.93 Z0.22 nX0.000 nY0.000 nZ-1.000 E5316.74 F6000
G1 X617.94 Y489.35 Z0.22 nX0.000 nY0.000 nZ-1.000 E5323.28 F6000
G1 X576.27 Y456.21 Z0.25 nX0.000 nY0.000 nZ-1.000 E5445.41 F6000
G1 X574.70 Y455.13 Z0.25 nX0.000 nY0.000 nZ-1.000 E5449.77 F6000
G1 X573.34 Y454.43 Z0.25 nX0.000 nY0.000 nZ-1.000 E5453.29 F6000
G1 X571.72 Y453.87 Z0.25 nX0.000 nY0.000 nZ-1.000 E5457.22 F6000
G1 X570.22 Y453.56 Z0.25 nX0.000 nY0.000 nZ-1.000 E5460.74 F6000
G1 X568.32 Y453.43 Z0.26 nX0.000 nY0.000 nZ-1.000 E5465.10 F6000
G1 X529.19 Y453.43 Z0.28 nX0.000 nY0.000 nZ-1.000 E5554.86 F6000
G1 X527.47 Y453.54 Z0.28 nX0.000 nY0.000 nZ-1.000 E5558.81 F6000
G1 X525.64 Y453.92 Z0.28 nX0.000 nY0.000 nZ-1.000 E5563.10 F6000
G1 X524.19 Y454.43 Z0.28 nX0.000 nY0.000 nZ-1.000 E5566.62 F6000
G1 X522.81 Y455.13 Z0.28 nX0.000 nY0.000 nZ-1.000 E5570.17 F6000
G1 X521.24 Y456.21 Z0.28 nX0.000 nY0.000 nZ-1.000 E5574.53 F6000
G1 X479.58 Y489.35 Z0.31 nX0.000 nY0.000 nZ-1.000 E5696.66 F6000
G1 X477.78 Y490.54 Z0.31 nX0.000 nY0.000 nZ-1.000 E5701.61 F6000
G1 X476.51 Y486.82 Z0.32 nX0.000 nY0.000 nZ-1.000 E5710.62 F6000
G1 X477.34 Y486.27 Z0.32 nX0.000 nY0.000 nZ-1.000 E5712.90 F6000
G1 X518.98 Y453.15 Z0.35 nX0.000 nY0.000 nZ-1.000 E5834.95 F6000
G1 X520.87 Y451.85 Z0.35 nX0.000 nY0.000 nZ-1.000 E5840.20 F6000
G1 X522.69 Y450.93 Z0.35 nX0.000 nY0.000 nZ-1.000 E5844.89 F6000
G1 X524.61 Y450.25 Z0.35 nX0.000 nY0.000 nZ-1.000 E5849.57 F6000
G1 X526.96 Y449.77 Z0.35 nX0.000 nY0.000 nZ-1.000 E5855.07 F6000
G1 X529.06 Y449.63 Z0.35 nX0.000 nY0.000 nZ-1.000 E5859.89 F6000
G1 X567.80 Y449.63 Z0.38 nX0.000 nY0.000 nZ-1.000 E5948.75 F6000
G1 X570.73 Y449.79 Z0.38 nX0.000 nY0.000 nZ-1.000 E5955.49 F6000
G1 X572.73 Y450.20 Z0.38 nX0.000 nY0.000 nZ-1.000 E5960.17 F6000
G1 X574.83 Y450.93 Z0.38 nX0.000 nY0.000 nZ-1.000 E5965.27 F6000
G1 X576.65 Y451.85 Z0.38 nX0.000 nY0.000 nZ-1.000 E5969.95 F6000
G1 X578.53 Y453.15 Z0.38 nX0.000 nY0.000 nZ-1.000 E5975.19 F6000
G1 X620.18 Y486.27 Z0.41 nX0.000 nY0.000 nZ-1.000 E6097.24 F6000
G1 X622.14 Y487.57 Z0.42 nX0.000 nY0.000 nZ-1.000 E6102.64 F6000
G1 X624.38 Y488.55 Z0.42 nX0.000 nY0.000 nZ-1.000 E6108.24 F6000
G1 X626.75 Y489.12 Z0.42 nX0.000 nY0.000 nZ-1.000 E6113.84 F6000
G1 X629.10 Y489.26 Z0.42 nX0.000 nY0.000 nZ-1.000 E6119.24 F6000
G1 X691.77 Y487.62 Z0.46 nX0.000 nY0.000 nZ-1.000 E6263.03 F6000
G1 X690.98 Y457.63 Z0.47 nX0.000 nY0.000 nZ-1.000 E6331.85 F6000
G1 X695.98 Y457.50 Z0.48 nX0.000 nY0.000 nZ-1.000 E6343.32 F6000
G1 X696.77 Y487.49 Z0.49 nX0.000 nY0.000 nZ-1.000 E6412.13 F6000
G1 X702.88 Y487.33 Z0.50 nX0.000 nY0.000 nZ-1.000 E6426.17 F6000
G1 X701.27 Y491.17 Z0.50 nX0.000 nY0.000 nZ-1.000 E6435.73 F6000
;Layer 2
G1 X698.87 Y491.23 Z0.50 nX0.000 nY0.000 nZ-1.000 E6441.24 F6000
G1 X698.97 Y495.23 Z0.50 nX0.000 nY0.000 nZ-1.000 E6450.42 F6000
G1 X791.01 Y492.82 Z0.56 nX0.000 nY0.000 nZ-1.000 E6661.61 F6000
G1 X791.01 Y492.62 Z0.56 nX0.000 nY0.000 nZ-1.000 E6662.06 F6000
G1 X792.96 Y492.62 Z0.56 nX0.000 nY0.000 nZ-1.000 E6666.54 F6000
G1 X792.96 Y488.77 Z0.56 nX0.000 nY0.000 nZ-1.000 E6675.38 F6000
G1 X705.06 Y491.07 Z0.61 nX0.000 nY0.000 nZ-1.000 E6877.06 F6000
G1 X706.75 Y487.23 Z0.61 nX0.000 nY0.000 nZ-1.000 E6886.69 F6000
G1 X796.73 Y484.87 Z0.66 nX0.000 nY0.000 nZ-1.000 E7093.15 F6000
G1 X796.76 Y485.84 Z0.66 nX0.000 nY0.000 nZ-1.000 E7095.38 F6000
G1 X796.76 Y568.63 Z0.71 nX0.000 nY0.000 nZ-1.000 E7285.27 F6000
G1 X736.76 Y568.63 Z0.75 nX0.000 nY0.000 nZ-1.000 E7422.90 F6000
G1 X736.76 Y598.63 Z0.76 nX0.000 nY0.000 nZ-1.000 E7491.71 F6000
G1 X731.76 Y598.63 Z0.77 nX0.000 nY0.000 nZ-1.000 E7503.18 F6000
G1 X731.76 Y568.63 Z0.78 nX0.000 nY0.000 nZ-1.000 E7571.99 F6000
G1 X598.19 Y568.63 Z0.86 nX0.000 nY0.000 nZ-1.000 E7878.37 F6000
G1 X567.69 Y461.43 Z0.92 nX0.000 nY0.000 nZ-1.000 E8134.02 F6000
G1 X529.83 Y461.43 Z0.95 nX0.000 nY0.000 nZ-1.000 E8220.85 F6000
G1 X499.33 Y568.63 Z1.01 nX0.000 nY0.000 nZ-1.000 E8476.50 F6000
G1 X365.76 Y568.63 Z1.09 nX0.000 nY0.000 nZ-1.000 E8782.88 F6000
G1 X365.76 Y598.63 Z1.10 nX0.000 nY0.000 nZ-1.000 E8851.69 F6000
G1 X360.76 Y598.63 Z1.11 nX0.000 nY0.000 nZ-1.000 E8863.16 F6000
G1 X360.76 Y568.63 Z1.13 nX0.000 nY0.000 nZ-1.000 E8931.97 F6000
G1 X300.76 Y568.63 Z1.16 nX0.000 nY0.000 nZ-1.000 E9069.60 F6000
G1 X300.76 Y485.84 Z1.21 nX0.000 nY0.000 nZ-1.000 E9259.49 F6000
G1 X300.78 Y484.87 Z1.21 nX0.000 nY0.000 nZ-1.000 E9261.72 F6000
G1 X333.14 Y485.72 Z1.23 nX0.000 nY0.000 nZ-1.000 E9335.97 F6000
G1 X333.50 Y489.53 Z1.23 nX0.000 nY0.000 nZ-1.000 E9344.75 F6000
G1 X304.56 Y488.77 Z1.25 nX0.000 nY0.000 nZ-1.000 E9411.15 F6000
G1 X304.56 Y492.62 Z1.25 nX0.000 nY0.000 nZ-1.000 E9419.99 F6000
G1 X306.51 Y492.62 Z1.25 nX0.000 nY0.000 nZ-1.000 E9424.46 F6000
G1 X306.51 Y492.82 Z1.25 nX0.000 nY0.000 nZ-1.000 E9424.92 F6000
G1 X398.55 Y495.23 Z1.30 nX0.000 nY0.000 nZ-1.000 E9636.11 F6000
G1 X398.65 Y491.23 Z1.30 nX0.000 nY0.000 nZ-1.000 E9645.29 F6000
G1 X337.29 Y489.63 Z1.34 nX0.000 nY0.000 nZ-1.000 E9786.07 F6000
G1 X336.94 Y485.82 Z1.34 nX0.000 nY0.000 nZ-1.000 E9794.85 F6000
G1 X400.75 Y487.49 Z1.38 nX0.000 nY0.000 nZ-1.000 E9941.26 F6000
G1 X401.53 Y457.50 Z1.40 nX0.000 nY0.000 nZ-1.000 E10010.07 F6000
G1 X406.53 Y457.63 Z1.40 nX0.000 nY0.000 nZ-1.000 E10021.54 F6000
G1 X405.75 Y487.62 Z1.42 nX0.000 nY0.000 nZ-1.000 E10090.35 F6000
G1 X468.41 Y489.26 Z1.45 nX0.000 nY0.000 nZ-1.000 E10234.15 F6000
G1 X470.76 Y489.12 Z1.45 nX0.000 nY0.000 nZ-1.000 E10239.55 F6000
G1 X473.14 Y488.55 Z1.45 nX0.000 nY0.000 nZ-1.000 E10245.15 F6000
G1 X474.35 Y492.16 Z1.46 nX0.000 nY0.000 nZ-1.000 E10253.90 F6000
G1 X471.33 Y492.89 Z1.46 nX0.000 nY0.000 nZ-1.000 E10261.02 F6000
G1 X468.48 Y493.06 Z1.46 nX0.000 nY0.000 nZ-1.000 E10267.56 F6000
G1 X407.65 Y491.47 Z1.50 nX0.000 nY0.000 nZ-1.000 E10407.15 F6000
G1 X407.54 Y495.47 Z1.50 nX0.000 nY0.000 nZ-1.000 E10416.32 F6000
G1 X468.55 Y497.07 Z1.53 nX0.000 nY0.000 nZ-1.000 E10556.31 F6000
G1 X471.92 Y496.86 Z1.53 nX0.000 nY0.000 nZ-1.000 E10564.05 F6000
G1 X475.62 Y495.97 Z1.54 nX0.000 nY0.000 nZ-1.000 E10572.79 F6000
G1 X479.11 Y494.45 Z1.54 nX0.000 nY0.000 nZ-1.000 E10581.52 F6000
G1 X481.93 Y492.59 Z1.54 nX0.000 nY0.000 nZ-1.000 E10589.26 F6000
G1 X523.62 Y459.43 Z1.57 nX0.000 nY0.000 nZ-1.000 E10711.44 F6000
G1 X524.91 Y458.55 Z1.57 nX0.000 nY0.000 nZ-1.000 E10715.04 F6000
G1 X525.71 Y458.14 Z1.57 nX0.000 nY0.000 nZ-1.000 E10717.11 F6000
G1 X526.90 Y457.73 Z1.57 nX0.000 nY0.000 nZ-1.000 E10719.99 F6000
G1 X527.79 Y457.55 Z1.57 nX0.000 nY0.000 nZ-1.000 E10722.06 F6000
G1 X529.35 Y457.43 Z1.58 nX0.000 nY0.000 nZ-1.000 E10725.65 F6000
G1 X568.17 Y457.43 Z1.60 nX0.000 nY0.000 nZ-1.000 E10814.69 F6000
G1 X569.73 Y457.54 Z1.60 nX0.000 nY0.000 nZ-1.000 E10818.29 F6000
G1 X570.61 Y457.72 Z1.60 nX0.000 nY0.000 nZ-1.000 E10820.36 F6000
G1 X571.80 Y458.14 Z1.60 nX0.000 nY0.000 nZ-1.000 E10823.24 F6000
G1 X572.61 Y458.55 Z1.60 nX0.000 nY0.000 nZ-1.000 E10825.32 F6000
G1 X573.90 Y459.43 Z1.60 nX0.000 nY0.000 nZ-1.000 E10828.91 F6000
G1 X615.59 Y492.59 Z1.63 nX0.000 nY0.000 nZ-1.000 E10951.09 F6000
G1 X618.40 Y494.45 Z1.63 nX0.000 nY0.000 nZ-1.000 E10958.83 F6000
G1 X621.89 Y495.97 Z1.64 nX0.000 nY0.000 nZ-1.000 E10967.57 F6000
G1 X625.60 Y496.86 Z1.64 nX0.000 nY0.000 nZ-1.000 E10976.30 F6000
G1 X628.97 Y497.07 Z1.64 nX0.000 nY0.000 nZ-1.000 E10984.04 F6000
G1 X689.97 Y495.47 Z1.68 nX0.000 nY0.000 nZ-1.000 E11124.03 F6000
G1 X689.87 Y491.47 Z1.68 nX0.000 nY0.000 nZ-1.000 E11133.20 F6000
G1 X629.04 Y493.06 Z1.71 nX0.000 nY0.000 nZ-1.000 E11272.79 F6000
G1 X626.19 Y492.89 Z1.71 nX0.000 nY0.000 nZ-1.000 E11279.33 F6000
G1 X623.17 Y492.16 Z1.72 nX0.000 nY0.000 nZ-1.000 E11286.46 F6000
G1 X620.32 Y490.93 Z1.72 nX0.000 nY0.000 nZ-1.000 E11293.58 F6000
G1 X617.94 Y489.35 Z1.72 nX0.000 nY0.000 nZ-1.000 E11300.12 F6000
G1 X576.28 Y456.21 Z1.75 nX0.000 nY0.000 nZ-1.000 E11422.23 F6000
G1 X574.65 Y455.10 Z1.75 nX0.000 nY0.000 nZ-1.000 E11426.76 F6000
G1 X573.37 Y454.45 Z1.75 nX0.000 nY0.000 nZ-1.000 E11430.05 F6000
G1 X571.68 Y453.86 Z1.75 nX0.000 nY0.000 nZ-1.000 E11434.15 F6000
G1 X570.28 Y453.57 Z1.75 nX0.000 nY0.000 nZ-1.000 E11437.44 F6000
G1 X568.31 Y453.43 Z1.76 nX0.000 nY0.000 nZ-1.000 E11441.96 F6000
G1 X529.20 Y453.43 Z1.78 nX0.000 nY0.000 nZ-1.000 E11531.66 F6000
G1 X527.24 Y453.57 Z1.78 nX0.000 nY0.000 nZ-1.000 E11536.19 F6000
G1 X525.83 Y453.86 Z1.78 nX0.000 nY0.000 nZ-1.000 E11539.47 F6000
G1 X524.14 Y454.45 Z1.78 nX0.000 nY0.000 nZ-1.000 E11543.58 F6000
G1 X522.87 Y455.10 Z1.78 nX0.000 nY0.000 nZ-1.000 E11546.86 F6000
G1 X521.24 Y456.21 Z1.78 nX0.000 nY0.000 nZ-1.000 E11551.39 F6000
G1 X479.58 Y489.35 Z1.81 nX0.000 nY0.000 nZ-1.000 E11673.50 F6000
G1 X477.78 Y490.54 Z1.81 nX0.000 nY0.000 nZ-1.000 E11678.45 F6000
G1 X476.51 Y486.82 Z1.82 nX0.000 nY0.000 nZ-1.000 E11687.46 F6000
G1 X477.34 Y486.27 Z1.82 nX0.000 nY0.000 nZ-1.000 E11689.74 F6000
G1 X518.98 Y453.15 Z1.85 nX0.000 nY0.000 nZ-1.000 E11811.79 F6000
G1 X520.93 Y451.82 Z1.85 nX0.000 nY0.000 nZ-1.000 E11817.20 F6000
G1 X522.65 Y450.95 Z1.85 nX0.000 nY0.000 nZ-1.000 E11821.64 F6000
G1 X524.82 Y450.19 Z1.85 nX0.000 nY0.000 nZ-1.000 E11826.90 F6000
G1 X526.72 Y449.80 Z1.85 nX0.000 nY0.000 nZ-1.000 E11831.34 F6000
G1 X529.07 Y449.63 Z1.85 nX0.000 nY0.000 nZ-1.000 E11836.75 F6000
G1 X567.87 Y449.63 Z1.88 nX0.000 nY0.000 nZ-1.000 E11925.75 F6000
G1 X570.80 Y449.80 Z1.88 nX0.000 nY0.000 nZ-1.000 E11932.49 F6000
G1 X572.70 Y450.19 Z1.88 nX0.000 nY0.000 nZ-1.000 E11936.93 F6000
G1 X574.86 Y450.95 Z1.88 nX0.000 nY0.000 nZ-1.000 E11942.19 F6000
G1 X576.59 Y451.82 Z1.88 nX0.000 nY0.000 nZ-1.000 E11946.63 F6000
G1 X578.54 Y453.15 Z1.88 nX0.000 nY0.000 nZ-1.000 E11952.04 F6000
G1 X620.18 Y486.27 Z1.91 nX0.000 nY0.000 nZ-1.000 E12074.08 F6000
G1 X622.14 Y487.57 Z1.92 nX0.000 nY0.000 nZ-1.000 E12079.48 F6000
G1 X624.38 Y488.55 Z1.92 nX0.000 nY0.000 nZ-1.000 E12085.08 F6000
G1 X626.75 Y489.12 Z1.92 nX0.000 nY0.000 nZ-1.000 E12090.68 F6000
G1 X629.10 Y489.26 Z1.92 nX0.000 nY0.000 nZ-1.000 E12096.08 F6000
G1 X691.77 Y487.62 Z1.96 nX0.000 nY0.000 nZ-1.000 E12239.87 F6000
G1 X690.98 Y457.63 Z1.97 nX0.000 nY0.000 nZ-1.000 E12308.69 F6000
G1 X695.98 Y457.50 Z1.98 nX0.000 nY0.000 nZ-1.000 E12320.16 F6000
G1 X696.77 Y487.49 Z1.99 nX0.000 nY0.000 nZ-1.000 E12388.97 F6000
G1 X702.95 Y487.33 Z2.00 nX0.000 nY0.000 nZ-1.000 E12403.17 F6000
G1 X701.27 Y491.17 Z2.00 nX0.000 nY0.000 nZ-1.000 E12412.80 F6000
;Layer 3
G1 X698.87 Y491.23 Z2.00 nX0.000 nY0.000 nZ-1.000 E12418.31 F6000
G1 X698.97 Y495.23 Z2.00 nX0.000 nY0.000 nZ-1.000 E12427.48 F6000
G1 X791.01 Y492.82 Z2.06 nX0.000 nY0.000 nZ-1.000 E12638.67 F6000
G1 X791.01 Y492.62 Z2.06 nX0.000 nY0.000 nZ-1.000 E12639.13 F6000
G1 X792.96 Y492.62 Z2.06 nX0.000 nY0.000 nZ-1.000 E12643.61 F6000
G1 X792.96 Y488.77 Z2.06 nX0.000 nY0.000 nZ-1.000 E12652.45 F6000
G1 X705.06 Y491.07 Z2.11 nX0.000 nY0.000 nZ-1.000 E12854.12 F6000
G1 X706.66 Y487.37 Z2.11 nX0.000 nY0.000 nZ-1.000 E12863.38 F6000
G1 X796.73 Y484.87 Z2.16 nX0.000 nY0.000 nZ-1.000 E13070.06 F6000
G1 X796.76 Y485.84 Z2.16 nX0.000 nY0.000 nZ-1.000 E13072.29 F6000
G1 X796.76 Y568.63 Z2.21 nX0.000 nY0.000 nZ-1.000 E13262.18 F6000
G1 X736.76 Y568.63 Z2.25 nX0.000 nY0.000 nZ-1.000 E13399.80 F6000
G1 X736.76 Y598.63 Z2.26 nX0.000 nY0.000 nZ-1.000 E13468.62 F6000
G1 X731.76 Y598.63 Z2.27 nX0.000 nY0.000 nZ-1.000 E13480.09 F6000
G1 X731.76 Y568.63 Z2.28 nX0.000 nY0.000 nZ-1.000 E13548.90 F6000
G1 X598.19 Y568.63 Z2.36 nX0.000 nY0.000 nZ-1.000 E13855.27 F6000
G1 X567.69 Y461.43 Z2.43 nX0.000 nY0.000 nZ-1.000 E14110.92 F6000
G1 X529.83 Y461.43 Z2.45 nX0.000 nY0.000 nZ-1.000 E14197.75 F6000
G1 X499.33 Y568.63 Z2.51 nX0.000 nY0.000 nZ-1.000 E14453.40 F6000
G1 X365.76 Y568.63 Z2.59 nX0.000 nY0.000 nZ-1.000 E14759.78 F6000
G1 X365.76 Y598.63 Z2.61 nX0.000 nY0.000 nZ-1.000 E14828.60 F6000
G1 X360.76 Y598.63 Z2.61 nX0.000 nY0.000 nZ-1.000 E14840.07 F6000
G1 X360.76 Y568.63 Z2.63 nX0.000 nY0.000 nZ-1.000 E14908.88 F6000
G1 X300.76 Y568.63 Z2.66 nX0.000 nY0.000 nZ-1.000 E15046.50 F6000
G1 X300.76 Y485.84 Z2.71 nX0.000 nY0.000 nZ-1.000 E15236.39 F6000
G1 X300.78 Y484.87 Z2.71 nX0.000 nY0.000 nZ-1.000 E15238.63 F6000
G1 X313.76 Y485.21 Z2.72 nX0.000 nY0.000 nZ-1.000 E15268.41 F6000
G1 X314.50 Y489.03 Z2.72 nX0.000 nY0.000 nZ-1.000 E15277.34 F6000
G1 X304.56 Y488.77 Z2.72 nX0.000 nY0.000 nZ-1.000 E15300.15 F6000
G1 X304.56 Y492.62 Z2.73 nX0.000 nY0.000 nZ-1.000 E15308.99 F6000
G1 X306.51 Y492.62 Z2.73 nX0.000 nY0.000 nZ-1.000 E15313.47 F6000
G1 X306.51 Y492.82 Z2.73 nX0.000 nY0.000 nZ-1.000 E15313.93 F6000
G1 X398.55 Y495.23 Z2.78 nX0.000 nY0.000 nZ-1.000 E15525.12 F6000
G1 X398.65 Y491.23 Z2.78 nX0.000 nY0.000 nZ-1.000 E15534.30 F6000
G1 X318.30 Y489.13 Z2.83 nX0.000 nY0.000 nZ-1.000 E15718.66 F6000
G1 X317.56 Y485.31 Z2.83 nX0.000 nY0.000 nZ-1.000 E15727.59 F6000
G1 X400.75 Y487.49 Z2.88 nX0.000 nY0.000 nZ-1.000 E15918.46 F6000
G1 X401.53 Y457.50 Z2.90 nX0.000 nY0.000 nZ-1.000 E15987.27 F6000
G1 X406.53 Y457.63 Z2.90 nX0.000 nY0.000 nZ-1.000 E15998.74 F6000
G1 X405.75 Y487.62 Z2.92 nX0.000 nY0.000 nZ-1.000 E16067.56 F6000
G1 X468.41 Y489.26 Z2.95 nX0.000 nY0.000 nZ-1.000 E16211.35 F6000
G1 X470.76 Y489.12 Z2.95 nX0.000 nY0.000 nZ-1.000 E16216.75 F6000
G1 X473.14 Y488.55 Z2.95 nX0.000 nY0.000 nZ-1.000 E16222.35 F6000
G1 X474.35 Y492.16 Z2.96 nX0.000 nY0.000 nZ-1.000 E16231.10 F6000
G1 X471.33 Y492.89 Z2.96 nX0.000 nY0.000 nZ-1.000 E16238.22 F6000
G1 X468.48 Y493.06 Z2.96 nX0.000 nY0.000 nZ-1.000 E16244.76 F6000
G1 X407.65 Y491.47 Z3.00 nX0.000 nY0.000 nZ-1.000 E16384.35 F6000
G1 X407.54 Y495.47 Z3.00 nX0.000 nY0.000 nZ-1.000 E16393.52 F6000
G1 X468.55 Y497.07 Z3.03 nX0.000 nY0.000 nZ-1.000 E16533.51 F6000
G1 X471.92 Y496.86 Z3.03 nX0.000 nY0.000 nZ-1.000 E16541.25 F6000
G1 X475.62 Y495.97 Z3.04 nX0.000 nY0.000 nZ-1.000 E16549.99 F6000
G1 X479.11 Y494.45 Z3.04 nX0.000 nY0.000 nZ-1.000 E16558.72 F6000
G1 X481.93 Y492.59 Z3.04 nX0.000 nY0.000 nZ-1.000 E16566.46 F6000
G1 X523.66 Y459.40 Z3.07 nX0.000 nY0.000 nZ-1.000 E16688.77 F6000
G1 X524.80 Y458.60 Z3.07 nX0.000 nY0.000 nZ-1.000 E16691.95 F6000
G1 X525.73 Y458.13 Z3.07 nX0.000 nY0.000 nZ-1.000 E16694.34 F6000
G1 X526.70 Y457.78 Z3.07 nX0.000 nY0.000 nZ-1.000 E16696.71 F6000
G1 X527.90 Y457.52 Z3.07 nX0.000 nY0.000 nZ-1.000 E16699.54 F6000
G1 X529.29 Y457.43 Z3.08 nX0.000 nY0.000 nZ-1.000 E16702.74 F6000
G1 X568.22 Y457.43 Z3.10 nX0.000 nY0.000 nZ-1.000 E16792.03 F6000
G1 X569.61 Y457.52 Z3.10 nX0.000 nY0.000 nZ-1.000 E16795.21 F6000
G1 X570.58 Y457.71 Z3.10 nX0.000 nY0.000 nZ-1.000 E16797.48 F6000
G1 X571.84 Y458.15 Z3.10 nX0.000 nY0.000 nZ-1.000 E16800.55 F6000
G1 X572.72 Y458.60 Z3.10 nX0.000 nY0.000 nZ-1.000 E16802.81 F6000
G1 X573.86 Y459.40 Z3.10 nX0.000 nY0.000 nZ-1.000 E16806.00 F6000
G1 X615.59 Y492.59 Z3.13 nX0.000 nY0.000 nZ-1.000 E16928.30 F6000
G1 X618.40 Y494.45 Z3.13 nX0.000 nY0.000 nZ-1.000 E16936.05 F6000
G1 X621.89 Y495.97 Z3.14 nX0.000 nY0.000 nZ-1.000 E16944.78 F6000
G1 X625.60 Y496.86 Z3.14 nX0.000 nY0.000 nZ-1.000 E16953.51 F6000
G1 X628.97 Y497.07 Z3.14 nX0.000 nY0.000 nZ-1.000 E16961.26 F6000
G1 X689.97 Y495.47 Z3.18 nX0.000 nY0.000 nZ-1.000 E17101.24 F6000
G1 X689.87 Y491.47 Z3.18 nX0.000 nY0.000 nZ-1.000 E17110.42 F6000
G1 X629.04 Y493.06 Z3.21 nX0.000 nY0.000 nZ-1.000 E17250.00 F6000
G1 X626.19 Y492.89 Z3.21 nX0.000 nY0.000 nZ-1.000 E17256.54 F6000
G1 X623.17 Y492.16 Z3.22 nX0.000 nY0.000 nZ-1.000 E17263.67 F6000
G1 X620.32 Y490.93 Z3.22 nX0.000 nY0.000 nZ-1.000 E17270.79 F6000
G1 X617.94 Y489.35 Z3.22 nX0.000 nY0.000 nZ-1.000 E17277.34 F6000
G1 X576.25 Y456.19 Z3.25 nX0.000 nY0.000 nZ-1.000 E17399.52 F6000
G1 X574.78 Y455.16 Z3.25 nX0.000 nY0.000 nZ-1.000 E17403.64 F6000
G1 X573.41 Y454.47 Z3.25 nX0.000 nY0.000 nZ-1.000 E17407.17 F6000
G1 X571.64 Y453.85 Z3.25 nX0.000 nY0.000 nZ-1.000 E17411.45 F6000
G1 X570.14 Y453.54 Z3.25 nX0.000 nY0.000 nZ-1.000 E17414.99 F6000
G1 X568.34 Y453.43 Z3.26 nX0.000 nY0.000 nZ-1.000 E17419.11 F6000
G1 X529.17 Y453.43 Z3.28 nX0.000 nY0.000 nZ-1.000 E17508.96 F6000
G1 X527.38 Y453.54 Z3.28 nX0.000 nY0.000 nZ-1.000 E17513.08 F6000
G1 X526.16 Y453.79 Z3.28 nX0.000 nY0.000 nZ-1.000 E17515.93 F6000
G1 X525.43 Y453.99 Z3.28 nX0.000 nY0.000 nZ-1.000 E17517.67 F6000
G1 X524.14 Y454.45 Z3.28 nX0.000 nY0.000 nZ-1.000 E17520.82 F6000
G1 X522.74 Y455.16 Z3.28 nX0.000 nY0.000 nZ-1.000 E17524.42 F6000
G1 X521.26 Y456.19 Z3.28 nX0.000 nY0.000 nZ-1.000 E17528.54 F6000
G1 X479.58 Y489.35 Z3.31 nX0.000 nY0.000 nZ-1.000 E17650.73 F6000
G1 X477.78 Y490.54 Z3.31 nX0.000 nY0.000 nZ-1.000 E17655.68 F6000
G1 X476.51 Y486.82 Z3.32 nX0.000 nY0.000 nZ-1.000 E17664.69 F6000
G1 X477.34 Y486.27 Z3.32 nX0.000 nY0.000 nZ-1.000 E17666.97 F6000
G1 X518.99 Y453.15 Z3.35 nX0.000 nY0.000 nZ-1.000 E17789.04 F6000
G1 X520.94 Y451.81 Z3.35 nX0.000 nY0.000 nZ-1.000 E17794.47 F6000
G1 X522.63 Y450.96 Z3.35 nX0.000 nY0.000 nZ-1.000 E17798.81 F6000
G1 X524.39 Y450.32 Z3.35 nX0.000 nY0.000 nZ-1.000 E17803.11 F6000
G1 X525.30 Y450.08 Z3.35 nX0.000 nY0.000 nZ-1.000 E17805.27 F6000
G1 X526.70 Y449.80 Z3.35 nX0.000 nY0.000 nZ-1.000 E17808.53 F6000
G1 X529.06 Y449.63 Z3.35 nX0.000 nY0.000 nZ-1.000 E17813.96 F6000
G1 X567.48 Y449.63 Z3.38 nX0.000 nY0.000 nZ-1.000 E17902.09 F6000
G1 X570.42 Y449.75 Z3.38 nX0.000 nY0.000 nZ-1.000 E17908.84 F6000
G1 X570.82 Y449.80 Z3.38 nX0.000 nY0.000 nZ-1.000 E17909.76 F6000
G1 X572.66 Y450.18 Z3.38 nX0.000 nY0.000 nZ-1.000 E17914.07 F6000
G1 X574.90 Y450.96 Z3.38 nX0.000 nY0.000 nZ-1.000 E17919.51 F6000
G1 X576.58 Y451.81 Z3.38 nX0.000 nY0.000 nZ-1.000 E17923.82 F6000
G1 X578.53 Y453.15 Z3.38 nX0.000 nY0.000 nZ-1.000 E17929.25 F6000
G1 X620.18 Y486.27 Z3.41 nX0.000 nY0.000 nZ-1.000 E18051.32 F6000
G1 X622.14 Y487.57 Z3.42 nX0.000 nY0.000 nZ-1.000 E18056.72 F6000
G1 X624.38 Y488.55 Z3.42 nX0.000 nY0.000 nZ-1.000 E18062.32 F6000
G1 X626.75 Y489.12 Z3.42 nX0.000 nY0.000 nZ-1.000 E18067.92 F6000
G1 X629.10 Y489.26 Z3.42 nX0.000 nY0.000 nZ-1.000 E18073.32 F6000
G1 X691.77 Y487.62 Z3.46 nX0.000 nY0.000 nZ-1.000 E18217.11 F6000
G1 X690.98 Y457.63 Z3.47 nX0.000 nY0.000 nZ-1.000 E18285.92 F6000
G1 X695.98 Y457.50 Z3.48 nX0.000 nY0.000 nZ-1.000 E18297.39 F6000
G1 X696.77 Y487.49 Z3.49 nX0.000 nY0.000 nZ-1.000 E18366.20 F6000
G1 X702.57 Y487.34 Z3.50 nX0.000 nY0.000 nZ-1.000 E18379.52 F6000
G1 X701.27 Y491.17 Z3.50 nX0.000 nY0.000 nZ-1.000 E18388.81 F6000
;Layer 4
G1 X629.04 Y493.06 Z3.54 nX0.000 nY0.000 nZ-1.000 E18554.55 F6000
G1 X626.19 Y492.89 Z3.55 nX0.000 nY0.000 nZ-1.000 E18561.09 F6000
G1 X623.17 Y492.16 Z3.55 nX0.000 nY0.000 nZ-1.000 E18568.21 F6000
G1 X620.32 Y490.93 Z3.55 nX0.000 nY0.000 nZ-1.000 E18575.34 F6000
G1 X617.94 Y489.35 Z3.55 nX0.000 nY0.000 nZ-1.000 E18581.88 F6000
G1 X576.25 Y456.19 Z3.59 nX0.000 nY0.000 nZ-1.000 E18704.07 F6000
G1 X574.92 Y455.26 Z3.59 nX0.000 nY0.000 nZ-1.000 E18707.79 F6000
G1 X573.33 Y454.44 Z3.59 nX0.000 nY0.000 nZ-1.000 E18711.90 F6000
G1 X571.65 Y453.85 Z3.59 nX0.000 nY0.000 nZ-1.000 E18715.98 F6000
G1 X570.26 Y453.56 Z3.59 nX0.000 nY0.000 nZ-1.000 E18719.23 F6000
G1 X568.35 Y453.43 Z3.59 nX0.000 nY0.000 nZ-1.000 E18723.63 F6000
G1 X529.16 Y453.43 Z3.62 nX0.000 nY0.000 nZ-1.000 E18813.51 F6000
G1 X527.25 Y453.56 Z3.62 nX0.000 nY0.000 nZ-1.000 E18817.91 F6000
G1 X525.87 Y453.86 Z3.62 nX0.000 nY0.000 nZ-1.000 E18821.16 F6000
G1 X524.19 Y454.43 Z3.62 nX0.000 nY0.000 nZ-1.000 E18825.23 F6000
G1 X522.85 Y455.10 Z3.62 nX0.000 nY0.000 nZ-1.000 E18828.66 F6000
G1 X521.27 Y456.19 Z3.62 nX0.000 nY0.000 nZ-1.000 E18833.06 F6000
G1 X479.58 Y489.35 Z3.65 nX0.000 nY0.000 nZ-1.000 E18955.26 F6000
G1 X477.78 Y490.54 Z3.66 nX0.000 nY0.000 nZ-1.000 E18960.21 F6000
G1 X476.51 Y486.82 Z3.66 nX0.000 nY0.000 nZ-1.000 E18969.22 F6000
G1 X477.34 Y486.27 Z3.66 nX0.000 nY0.000 nZ-1.000 E18971.51 F6000
G1 X518.99 Y453.14 Z3.69 nX0.000 nY0.000 nZ-1.000 E19093.58 F6000
G1 X520.52 Y452.09 Z3.69 nX0.000 nY0.000 nZ-1.000 E19097.84 F6000
G1 X521.00 Y451.78 Z3.69 nX0.000 nY0.000 nZ-1.000 E19099.16 F6000
G1 X522.62 Y450.96 Z3.69 nX0.000 nY0.000 nZ-1.000 E19103.32 F6000
G1 X523.17 Y450.76 Z3.69 nX0.000 nY0.000 nZ-1.000 E19104.65 F6000
G1 X524.88 Y450.19 Z3.70 nX0.000 nY0.000 nZ-1.000 E19108.80 F6000
G1 X526.63 Y449.81 Z3.70 nX0.000 nY0.000 nZ-1.000 E19112.89 F6000
G1 X527.20 Y449.76 Z3.70 nX0.000 nY0.000 nZ-1.000 E19114.22 F6000
G1 X529.05 Y449.63 Z3.70 nX0.000 nY0.000 nZ-1.000 E19118.48 F6000
G1 X567.97 Y449.65 Z3.72 nX0.000 nY0.000 nZ-1.000 E19207.75 F6000
G1 X570.31 Y449.74 Z3.72 nX0.000 nY0.000 nZ-1.000 E19213.12 F6000
G1 X570.89 Y449.81 Z3.73 nX0.000 nY0.000 nZ-1.000 E19214.45 F6000
G1 X572.64 Y450.17 Z3.73 nX0.000 nY0.000 nZ-1.000 E19218.55 F6000
G1 X574.35 Y450.76 Z3.73 nX0.000 nY0.000 nZ-1.000 E19222.70 F6000
G1 X574.89 Y450.96 Z3.73 nX0.000 nY0.000 nZ-1.000 E19224.02 F6000
G1 X576.51 Y451.78 Z3.73 nX0.000 nY0.000 nZ-1.000 E19228.18 F6000
G1 X577.00 Y452.09 Z3.73 nX0.000 nY0.000 nZ-1.000 E19229.51 F6000
G1 X578.53 Y453.14 Z3.73 nX0.000 nY0.000 nZ-1.000 E19233.77 F6000
G1 X620.18 Y486.27 Z3.76 nX0.000 nY0.000 nZ-1.000 E19355.84 F6000
G1 X622.14 Y487.57 Z3.77 nX0.000 nY0.000 nZ-1.000 E19361.24 F6000
G1 X624.38 Y488.55 Z3.77 nX0.000 nY0.000 nZ-1.000 E19366.84 F6000
G1 X626.75 Y489.12 Z3.77 nX0.000 nY0.000 nZ-1.000 E19372.44 F6000
G1 X629.10 Y489.26 Z3.77 nX0.000 nY0.000 nZ-1.000 E19377.84 F6000
G1 X796.73 Y484.87 Z3.88 nX0.000 nY0.000 nZ-1.000 E19762.48 F6000
G1 X796.76 Y485.84 Z3.88 nX0.000 nY0.000 nZ-1.000 E19764.71 F6000
G1 X796.76 Y568.63 Z3.93 nX0.000 nY0.000 nZ-1.000 E19954.60 F6000
G1 X598.19 Y568.63 Z4.05 nX0.000 nY0.000 nZ-1.000 E20410.07 F6000
G1 X567.69 Y461.43 Z4.12 nX0.000 nY0.000 nZ-1.000 E20665.72 F6000
G1 X529.83 Y461.43 Z4.15 nX0.000 nY0.000 nZ-1.000 E20752.55 F6000
G1 X499.33 Y568.63 Z4.22 nX0.000 nY0.000 nZ-1.000 E21008.20 F6000
G1 X300.76 Y568.63 Z4.34 nX0.000 nY0.000 nZ-1.000 E21463.67 F6000
G1 X300.76 Y485.84 Z4.39 nX0.000 nY0.000 nZ-1.000 E21653.56 F6000
G1 X300.78 Y484.87 Z4.39 nX0.000 nY0.000 nZ-1.000 E21655.79 F6000
G1 X468.41 Y489.26 Z4.50 nX0.000 nY0.000 nZ-1.000 E22040.43 F6000
G1 X470.76 Y489.12 Z4.50 nX0.000 nY0.000 nZ-1.000 E22045.83 F6000
G1 X473.14 Y488.55 Z4.50 nX0.000 nY0.000 nZ-1.000 E22051.43 F6000
G1 X474.35 Y492.16 Z4.51 nX0.000 nY0.000 nZ-1.000 E22060.18 F6000
G1 X471.33 Y492.89 Z4.51 nX0.000 nY0.000 nZ-1.000 E22067.31 F6000
G1 X468.48 Y493.06 Z4.51 nX0.000 nY0.000 nZ-1.000 E22073.85 F6000
G1 X304.56 Y488.77 Z4.61 nX0.000 nY0.000 nZ-1.000 E22449.98 F6000
G1 X304.56 Y492.62 Z4.61 nX0.000 nY0.000 nZ-1.000 E22458.82 F6000
G1 X306.51 Y492.62 Z4.62 nX0.000 nY0.000 nZ-1.000 E22463.30 F6000
G1 X306.51 Y492.82 Z4.62 nX0.000 nY0.000 nZ-1.000 E22463.75 F6000
G1 X468.55 Y497.07 Z4.72 nX0.000 nY0.000 nZ-1.000 E22835.57 F6000
G1 X471.92 Y496.86 Z4.72 nX0.000 nY0.000 nZ-1.000 E22843.32 F6000
G1 X475.62 Y495.97 Z4.72 nX0.000 nY0.000 nZ-1.000 E22852.05 F6000
G1 X479.11 Y494.45 Z4.72 nX0.000 nY0.000 nZ-1.000 E22860.78 F6000
G1 X481.93 Y492.59 Z4.73 nX0.000 nY0.000 nZ-1.000 E22868.52 F6000
G1 X523.67 Y459.39 Z4.76 nX0.000 nY0.000 nZ-1.000 E22990.86 F6000
G1 X524.79 Y458.60 Z4.76 nX0.000 nY0.000 nZ-1.000 E22994.01 F6000
G1 X525.83 Y458.08 Z4.76 nX0.000 nY0.000 nZ-1.000 E22996.66 F6000
G1 X526.91 Y457.72 Z4.76 nX0.000 nY0.000 nZ-1.000 E22999.28 F6000
G1 X527.91 Y457.51 Z4.76 nX0.000 nY0.000 nZ-1.000 E23001.63 F6000
G1 X529.28 Y457.43 Z4.76 nX0.000 nY0.000 nZ-1.000 E23004.78 F6000
G1 X568.24 Y457.43 Z4.79 nX0.000 nY0.000 nZ-1.000 E23094.13 F6000
G1 X569.60 Y457.51 Z4.79 nX0.000 nY0.000 nZ-1.000 E23097.28 F6000
G1 X570.61 Y457.72 Z4.79 nX0.000 nY0.000 nZ-1.000 E23099.63 F6000
G1 X571.69 Y458.08 Z4.79 nX0.000 nY0.000 nZ-1.000 E23102.25 F6000
G1 X572.73 Y458.60 Z4.79 nX0.000 nY0.000 nZ-1.000 E23104.90 F6000
G1 X573.85 Y459.39 Z4.79 nX0.000 nY0.000 nZ-1.000 E23108.05 F6000
G1 X615.59 Y492.59 Z4.83 nX0.000 nY0.000 nZ-1.000 E23230.39 F6000
G1 X618.40 Y494.45 Z4.83 nX0.000 nY0.000 nZ-1.000 E23238.13 F6000
G1 X621.89 Y495.97 Z4.83 nX0.000 nY0.000 nZ-1.000 E23246.86 F6000
G1 X625.60 Y496.86 Z4.83 nX0.000 nY0.000 nZ-1.000 E23255.59 F6000
G1 X628.97 Y497.07 Z4.84 nX0.000 nY0.000 nZ-1.000 E23263.34 F6000
G1 X791.01 Y492.82 Z4.94 nX0.000 nY0.000 nZ-1.000 E23635.16 F6000
G1 X791.01 Y492.62 Z4.94 nX0.000 nY0.000 nZ-1.000 E23635.61 F6000
G1 X792.96 Y492.62 Z4.94 nX0.000 nY0.000 nZ-1.000 E23640.09 F6000
G1 X792.96 Y488.77 Z4.94 nX0.000 nY0.000 nZ-1.000 E23648.93 F6000
G1 X701.27 Y491.17 Z5.00 nX0.000 nY0.000 nZ-1.000 E23859.32 F6000
;Layer 5
G1 X629.04 Y493.06 Z5.04 nX0.000 nY0.000 nZ-1.000 E24025.06 F6000
G1 X626.19 Y492.89 Z5.05 nX0.000 nY0.000 nZ-1.000 E24031.60 F6000
G1 X623.17 Y492.16 Z5.05 nX0.000 nY0.000 nZ-1.000 E24038.73 F6000
G1 X620.32 Y490.93 Z5.05 nX0.000 nY0.000 nZ-1.000 E24045.86 F6000
G1 X617.94 Y489.35 Z5.05 nX0.000 nY0.000 nZ-1.000 E24052.40 F6000
G1 X576.25 Y456.19 Z5.09 nX0.000 nY0.000 nZ-1.000 E24174.60 F6000
G1 X575.01 Y455.31 Z5.09 nX0.000 nY0.000 nZ-1.000 E24178.08 F6000
G1 X574.60 Y455.08 Z5.09 nX0.000 nY0.000 nZ-1.000 E24179.15 F6000
G1 X573.42 Y454.47 Z5.09 nX0.000 nY0.000 nZ-1.000 E24182.19 F6000
G1 X571.69 Y453.86 Z5.09 nX0.000 nY0.000 nZ-1.000 E24186.41 F6000
G1 X570.33 Y453.57 Z5.09 nX0.000 nY0.000 nZ-1.000 E24189.59 F6000
G1 X569.86 Y453.53 Z5.09 nX0.000 nY0.000 nZ-1.000 E24190.67 F6000
G1 X568.36 Y453.43 Z5.09 nX0.000 nY0.000 nZ-1.000 E24194.13 F6000
G1 X529.16 Y453.43 Z5.12 nX0.000 nY0.000 nZ-1.000 E24284.05 F6000
G1 X527.65 Y453.53 Z5.12 nX0.000 nY0.000 nZ-1.000 E24287.51 F6000
G1 X527.18 Y453.57 Z5.12 nX0.000 nY0.000 nZ-1.000 E24288.58 F6000
G1 X525.83 Y453.86 Z5.12 nX0.000 nY0.000 nZ-1.000 E24291.76 F6000
G1 X524.09 Y454.47 Z5.12 nX0.000 nY0.000 nZ-1.000 E24295.99 F6000
G1 X522.91 Y455.07 Z5.12 nX0.000 nY0.000 nZ-1.000 E24299.02 F6000
G1 X522.52 Y455.32 Z5.12 nX0.000 nY0.000 nZ-1.000 E24300.10 F6000
G1 X521.28 Y456.18 Z5.12 nX0.000 nY0.000 nZ-1.000 E24303.56 F6000
G1 X479.58 Y489.35 Z5.15 nX0.000 nY0.000 nZ-1.000 E24425.78 F6000
G1 X477.78 Y490.54 Z5.16 nX0.000 nY0.000 nZ-1.000 E24430.73 F6000
G1 X476.51 Y486.82 Z5.16 nX0.000 nY0.000 nZ-1.000 E24439.74 F6000
G1 X477.34 Y486.27 Z5.16 nX0.000 nY0.000 nZ-1.000 E24442.03 F6000
G1 X518.99 Y453.14 Z5.19 nX0.000 nY0.000 nZ-1.000 E24564.11 F6000
G1 X520.42 Y452.13 Z5.19 nX0.000 nY0.000 nZ-1.000 E24568.12 F6000
G1 X521.07 Y451.74 Z5.19 nX0.000 nY0.000 nZ-1.000 E24569.85 F6000
G1 X522.57 Y450.98 Z5.19 nX0.000 nY0.000 nZ-1.000 E24573.71 F6000
G1 X524.17 Y450.40 Z5.20 nX0.000 nY0.000 nZ-1.000 E24577.61 F6000
G1 X524.89 Y450.17 Z5.20 nX0.000 nY0.000 nZ-1.000 E24579.35 F6000
G1 X526.56 Y449.82 Z5.20 nX0.000 nY0.000 nZ-1.000 E24583.26 F6000
G1 X527.31 Y449.73 Z5.20 nX0.000 nY0.000 nZ-1.000 E24584.99 F6000
G1 X529.05 Y449.63 Z5.20 nX0.000 nY0.000 nZ-1.000 E24589.00 F6000
G1 X567.87 Y449.63 Z5.22 nX0.000 nY0.000 nZ-1.000 E24678.03 F6000
G1 X570.21 Y449.73 Z5.22 nX0.000 nY0.000 nZ-1.000 E24683.41 F6000
G1 X570.96 Y449.82 Z5.23 nX0.000 nY0.000 nZ-1.000 E24685.15 F6000
G1 X572.63 Y450.17 Z5.23 nX0.000 nY0.000 nZ-1.000 E24689.06 F6000
G1 X573.35 Y450.40 Z5.23 nX0.000 nY0.000 nZ-1.000 E24690.79 F6000
G1 X574.95 Y450.98 Z5.23 nX0.000 nY0.000 nZ-1.000 E24694.69 F6000
G1 X576.45 Y451.74 Z5.23 nX0.000 nY0.000 nZ-1.000 E24698.55 F6000
G1 X577.09 Y452.13 Z5.23 nX0.000 nY0.000 nZ-1.000 E24700.29 F6000
G1 X578.52 Y453.14 Z5.23 nX0.000 nY0.000 nZ-1.000 E24704.29 F6000
G1 X620.18 Y486.27 Z5.26 nX0.000 nY0.000 nZ-1.000 E24826.38 F6000
G1 X622.14 Y487.57 Z5.27 nX0.000 nY0.000 nZ-1.000 E24831.78 F6000
G1 X624.38 Y488.55 Z5.27 nX0.000 nY0.000 nZ-1.000 E24837.38 F6000
G1 X626.75 Y489.12 Z5.27 nX0.000 nY0.000 nZ-1.000 E24842.98 F6000
G1 X629.10 Y489.26 Z5.27 nX0.000 nY0.000 nZ-1.000 E24848.38 F6000
G1 X796.73 Y484.87 Z5.38 nX0.000 nY0.000 nZ-1.000 E25233.01 F6000
G1 X796.76 Y485.84 Z5.38 nX0.000 nY0.000 nZ-1.000 E25235.25 F6000
G1 X796.76 Y568.63 Z5.43 nX0.000 nY0.000 nZ-1.000 E25425.14 F6000
G1 X598.19 Y568.63 Z5.55 nX0.000 nY0.000 nZ-1.000 E25880.60 F6000
G1 X567.69 Y461.43 Z5.62 nX0.000 nY0.000 nZ-1.000 E26136.26 F6000
G1 X529.83 Y461.43 Z5.65 nX0.000 nY0.000 nZ-1.000 E26223.08 F6000
G1 X499.33 Y568.63 Z5.72 nX0.000 nY0.000 nZ-1.000 E26478.74 F6000
G1 X300.76 Y568.63 Z5.84 nX0.000 nY0.000 nZ-1.000 E26934.21 F6000
G1 X300.76 Y485.84 Z5.89 nX0.000 nY0.000 nZ-1.000 E27124.10 F6000
G1 X300.78 Y484.87 Z5.89 nX0.000 nY0.000 nZ-1.000 E27126.33 F6000
G1 X468.41 Y489.26 Z6.00 nX0.000 nY0.000 nZ-1.000 E27510.97 F6000
G1 X470.76 Y489.12 Z6.00 nX0.000 nY0.000 nZ-1.000 E27516.37 F6000
G1 X473.14 Y488.55 Z6.00 nX0.000 nY0.000 nZ-1.000 E27521.97 F6000
G1 X474.35 Y492.16 Z6.01 nX0.000 nY0.000 nZ-1.000 E27530.72 F6000
G1 X471.33 Y492.89 Z6.01 nX0.000 nY0.000 nZ-1.000 E27537.84 F6000
G1 X468.48 Y493.06 Z6.01 nX0.000 nY0.000 nZ-1.000 E27544.39 F6000
G1 X304.56 Y488.77 Z6.11 nX0.000 nY0.000 nZ-1.000 E27920.51 F6000
G1 X304.56 Y492.62 Z6.11 nX0.000 nY0.000 nZ-1.000 E27929.35 F6000
G1 X306.51 Y492.62 Z6.12 nX0.000 nY0.000 nZ-1.000 E27933.83 F6000
G1 X306.51 Y492.82 Z6.12 nX0.000 nY0.000 nZ-1.000 E27934.29 F6000
G1 X468.55 Y497.07 Z6.22 nX0.000 nY0.000 nZ-1.000 E28306.11 F6000
G1 X471.92 Y496.86 Z6.22 nX0.000 nY0.000 nZ-1.000 E28313.85 F6000
G1 X475.62 Y495.97 Z6.22 nX0.000 nY0.000 nZ-1.000 E28322.58 F6000
G1 X479.11 Y494.45 Z6.22 nX0.000 nY0.000 nZ-1.000 E28331.31 F6000
G1 X481.93 Y492.59 Z6.23 nX0.000 nY0.000 nZ-1.000 E28339.06 F6000
G1 X523.68 Y459.38 Z6.26 nX0.000 nY0.000 nZ-1.000 E28461.43 F6000
G1 X524.71 Y458.65 Z6.26 nX0.000 nY0.000 nZ-1.000 E28464.31 F6000
G1 X525.69 Y458.14 Z6.26 nX0.000 nY0.000 nZ-1.000 E28466.86 F6000
G1 X526.82 Y457.74 Z6.26 nX0.000 nY0.000 nZ-1.000 E28469.61 F6000
G1 X527.84 Y457.52 Z6.26 nX0.000 nY0.000 nZ-1.000 E28472.01 F6000
G1 X529.27 Y457.43 Z6.26 nX0.000 nY0.000 nZ-1.000 E28475.28 F6000
G1 X568.25 Y457.43 Z6.29 nX0.000 nY0.000 nZ-1.000 E28564.70 F6000
G1 X569.67 Y457.52 Z6.29 nX0.000 nY0.000 nZ-1.000 E28567.97 F6000
G1 X570.70 Y457.74 Z6.29 nX0.000 nY0.000 nZ-1.000 E28570.38 F6000
G1 X571.82 Y458.14 Z6.29 nX0.000 nY0.000 nZ-1.000 E28573.12 F6000
G1 X572.67 Y458.57 Z6.29 nX0.000 nY0.000 nZ-1.000 E28575.28 F6000
G1 X573.84 Y459.38 Z6.29 nX0.000 nY0.000 nZ-1.000 E28578.55 F6000
G1 X615.59 Y492.59 Z6.33 nX0.000 nY0.000 nZ-1.000 E28700.92 F6000
G1 X618.40 Y494.45 Z6.33 nX0.000 nY0.000 nZ-1.000 E28708.67 F6000
G1 X621.89 Y495.97 Z6.33 nX0.000 nY0.000 nZ-1.000 E28717.40 F6000
G1 X625.60 Y496.86 Z6.33 nX0.000 nY0.000 nZ-1.000 E28726.13 F6000
G1 X628.97 Y497.07 Z6.34 nX0.000 nY0.000 nZ-1.000 E28733.88 F6000
G1 X791.01 Y492.82 Z6.44 nX0.000 nY0.000 nZ-1.000 E29105.69 F6000
G1 X791.01 Y492.62 Z6.44 nX0.000 nY0.000 nZ-1.000 E29106.15 F6000
G1 X792.96 Y492.62 Z6.44 nX0.000 nY0.000 nZ-1.000 E29110.63 F6000
G1 X792.96 Y488.77 Z6.44 nX0.000 nY0.000 nZ-1.000 E29119.47 F6000
G1 X701.27 Y491.17 Z6.50 nX0.000 nY0.000 nZ-1.000 E29329.86 F6000
;Layer 6
G1 X629.04 Y493.06 Z6.54 nX0.000 nY0.000 nZ-1.000 E29495.60 F6000
G1 X626.88 Y492.93 Z6.55 nX0.000 nY0.000 nZ-1.000 E29500.55 F6000
G1 X628.11 Y489.20 Z6.55 nX0.000 nY0.000 nZ-1.000 E29509.56 F6000
G1 X629.10 Y489.26 Z6.55 nX0.000 nY0.000 nZ-1.000 E29511.84 F6000
G1 X796.73 Y484.87 Z6.65 nX0.000 nY0.000 nZ-1.000 E29896.48 F6000
G1 X796.76 Y485.84 Z6.65 nX0.000 nY0.000 nZ-1.000 E29898.71 F6000
G1 X796.76 Y568.63 Z6.71 nX0.000 nY0.000 nZ-1.000 E30088.60 F6000
G1 X598.19 Y568.63 Z6.83 nX0.000 nY0.000 nZ-1.000 E30544.07 F6000
G1 X567.69 Y461.43 Z6.90 nX0.000 nY0.000 nZ-1.000 E30799.72 F6000
G1 X529.83 Y461.43 Z6.93 nX0.000 nY0.000 nZ-1.000 E30886.55 F6000
G1 X499.33 Y568.63 Z7.00 nX0.000 nY0.000 nZ-1.000 E31142.20 F6000
G1 X300.76 Y568.63 Z7.12 nX0.000 nY0.000 nZ-1.000 E31597.68 F6000
G1 X300.76 Y485.84 Z7.17 nX0.000 nY0.000 nZ-1.000 E31787.56 F6000
G1 X300.78 Y484.87 Z7.17 nX0.000 nY0.000 nZ-1.000 E31789.80 F6000
G1 X468.41 Y489.26 Z7.28 nX0.000 nY0.000 nZ-1.000 E32174.43 F6000
G1 X470.76 Y489.12 Z7.28 nX0.000 nY0.000 nZ-1.000 E32179.83 F6000
G1 X473.14 Y488.55 Z7.28 nX0.000 nY0.000 nZ-1.000 E32185.43 F6000
G1 X475.97 Y487.37 Z7.28 nX0.000 nY0.000 nZ-1.000 E32192.47 F6000
G1 X477.34 Y486.27 Z7.28 nX0.000 nY0.000 nZ-1.000 E32196.49 F6000
G1 X519.00 Y453.14 Z7.32 nX0.000 nY0.000 nZ-1.000 E32318.58 F6000
G1 X520.33 Y452.19 Z7.32 nX0.000 nY0.000 nZ-1.000 E32322.34 F6000
G1 X521.13 Y451.70 Z7.32 nX0.000 nY0.000 nZ-1.000 E32324.48 F6000
G1 X522.54 Y450.99 Z7.32 nX0.000 nY0.000 nZ-1.000 E32328.11 F6000
G1 X524.03 Y450.43 Z7.32 nX0.000 nY0.000 nZ-1.000 E32331.76 F6000
G1 X524.92 Y450.16 Z7.32 nX0.000 nY0.000 nZ-1.000 E32333.90 F6000
G1 X526.49 Y449.83 Z7.32 nX0.000 nY0.000 nZ-1.000 E32337.57 F6000
G1 X527.41 Y449.72 Z7.32 nX0.000 nY0.000 nZ-1.000 E32339.71 F6000
G1 X529.05 Y449.63 Z7.32 nX0.000 nY0.000 nZ-1.000 E32343.46 F6000
G1 X567.76 Y449.63 Z7.35 nX0.000 nY0.000 nZ-1.000 E32432.26 F6000
G1 X570.10 Y449.72 Z7.35 nX0.000 nY0.000 nZ-1.000 E32437.64 F6000
G1 X571.03 Y449.83 Z7.35 nX0.000 nY0.000 nZ-1.000 E32439.78 F6000
G1 X572.58 Y450.16 Z7.35 nX0.000 nY0.000 nZ-1.000 E32443.41 F6000
G1 X574.09 Y450.65 Z7.35 nX0.000 nY0.000 nZ-1.000 E32447.06 F6000
G1 X574.96 Y450.99 Z7.35 nX0.000 nY0.000 nZ-1.000 E32449.20 F6000
G1 X576.39 Y451.70 Z7.35 nX0.000 nY0.000 nZ-1.000 E32452.86 F6000
G1 X577.19 Y452.19 Z7.36 nX0.000 nY0.000 nZ-1.000 E32455.00 F6000
G1 X578.52 Y453.14 Z7.36 nX0.000 nY0.000 nZ-1.000 E32458.76 F6000
G1 X620.18 Y486.27 Z7.39 nX0.000 nY0.000 nZ-1.000 E32580.85 F6000
G1 X622.14 Y487.57 Z7.39 nX0.000 nY0.000 nZ-1.000 E32586.25 F6000
G1 X624.38 Y488.55 Z7.39 nX0.000 nY0.000 nZ-1.000 E32591.85 F6000
G1 X623.17 Y492.16 Z7.40 nX0.000 nY0.000 nZ-1.000 E32600.60 F6000
G1 X620.32 Y490.93 Z7.40 nX0.000 nY0.000 nZ-1.000 E32607.73 F6000
G1 X617.94 Y489.35 Z7.40 nX0.000 nY0.000 nZ-1.000 E32614.27 F6000
G1 X576.23 Y456.17 Z7.43 nX0.000 nY0.000 nZ-1.000 E32736.52 F6000
G1 X575.09 Y455.36 Z7.43 nX0.000 nY0.000 nZ-1.000 E32739.73 F6000
G1 X574.55 Y455.03 Z7.43 nX0.000 nY0.000 nZ-1.000 E32741.19 F6000
G1 X573.40 Y454.46 Z7.43 nX0.000 nY0.000 nZ-1.000 E32744.12 F6000
G1 X572.81 Y454.23 Z7.44 nX0.000 nY0.000 nZ-1.000 E32745.58 F6000
G1 X571.61 Y453.83 Z7.44 nX0.000 nY0.000 nZ-1.000 E32748.49 F6000
G1 X570.40 Y453.58 Z7.44 nX0.000 nY0.000 nZ-1.000 E32751.31 F6000
G1 X569.77 Y453.50 Z7.44 nX0.000 nY0.000 nZ-1.000 E32752.78 F6000
G1 X568.37 Y453.43 Z7.44 nX0.000 nY0.000 nZ-1.000 E32755.99 F6000
G1 X529.15 Y453.43 Z7.46 nX0.000 nY0.000 nZ-1.000 E32845.96 F6000
G1 X527.75 Y453.50 Z7.46 nX0.000 nY0.000 nZ-1.000 E32849.17 F6000
G1 X527.12 Y453.58 Z7.46 nX0.000 nY0.000 nZ-1.000 E32850.63 F6000
G1 X525.86 Y453.84 Z7.46 nX0.000 nY0.000 nZ-1.000 E32853.56 F6000
G1 X525.26 Y454.04 Z7.47 nX0.000 nY0.000 nZ-1.000 E32855.02 F6000
G1 X524.07 Y454.48 Z7.47 nX0.000 nY0.000 nZ-1.000 E32857.93 F6000
G1 X522.97 Y455.03 Z7.47 nX0.000 nY0.000 nZ-1.000 E32860.75 F6000
G1 X522.42 Y455.36 Z7.47 nX0.000 nY0.000 nZ-1.000 E32862.22 F6000
G1 X521.28 Y456.17 Z7.47 nX0.000 nY0.000 nZ-1.000 E32865.43 F6000
G1 X479.58 Y489.35 Z7.50 nX0.000 nY0.000 nZ-1.000 E32987.67 F6000
G1 X477.39 Y490.80 Z7.50 nX0.000 nY0.000 nZ-1.000 E32993.69 F6000
G1 X474.35 Y492.16 Z7.51 nX0.000 nY0.000 nZ-1.000 E33001.33 F6000
G1 X471.33 Y492.89 Z7.51 nX0.000 nY0.000 nZ-1.000 E33008.46 F6000
G1 X468.48 Y493.06 Z7.51 nX0.000 nY0.000 nZ-1.000 E33015.00 F6000
G1 X304.56 Y488.77 Z7.61 nX0.000 nY0.000 nZ-1.000 E33391.13 F6000
G1 X304.56 Y492.62 Z7.61 nX0.000 nY0.000 nZ-1.000 E33399.97 F6000
G1 X306.51 Y492.62 Z7.62 nX0.000 nY0.000 nZ-1.000 E33404.45 F6000
G1 X306.51 Y492.82 Z7.62 nX0.000 nY0.000 nZ-1.000 E33404.90 F6000
G1 X468.55 Y497.07 Z7.72 nX0.000 nY0.000 nZ-1.000 E33776.72 F6000
G1 X471.92 Y496.86 Z7.72 nX0.000 nY0.000 nZ-1.000 E33784.47 F6000
G1 X475.62 Y495.97 Z7.72 nX0.000 nY0.000 nZ-1.000 E33793.20 F6000
G1 X479.11 Y494.45 Z7.72 nX0.000 nY0.000 nZ-1.000 E33801.93 F6000
G1 X481.93 Y492.59 Z7.73 nX0.000 nY0.000 nZ-1.000 E33809.68 F6000
G1 X523.69 Y459.37 Z7.76 nX0.000 nY0.000 nZ-1.000 E33932.09 F6000
G1 X524.63 Y458.70 Z7.76 nX0.000 nY0.000 nZ-1.000 E33934.72 F6000
G1 X525.68 Y458.15 Z7.76 nX0.000 nY0.000 nZ-1.000 E33937.45 F6000
G1 X526.86 Y457.72 Z7.76 nX0.000 nY0.000 nZ-1.000 E33940.32 F6000
G1 X527.78 Y457.53 Z7.76 nX0.000 nY0.000 nZ-1.000 E33942.48 F6000
G1 X529.25 Y457.43 Z7.76 nX0.000 nY0.000 nZ-1.000 E33945.86 F6000
G1 X568.27 Y457.43 Z7.79 nX0.000 nY0.000 nZ-1.000 E34035.36 F6000
G1 X569.41 Y457.49 Z7.79 nX0.000 nY0.000 nZ-1.000 E34037.99 F6000
G1 X570.58 Y457.71 Z7.79 nX0.000 nY0.000 nZ-1.000 E34040.72 F6000
G1 X571.77 Y458.11 Z7.79 nX0.000 nY0.000 nZ-1.000 E34043.59 F6000
G1 X572.61 Y458.53 Z7.79 nX0.000 nY0.000 nZ-1.000 E34045.75 F6000
G1 X573.82 Y459.37 Z7.79 nX0.000 nY0.000 nZ-1.000 E34049.13 F6000
G1 X615.59 Y492.59 Z7.83 nX0.000 nY0.000 nZ-1.000 E34171.54 F6000
G1 X618.40 Y494.45 Z7.83 nX0.000 nY0.000 nZ-1.000 E34179.28 F6000
G1 X621.89 Y495.97 Z7.83 nX0.000 nY0.000 nZ-1.000 E34188.01 F6000
G1 X625.60 Y496.86 Z7.83 nX0.000 nY0.000 nZ-1.000 E34196.75 F6000
G1 X628.97 Y497.07 Z7.84 nX0.000 nY0.000 nZ-1.000 E34204.49 F6000
G1 X791.01 Y492.82 Z7.94 nX0.000 nY0.000 nZ-1.000 E34576.31 F6000
G1 X791.01 Y492.62 Z7.94 nX0.000 nY0.000 nZ-1.000 E34576.77 F6000
G1 X792.96 Y492.62 Z7.94 nX0.000 nY0.000 nZ-1.000 E34581.25 F6000
G1 X792.96 Y488.77 Z7.94 nX0.000 nY0.000 nZ-1.000 E34590.09 F6000
G1 X701.27 Y491.17 Z8.00 nX0.000 nY0.000 nZ-1.000 E34800.48 F6000
;Layer 7
G1 X629.04 Y493.06 Z8.04 nX0.000 nY0.000 nZ-1.000 E34966.21 F6000
G1 X626.86 Y492.93 Z8.05 nX0.000 nY0.000 nZ-1.000 E34971.22 F6000
G1 X623.17 Y492.16 Z8.05 nX0.000 nY0.000 nZ-1.000 E34979.86 F6000
G1 X620.32 Y490.93 Z8.05 nX0.000 nY0.000 nZ-1.000 E34986.99 F6000
G1 X617.94 Y489.35 Z8.05 nX0.000 nY0.000 nZ-1.000 E34993.53 F6000
G1 X576.23 Y456.17 Z8.09 nX0.000 nY0.000 nZ-1.000 E35115.78 F6000
G1 X575.17 Y455.42 Z8.09 nX0.000 nY0.000 nZ-1.000 E35118.76 F6000
G1 X574.49 Y455.00 Z8.09 nX0.000 nY0.000 nZ-1.000 E35120.61 F6000
G1 X573.47 Y454.49 Z8.09 nX0.000 nY0.000 nZ-1.000 E35123.22 F6000
G1 X572.38 Y454.08 Z8.09 nX0.000 nY0.000 nZ-1.000 E35125.89 F6000
G1 X571.61 Y453.84 Z8.09 nX0.000 nY0.000 nZ-1.000 E35127.73 F6000
G1 X570.47 Y453.60 Z8.09 nX0.000 nY0.000 nZ-1.000 E35130.41 F6000
G1 X569.67 Y453.50 Z8.09 nX0.000 nY0.000 nZ-1.000 E35132.26 F6000
G1 X568.38 Y453.43 Z8.09 nX0.000 nY0.000 nZ-1.000 E35135.22 F6000
G1 X529.14 Y453.43 Z8.12 nX0.000 nY0.000 nZ-1.000 E35225.24 F6000
G1 X527.85 Y453.50 Z8.12 nX0.000 nY0.000 nZ-1.000 E35228.20 F6000
G1 X527.05 Y453.60 Z8.12 nX0.000 nY0.000 nZ-1.000 E35230.05 F6000
G1 X525.93 Y453.83 Z8.12 nX0.000 nY0.000 nZ-1.000 E35232.66 F6000
G1 X524.83 Y454.19 Z8.12 nX0.000 nY0.000 nZ-1.000 E35235.33 F6000
G1 X524.07 Y454.47 Z8.12 nX0.000 nY0.000 nZ-1.000 E35237.17 F6000
G1 X523.03 Y455.00 Z8.12 nX0.000 nY0.000 nZ-1.000 E35239.85 F6000
G1 X522.34 Y455.42 Z8.12 nX0.000 nY0.000 nZ-1.000 E35241.70 F6000
G1 X521.29 Y456.17 Z8.12 nX0.000 nY0.000 nZ-1.000 E35244.66 F6000
G1 X479.58 Y489.35 Z8.15 nX0.000 nY0.000 nZ-1.000 E35366.93 F6000
G1 X477.78 Y490.54 Z8.16 nX0.000 nY0.000 nZ-1.000 E35371.88 F6000
G1 X476.51 Y486.82 Z8.16 nX0.000 nY0.000 nZ-1.000 E35380.89 F6000
G1 X477.34 Y486.27 Z8.16 nX0.000 nY0.000 nZ-1.000 E35383.18 F6000
G1 X519.00 Y453.14 Z8.19 nX0.000 nY0.000 nZ-1.000 E35505.27 F6000
G1 X520.24 Y452.25 Z8.19 nX0.000 nY0.000 nZ-1.000 E35508.79 F6000
G1 X521.19 Y451.67 Z8.19 nX0.000 nY0.000 nZ-1.000 E35511.33 F6000
G1 X522.52 Y451.00 Z8.19 nX0.000 nY0.000 nZ-1.000 E35514.74 F6000
G1 X523.56 Y450.61 Z8.20 nX0.000 nY0.000 nZ-1.000 E35517.29 F6000
G1 X524.97 Y450.15 Z8.20 nX0.000 nY0.000 nZ-1.000 E35520.69 F6000
G1 X526.42 Y449.84 Z8.20 nX0.000 nY0.000 nZ-1.000 E35524.08 F6000
G1 X527.52 Y449.71 Z8.20 nX0.000 nY0.000 nZ-1.000 E35526.63 F6000
G1 X529.04 Y449.63 Z8.20 nX0.000 nY0.000 nZ-1.000 E35530.14 F6000
G1 X567.65 Y449.63 Z8.22 nX0.000 nY0.000 nZ-1.000 E35618.69 F6000
G1 X570.00 Y449.71 Z8.22 nX0.000 nY0.000 nZ-1.000 E35624.08 F6000
G1 X571.10 Y449.84 Z8.23 nX0.000 nY0.000 nZ-1.000 E35626.63 F6000
G1 X572.56 Y450.15 Z8.23 nX0.000 nY0.000 nZ-1.000 E35630.04 F6000
G1 X573.61 Y450.48 Z8.23 nX0.000 nY0.000 nZ-1.000 E35632.58 F6000
G1 X575.00 Y451.01 Z8.23 nX0.000 nY0.000 nZ-1.000 E35635.99 F6000
G1 X576.33 Y451.67 Z8.23 nX0.000 nY0.000 nZ-1.000 E35639.38 F6000
G1 X577.27 Y452.25 Z8.23 nX0.000 nY0.000 nZ-1.000 E35641.92 F6000
G1 X578.52 Y453.14 Z8.23 nX0.000 nY0.000 nZ-1.000 E35645.43 F6000
G1 X620.18 Y486.27 Z8.26 nX0.000 nY0.000 nZ-1.000 E35767.53 F6000
G1 X622.14 Y487.57 Z8.27 nX0.000 nY0.000 nZ-1.000 E35772.93 F6000
G1 X624.38 Y488.55 Z8.27 nX0.000 nY0.000 nZ-1.000 E35778.53 F6000
G1 X627.78 Y489.45 Z8.27 nX0.000 nY0.000 nZ-1.000 E35786.60 F6000
G1 X629.10 Y489.26 Z8.27 nX0.000 nY0.000 nZ-1.000 E35789.67 F6000
G1 X796.73 Y484.87 Z8.38 nX0.000 nY0.000 nZ-1.000 E36174.31 F6000
G1 X796.76 Y485.84 Z8.38 nX0.000 nY0.000 nZ-1.000 E36176.54 F6000
G1 X796.76 Y568.63 Z8.43 nX0.000 nY0.000 nZ-1.000 E36366.43 F6000
G1 X598.19 Y568.63 Z8.55 nX0.000 nY0.000 nZ-1.000 E36821.90 F6000
G1 X567.69 Y461.43 Z8.62 nX0.000 nY0.000 nZ-1.000 E37077.55 F6000
G1 X529.83 Y461.43 Z8.65 nX0.000 nY0.000 nZ-1.000 E37164.38 F6000
G1 X499.33 Y568.63 Z8.72 nX0.000 nY0.000 nZ-1.000 E37420.03 F6000
G1 X300.76 Y568.63 Z8.84 nX0.000 nY0.000 nZ-1.000 E37875.50 F6000
G1 X300.76 Y485.84 Z8.89 nX0.000 nY0.000 nZ-1.000 E38065.39 F6000
G1 X300.78 Y484.87 Z8.89 nX0.000 nY0.000 nZ-1.000 E38067.63 F6000
G1 X468.41 Y489.26 Z9.00 nX0.000 nY0.000 nZ-1.000 E38452.26 F6000
G1 X470.76 Y489.12 Z9.00 nX0.000 nY0.000 nZ-1.000 E38457.66 F6000
G1 X473.14 Y488.55 Z9.00 nX0.000 nY0.000 nZ-1.000 E38463.26 F6000
G1 X474.35 Y492.16 Z9.01 nX0.000 nY0.000 nZ-1.000 E38472.01 F6000
G1 X471.33 Y492.89 Z9.01 nX0.000 nY0.000 nZ-1.000 E38479.14 F6000
G1 X468.48 Y493.06 Z9.01 nX0.000 nY0.000 nZ-1.000 E38485.68 F6000
G1 X304.56 Y488.77 Z9.11 nX0.000 nY0.000 nZ-1.000 E38861.81 F6000
G1 X304.56 Y492.62 Z9.11 nX0.000 nY0.000 nZ-1.000 E38870.65 F6000
G1 X306.51 Y492.62 Z9.12 nX0.000 nY0.000 nZ-1.000 E38875.13 F6000
G1 X306.51 Y492.82 Z9.12 nX0.000 nY0.000 nZ-1.000 E38875.58 F6000
G1 X468.55 Y497.07 Z9.22 nX0.000 nY0.000 nZ-1.000 E39247.40 F6000
G1 X471.92 Y496.86 Z9.22 nX0.000 nY0.000 nZ-1.000 E39255.15 F6000
G1 X475.62 Y495.97 Z9.22 nX0.000 nY0.000 nZ-1.000 E39263.88 F6000
G1 X479.11 Y494.45 Z9.22 nX0.000 nY0.000 nZ-1.000 E39272.61 F6000
G1 X481.93 Y492.59 Z9.23 nX0.000 nY0.000 nZ-1.000 E39280.36 F6000
G1 X523.71 Y459.36 Z9.26 nX0.000 nY0.000 nZ-1.000 E39402.81 F6000
G1 X524.55 Y458.75 Z9.26 nX0.000 nY0.000 nZ-1.000 E39405.19 F6000
G1 X524.97 Y458.50 Z9.26 nX0.000 nY0.000 nZ-1.000 E39406.30 F6000
G1 X525.71 Y458.13 Z9.26 nX0.000 nY0.000 nZ-1.000 E39408.21 F6000
G1 X526.94 Y457.70 Z9.26 nX0.000 nY0.000 nZ-1.000 E39411.21 F6000
G1 X527.71 Y457.54 Z9.26 nX0.000 nY0.000 nZ-1.000 E39413.01 F6000
G1 X529.23 Y457.43 Z9.26 nX0.000 nY0.000 nZ-1.000 E39416.50 F6000
G1 X568.28 Y457.43 Z9.29 nX0.000 nY0.000 nZ-1.000 E39506.08 F6000
G1 X569.32 Y457.48 Z9.29 nX0.000 nY0.000 nZ-1.000 E39508.46 F6000
G1 X569.80 Y457.54 Z9.29 nX0.000 nY0.000 nZ-1.000 E39509.57 F6000
G1 X570.62 Y457.71 Z9.29 nX0.000 nY0.000 nZ-1.000 E39511.48 F6000
G1 X571.85 Y458.15 Z9.29 nX0.000 nY0.000 nZ-1.000 E39514.48 F6000
G1 X572.96 Y458.75 Z9.29 nX0.000 nY0.000 nZ-1.000 E39517.39 F6000
G1 X573.81 Y459.36 Z9.29 nX0.000 nY0.000 nZ-1.000 E39519.77 F6000
G1 X615.59 Y492.59 Z9.33 nX0.000 nY0.000 nZ-1.000 E39642.22 F6000
G1 X618.40 Y494.45 Z9.33 nX0.000 nY0.000 nZ-1.000 E39649.97 F6000
G1 X621.89 Y495.97 Z9.33 nX0.000 nY0.000 nZ-1.000 E39658.70 F6000
G1 X625.60 Y496.86 Z9.33 nX0.000 nY0.000 nZ-1.000 E39667.43 F6000
G1 X628.97 Y497.07 Z9.34 nX0.000 nY0.000 nZ-1.000 E39675.17 F6000
G1 X791.01 Y492.82 Z9.44 nX0.000 nY0.000 nZ-1.000 E40046.99 F6000
G1 X791.01 Y492.62 Z9.44 nX0.000 nY0.000 nZ-1.000 E40047.45 F6000
G1 X792.96 Y492.62 Z9.44 nX0.000 nY0.000 nZ-1.000 E40051.93 F6000
G1 X792.96 Y488.77 Z9.44 nX0.000 nY0.000 nZ-1.000 E40060.77 F6000
G1 X701.27 Y491.17 Z9.50 nX0.000 nY0.000 nZ-1.000 E40271.16 F6000
;Layer 8
G1 X629.04 Y493.06 Z9.54 nX0.000 nY0.000 nZ-1.000 E40436.90 F6000
G1 X626.19 Y492.89 Z9.55 nX0.000 nY0.000 nZ-1.000 E40443.44 F6000
G1 X623.17 Y492.16 Z9.55 nX0.000 nY0.000 nZ-1.000 E40450.56 F6000
G1 X620.32 Y490.93 Z9.55 nX0.000 nY0.000 nZ-1.000 E40457.69 F6000
G1 X617.94 Y489.35 Z9.55 nX0.000 nY0.000 nZ-1.000 E40464.23 F6000
G1 X576.22 Y456.17 Z9.59 nX0.000 nY0.000 nZ-1.000 E40586.50 F6000
G1 X575.25 Y455.47 Z9.59 nX0.000 nY0.000 nZ-1.000 E40589.24 F6000
G1 X574.43 Y454.96 Z9.59 nX0.000 nY0.000 nZ-1.000 E40591.46 F6000
G1 X573.48 Y454.49 Z9.59 nX0.000 nY0.000 nZ-1.000 E40593.90 F6000
G1 X572.57 Y454.14 Z9.59 nX0.000 nY0.000 nZ-1.000 E40596.12 F6000
G1 X571.57 Y453.82 Z9.59 nX0.000 nY0.000 nZ-1.000 E40598.55 F6000
G1 X570.54 Y453.61 Z9.59 nX0.000 nY0.000 nZ-1.000 E40600.96 F6000
G1 X569.57 Y453.49 Z9.59 nX0.000 nY0.000 nZ-1.000 E40603.18 F6000
G1 X568.39 Y453.43 Z9.59 nX0.000 nY0.000 nZ-1.000 E40605.90 F6000
G1 X529.12 Y453.43 Z9.62 nX0.000 nY0.000 nZ-1.000 E40695.97 F6000
G1 X527.94 Y453.49 Z9.62 nX0.000 nY0.000 nZ-1.000 E40698.68 F6000
G1 X526.98 Y453.61 Z9.62 nX0.000 nY0.000 nZ-1.000 E40700.91 F6000
G1 X525.94 Y453.82 Z9.62 nX0.000 nY0.000 nZ-1.000 E40703.34 F6000
G1 X525.02 Y454.11 Z9.62 nX0.000 nY0.000 nZ-1.000 E40705.56 F6000
G1 X524.03 Y454.49 Z9.62 nX0.000 nY0.000 nZ-1.000 E40707.99 F6000
G1 X523.09 Y454.96 Z9.62 nX0.000 nY0.000 nZ-1.000 E40710.40 F6000
G1 X522.26 Y455.47 Z9.62 nX0.000 nY0.000 nZ-1.000 E40712.63 F6000
G1 X521.30 Y456.16 Z9.62 nX0.000 nY0.000 nZ-1.000 E40715.34 F6000
G1 X479.58 Y489.35 Z9.65 nX0.000 nY0.000 nZ-1.000 E40837.64 F6000
G1 X477.78 Y490.54 Z9.66 nX0.000 nY0.000 nZ-1.000 E40842.59 F6000
G1 X476.51 Y486.82 Z9.66 nX0.000 nY0.000 nZ-1.000 E40851.60 F6000
G1 X477.34 Y486.27 Z9.66 nX0.000 nY0.000 nZ-1.000 E40853.88 F6000
G1 X519.00 Y453.13 Z9.69 nX0.000 nY0.000 nZ-1.000 E40975.99 F6000
G1 X520.16 Y452.30 Z9.69 nX0.000 nY0.000 nZ-1.000 E40979.25 F6000
G1 X521.25 Y451.63 Z9.69 nX0.000 nY0.000 nZ-1.000 E40982.20 F6000
G1 X522.48 Y451.02 Z9.69 nX0.000 nY0.000 nZ-1.000 E40985.36 F6000
G1 X523.77 Y450.52 Z9.70 nX0.000 nY0.000 nZ-1.000 E40988.52 F6000
G1 X525.00 Y450.14 Z9.70 nX0.000 nY0.000 nZ-1.000 E40991.46 F6000
G1 X526.35 Y449.86 Z9.70 nX0.000 nY0.000 nZ-1.000 E40994.63 F6000
G1 X527.62 Y449.70 Z9.70 nX0.000 nY0.000 nZ-1.000 E40997.58 F6000
G1 X529.04 Y449.63 Z9.70 nX0.000 nY0.000 nZ-1.000 E41000.84 F6000
G1 X567.55 Y449.63 Z9.72 nX0.000 nY0.000 nZ-1.000 E41089.16 F6000
G1 X569.90 Y449.70 Z9.72 nX0.000 nY0.000 nZ-1.000 E41094.55 F6000
G1 X571.17 Y449.86 Z9.73 nX0.000 nY0.000 nZ-1.000 E41097.50 F6000
G1 X572.52 Y450.14 Z9.73 nX0.000 nY0.000 nZ-1.000 E41100.66 F6000
G1 X573.83 Y450.55 Z9.73 nX0.000 nY0.000 nZ-1.000 E41103.82 F6000
G1 X575.03 Y451.02 Z9.73 nX0.000 nY0.000 nZ-1.000 E41106.77 F6000
G1 X576.26 Y451.63 Z9.73 nX0.000 nY0.000 nZ-1.000 E41109.93 F6000
G1 X577.36 Y452.30 Z9.73 nX0.000 nY0.000 nZ-1.000 E41112.88 F6000
G1 X578.51 Y453.13 Z9.73 nX0.000 nY0.000 nZ-1.000 E41116.14 F6000
G1 X620.18 Y486.27 Z9.76 nX0.000 nY0.000 nZ-1.000 E41238.24 F6000
G1 X622.14 Y487.57 Z9.77 nX0.000 nY0.000 nZ-1.000 E41243.64 F6000
G1 X624.38 Y488.55 Z9.77 nX0.000 nY0.000 nZ-1.000 E41249.24 F6000
G1 X626.75 Y489.12 Z9.77 nX0.000 nY0.000 nZ-1.000 E41254.85 F6000
G1 X629.10 Y489.26 Z9.77 nX0.000 nY0.000 nZ-1.000 E41260.25 F6000
G1 X796.73 Y484.87 Z9.88 nX0.000 nY0.000 nZ-1.000 E41644.88 F6000
G1 X796.76 Y485.84 Z9.88 nX0.000 nY0.000 nZ-1.000 E41647.11 F6000
G1 X796.76 Y568.63 Z9.93 nX0.000 nY0.000 nZ-1.000 E41837.00 F6000
G1 X598.19 Y568.63 Z10.05 nX0.000 nY0.000 nZ-1.000 E42292.47 F6000
G1 X567.69 Y461.43 Z10.12 nX0.000 nY0.000 nZ-1.000 E42548.12 F6000
G1 X529.83 Y461.43 Z10.15 nX0.000 nY0.000 nZ-1.000 E42634.95 F6000
G1 X499.33 Y568.63 Z10.22 nX0.000 nY0.000 nZ-1.000 E42890.60 F6000
G1 X300.76 Y568.63 Z10.34 nX0.000 nY0.000 nZ-1.000 E43346.08 F6000
G1 X300.76 Y485.84 Z10.39 nX0.000 nY0.000 nZ-1.000 E43535.96 F6000
G1 X300.78 Y484.87 Z10.39 nX0.000 nY0.000 nZ-1.000 E43538.20 F6000
G1 X468.41 Y489.26 Z10.50 nX0.000 nY0.000 nZ-1.000 E43922.83 F6000
G1 X470.76 Y489.12 Z10.50 nX0.000 nY0.000 nZ-1.000 E43928.23 F6000
G1 X473.14 Y488.55 Z10.50 nX0.000 nY0.000 nZ-1.000 E43933.83 F6000
G1 X474.35 Y492.16 Z10.51 nX0.000 nY0.000 nZ-1.000 E43942.58 F6000
G1 X471.33 Y492.89 Z10.51 nX0.000 nY0.000 nZ-1.000 E43949.71 F6000
G1 X468.48 Y493.06 Z10.51 nX0.000 nY0.000 nZ-1.000 E43956.25 F6000
G1 X304.56 Y488.77 Z10.61 nX0.000 nY0.000 nZ-1.000 E44332.38 F6000
G1 X304.56 Y492.62 Z10.61 nX0.000 nY0.000 nZ-1.000 E44341.22 F6000
G1 X306.51 Y492.62 Z10.62 nX0.000 nY0.000 nZ-1.000 E44345.70 F6000
G1 X306.51 Y492.82 Z10.62 nX0.000 nY0.000 nZ-1.000 E44346.15 F6000
G1 X468.55 Y497.07 Z10.72 nX0.000 nY0.000 nZ-1.000 E44717.97 F6000
G1 X471.92 Y496.86 Z10.72 nX0.000 nY0.000 nZ-1.000 E44725.72 F6000
G1 X475.62 Y495.97 Z10.72 nX0.000 nY0.000 nZ-1.000 E44734.45 F6000
G1 X479.11 Y494.45 Z10.72 nX0.000 nY0.000 nZ-1.000 E44743.18 F6000
G1 X481.93 Y492.59 Z10.73 nX0.000 nY0.000 nZ-1.000 E44750.93 F6000
G1 X523.72 Y459.34 Z10.76 nX0.000 nY0.000 nZ-1.000 E44873.43 F6000
G1 X524.48 Y458.80 Z10.76 nX0.000 nY0.000 nZ-1.000 E44875.56 F6000
G1 X525.02 Y458.47 Z10.76 nX0.000 nY0.000 nZ-1.000 E44877.02 F6000
G1 X525.66 Y458.15 Z10.76 nX0.000 nY0.000 nZ-1.000 E44878.66 F6000
G1 X526.33 Y457.89 Z10.76 nX0.000 nY0.000 nZ-1.000 E44880.31 F6000
G1 X526.94 Y457.70 Z10.76 nX0.000 nY0.000 nZ-1.000 E44881.77 F6000
G1 X527.65 Y457.55 Z10.76 nX0.000 nY0.000 nZ-1.000 E44883.43 F6000
G1 X528.28 Y457.47 Z10.76 nX0.000 nY0.000 nZ-1.000 E44884.89 F6000
G1 X529.21 Y457.43 Z10.76 nX0.000 nY0.000 nZ-1.000 E44887.03 F6000
G1 X568.31 Y457.43 Z10.79 nX0.000 nY0.000 nZ-1.000 E44976.71 F6000
G1 X569.24 Y457.47 Z10.79 nX0.000 nY0.000 nZ-1.000 E44978.84 F6000
G1 X569.87 Y457.55 Z10.79 nX0.000 nY0.000 nZ-1.000 E44980.30 F6000
G1 X570.56 Y457.70 Z10.79 nX0.000 nY0.000 nZ-1.000 E44981.93 F6000
G1 X571.25 Y457.91 Z10.79 nX0.000 nY0.000 nZ-1.000 E44983.59 F6000
G1 X571.85 Y458.14 Z10.79 nX0.000 nY0.000 nZ-1.000 E44985.05 F6000
G1 X572.49 Y458.47 Z10.79 nX0.000 nY0.000 nZ-1.000 E44986.71 F6000
G1 X573.04 Y458.80 Z10.79 nX0.000 nY0.000 nZ-1.000 E44988.17 F6000
G1 X573.79 Y459.34 Z10.79 nX0.000 nY0.000 nZ-1.000 E44990.30 F6000
G1 X615.59 Y492.59 Z10.83 nX0.000 nY0.000 nZ-1.000 E45112.80 F6000
G1 X618.40 Y494.45 Z10.83 nX0.000 nY0.000 nZ-1.000 E45120.55 F6000
G1 X621.89 Y495.97 Z10.83 nX0.000 nY0.000 nZ-1.000 E45129.28 F6000
G1 X625.60 Y496.86 Z10.83 nX0.000 nY0.000 nZ-1.000 E45138.01 F6000
G1 X628.97 Y497.07 Z10.84 nX0.000 nY0.000 nZ-1.000 E45145.76 F6000
G1 X791.01 Y492.82 Z10.94 nX0.000 nY0.000 nZ-1.000 E45517.58 F6000
G1 X791.01 Y492.62 Z10.94 nX0.000 nY0.000 nZ-1.000 E45518.03 F6000
G1 X792.96 Y492.62 Z10.94 nX0.000 nY0.000 nZ-1.000 E45522.51 F6000
G1 X792.96 Y488.77 Z10.94 nX0.000 nY0.000 nZ-1.000 E45531.35 F6000
G1 X701.27 Y491.17 Z11.00 nX0.000 nY0.000 nZ-1.000 E45741.74 F6000
;Layer 9
G1 X629.04 Y493.06 Z11.04 nX0.000 nY0.000 nZ-1.000 E45907.48 F6000
G1 X626.19 Y492.89 Z11.05 nX0.000 nY0.000 nZ-1.000 E45914.02 F6000
G1 X623.17 Y492.16 Z11.05 nX0.000 nY0.000 nZ-1.000 E45921.15 F6000
G1 X620.32 Y490.93 Z11.05 nX0.000 nY0.000 nZ-1.000 E45928.27 F6000
G1 X617.94 Y489.35 Z11.05 nX0.000 nY0.000 nZ-1.000 E45934.82 F6000
G1 X576.21 Y456.16 Z11.09 nX0.000 nY0.000 nZ-1.000 E46057.12 F6000
G1 X575.28 Y455.48 Z11.09 nX0.000 nY0.000 nZ-1.000 E46059.76 F6000
G1 X574.43 Y454.96 Z11.09 nX0.000 nY0.000 nZ-1.000 E46062.05 F6000
G1 X573.49 Y454.49 Z11.09 nX0.000 nY0.000 nZ-1.000 E46064.45 F6000
G1 X572.58 Y454.13 Z11.09 nX0.000 nY0.000 nZ-1.000 E46066.71 F6000
G1 X571.57 Y453.82 Z11.09 nX0.000 nY0.000 nZ-1.000 E46069.14 F6000
G1 X570.56 Y453.61 Z11.09 nX0.000 nY0.000 nZ-1.000 E46071.50 F6000
G1 X569.57 Y453.48 Z11.09 nX0.000 nY0.000 nZ-1.000 E46073.78 F6000
G1 X568.40 Y453.43 Z11.09 nX0.000 nY0.000 nZ-1.000 E46076.47 F6000
G1 X529.12 Y453.43 Z11.12 nX0.000 nY0.000 nZ-1.000 E46166.57 F6000
G1 X527.97 Y453.48 Z11.12 nX0.000 nY0.000 nZ-1.000 E46169.20 F6000
G1 X526.96 Y453.61 Z11.12 nX0.000 nY0.000 nZ-1.000 E46171.55 F6000
G1 X525.96 Y453.82 Z11.12 nX0.000 nY0.000 nZ-1.000 E46173.90 F6000
G1 X524.98 Y454.12 Z11.12 nX0.000 nY0.000 nZ-1.000 E46176.25 F6000
G1 X524.02 Y454.49 Z11.12 nX0.000 nY0.000 nZ-1.000 E46178.60 F6000
G1 X523.11 Y454.95 Z11.12 nX0.000 nY0.000 nZ-1.000 E46180.94 F6000
G1 X522.23 Y455.48 Z11.12 nX0.000 nY0.000 nZ-1.000 E46183.29 F6000
G1 X521.31 Y456.16 Z11.12 nX0.000 nY0.000 nZ-1.000 E46185.92 F6000
G1 X479.58 Y489.35 Z11.15 nX0.000 nY0.000 nZ-1.000 E46308.23 F6000
G1 X477.78 Y490.54 Z11.16 nX0.000 nY0.000 nZ-1.000 E46313.18 F6000
G1 X476.51 Y486.82 Z11.16 nX0.000 nY0.000 nZ-1.000 E46322.19 F6000
G1 X477.34 Y486.27 Z11.16 nX0.000 nY0.000 nZ-1.000 E46324.48 F6000
G1 X519.00 Y453.13 Z11.19 nX0.000 nY0.000 nZ-1.000 E46446.59 F6000
G1 X520.12 Y452.32 Z11.19 nX0.000 nY0.000 nZ-1.000 E46449.77 F6000
G1 X521.27 Y451.62 Z11.19 nX0.000 nY0.000 nZ-1.000 E46452.85 F6000
G1 X522.47 Y451.02 Z11.19 nX0.000 nY0.000 nZ-1.000 E46455.93 F6000
G1 X523.72 Y450.53 Z11.20 nX0.000 nY0.000 nZ-1.000 E46459.01 F6000
G1 X525.01 Y450.14 Z11.20 nX0.000 nY0.000 nZ-1.000 E46462.09 F6000
G1 X526.32 Y449.86 Z11.20 nX0.000 nY0.000 nZ-1.000 E46465.17 F6000
G1 X527.65 Y449.69 Z11.20 nX0.000 nY0.000 nZ-1.000 E46468.25 F6000
G1 X529.04 Y449.63 Z11.20 nX0.000 nY0.000 nZ-1.000 E46471.43 F6000
G1 X567.51 Y449.63 Z11.22 nX0.000 nY0.000 nZ-1.000 E46559.68 F6000
G1 X569.86 Y449.69 Z11.22 nX0.000 nY0.000 nZ-1.000 E46565.07 F6000
G1 X571.19 Y449.86 Z11.23 nX0.000 nY0.000 nZ-1.000 E46568.15 F6000
G1 X572.51 Y450.14 Z11.23 nX0.000 nY0.000 nZ-1.000 E46571.24 F6000
G1 X573.79 Y450.53 Z11.23 nX0.000 nY0.000 nZ-1.000 E46574.32 F6000
G1 X575.04 Y451.02 Z11.23 nX0.000 nY0.000 nZ-1.000 E46577.40 F6000
G1 X576.24 Y451.62 Z11.23 nX0.000 nY0.000 nZ-1.000 E46580.48 F6000
G1 X577.39 Y452.32 Z11.23 nX0.000 nY0.000 nZ-1.000 E46583.56 F6000
G1 X578.51 Y453.13 Z11.23 nX0.000 nY0.000 nZ-1.000 E46586.74 F6000
G1 X620.18 Y486.27 Z11.26 nX0.000 nY0.000 nZ-1.000 E46708.85 F6000
G1 X622.14 Y487.57 Z11.27 nX0.000 nY0.000 nZ-1.000 E46714.25 F6000
G1 X624.38 Y488.55 Z11.27 nX0.000 nY0.000 nZ-1.000 E46719.85 F6000
G1 X626.75 Y489.12 Z11.27 nX0.000 nY0.000 nZ-1.000 E46725.45 F6000
G1 X629.10 Y489.26 Z11.27 nX0.000 nY0.000 nZ-1.000 E46730.85 F6000
G1 X796.73 Y484.87 Z11.38 nX0.000 nY0.000 nZ-1.000 E47115.49 F6000
G1 X796.76 Y485.84 Z11.38 nX0.000 nY0.000 nZ-1.000 E47117.72 F6000
G1 X796.76 Y568.63 Z11.43 nX0.000 nY0.000 nZ-1.000 E47307.61 F6000
G1 X598.19 Y568.63 Z11.55 nX0.000 nY0.000 nZ-1.000 E47763.08 F6000
G1 X567.69 Y461.43 Z11.62 nX0.000 nY0.000 nZ-1.000 E48018.73 F6000
G1 X529.83 Y461.43 Z11.65 nX0.000 nY0.000 nZ-1.000 E48105.56 F6000
G1 X499.33 Y568.63 Z11.72 nX0.000 nY0.000 nZ-1.000 E48361.21 F6000
G1 X300.76 Y568.63 Z11.84 nX0.000 nY0.000 nZ-1.000 E48816.68 F6000
G1 X300.76 Y485.84 Z11.89 nX0.000 nY0.000 nZ-1.000 E49006.57 F6000
G1 X300.78 Y484.87 Z11.89 nX0.000 nY0.000 nZ-1.000 E49008.80 F6000
G1 X468.41 Y489.26 Z12.00 nX0.000 nY0.000 nZ-1.000 E49393.44 F6000
G1 X470.76 Y489.12 Z12.00 nX0.000 nY0.000 nZ-1.000 E49398.84 F6000
G1 X473.14 Y488.55 Z12.00 nX0.000 nY0.000 nZ-1.000 E49404.44 F6000
G1 X474.35 Y492.16 Z12.01 nX0.000 nY0.000 nZ-1.000 E49413.19 F6000
G1 X471.33 Y492.89 Z12.01 nX0.000 nY0.000 nZ-1.000 E49420.31 F6000
G1 X468.48 Y493.06 Z12.01 nX0.000 nY0.000 nZ-1.000 E49426.86 F6000
G1 X304.56 Y488.77 Z12.11 nX0.000 nY0.000 nZ-1.000 E49802.98 F6000
G1 X304.56 Y492.62 Z12.11 nX0.000 nY0.000 nZ-1.000 E49811.82 F6000
G1 X306.51 Y492.62 Z12.12 nX0.000 nY0.000 nZ-1.000 E49816.30 F6000
G1 X306.51 Y492.82 Z12.12 nX0.000 nY0.000 nZ-1.000 E49816.76 F6000
G1 X468.55 Y497.07 Z12.22 nX0.000 nY0.000 nZ-1.000 E50188.58 F6000
G1 X471.92 Y496.86 Z12.22 nX0.000 nY0.000 nZ-1.000 E50196.32 F6000
G1 X475.62 Y495.97 Z12.22 nX0.000 nY0.000 nZ-1.000 E50205.06 F6000
G1 X479.11 Y494.45 Z12.22 nX0.000 nY0.000 nZ-1.000 E50213.79 F6000
G1 X481.93 Y492.59 Z12.23 nX0.000 nY0.000 nZ-1.000 E50221.53 F6000
G1 X523.73 Y459.34 Z12.26 nX0.000 nY0.000 nZ-1.000 E50344.05 F6000
G1 X524.45 Y458.81 Z12.26 nX0.000 nY0.000 nZ-1.000 E50346.10 F6000
G1 X525.04 Y458.46 Z12.26 nX0.000 nY0.000 nZ-1.000 E50347.68 F6000
G1 X525.66 Y458.15 Z12.26 nX0.000 nY0.000 nZ-1.000 E50349.26 F6000
G1 X526.30 Y457.90 Z12.26 nX0.000 nY0.000 nZ-1.000 E50350.83 F6000
G1 X526.95 Y457.70 Z12.26 nX0.000 nY0.000 nZ-1.000 E50352.41 F6000
G1 X527.63 Y457.55 Z12.26 nX0.000 nY0.000 nZ-1.000 E50353.99 F6000
G1 X528.31 Y457.47 Z12.26 nX0.000 nY0.000 nZ-1.000 E50355.57 F6000
G1 X529.20 Y457.43 Z12.26 nX0.000 nY0.000 nZ-1.000 E50357.62 F6000
G1 X568.31 Y457.43 Z12.29 nX0.000 nY0.000 nZ-1.000 E50447.33 F6000
G1 X569.21 Y457.47 Z12.29 nX0.000 nY0.000 nZ-1.000 E50449.38 F6000
G1 X569.89 Y457.55 Z12.29 nX0.000 nY0.000 nZ-1.000 E50450.96 F6000
G1 X570.56 Y457.70 Z12.29 nX0.000 nY0.000 nZ-1.000 E50452.54 F6000
G1 X571.22 Y457.90 Z12.29 nX0.000 nY0.000 nZ-1.000 E50454.11 F6000
G1 X571.86 Y458.15 Z12.29 nX0.000 nY0.000 nZ-1.000 E50455.69 F6000
G1 X572.48 Y458.46 Z12.29 nX0.000 nY0.000 nZ-1.000 E50457.27 F6000
G1 X573.06 Y458.81 Z12.29 nX0.000 nY0.000 nZ-1.000 E50458.85 F6000
G1 X573.79 Y459.34 Z12.29 nX0.000 nY0.000 nZ-1.000 E50460.90 F6000
G1 X615.59 Y492.59 Z12.33 nX0.000 nY0.000 nZ-1.000 E50583.41 F6000
G1 X618.40 Y494.45 Z12.33 nX0.000 nY0.000 nZ-1.000 E50591.16 F6000
G1 X621.89 Y495.97 Z12.33 nX0.000 nY0.000 nZ-1.000 E50599.89 F6000
G1 X625.60 Y496.86 Z12.33 nX0.000 nY0.000 nZ-1.000 E50608.62 F6000
G1 X628.97 Y497.07 Z12.34 nX0.000 nY0.000 nZ-1.000 E50616.37 F6000
G1 X791.01 Y492.82 Z12.44 nX0.000 nY0.000 nZ-1.000 E50988.19 F6000
G1 X791.01 Y492.62 Z12.44 nX0.000 nY0.000 nZ-1.000 E50988.64 F6000
G1 X792.96 Y492.62 Z12.44 nX0.000 nY0.000 nZ-1.000 E50993.12 F6000
G1 X792.96 Y488.77 Z12.44 nX0.000 nY0.000 nZ-1.000 E51001.96 F6000
G1 X701.27 Y491.17 Z12.50 nX0.000 nY0.000 nZ-1.000 E51212.35 F6000
;Layer 10
G1 X629.04 Y493.06 Z12.54 nX0.000 nY0.000 nZ-1.000 E51378.09 F6000
G1 X626.88 Y492.93 Z12.55 nX0.000 nY0.000 nZ-1.000 E51383.04 F6000
G1 X628.11 Y489.20 Z12.55 nX0.000 nY0.000 nZ-1.000 E51392.05 F6000
G1 X629.10 Y489.26 Z12.55 nX0.000 nY0.000 nZ-1.000 E51394.34 F6000
G1 X796.73 Y484.87 Z12.65 nX0.000 nY0.000 nZ-1.000 E51778.97 F6000
G1 X796.76 Y485.84 Z12.65 nX0.000 nY0.000 nZ-1.000 E51781.21 F6000
G1 X796.76 Y568.63 Z12.71 nX0.000 nY0.000 nZ-1.000 E51971.09 F6000
G1 X598.19 Y568.63 Z12.83 nX0.000 nY0.000 nZ-1.000 E52426.56 F6000
G1 X567.69 Y461.43 Z12.90 nX0.000 nY0.000 nZ-1.000 E52682.22 F6000
G1 X529.83 Y461.43 Z12.93 nX0.000 nY0.000 nZ-1.000 E52769.04 F6000
G1 X499.33 Y568.63 Z13.00 nX0.000 nY0.000 nZ-1.000 E53024.70 F6000
G1 X300.76 Y568.63 Z13.12 nX0.000 nY0.000 nZ-1.000 E53480.17 F6000
G1 X300.76 Y485.84 Z13.17 nX0.000 nY0.000 nZ-1.000 E53670.06 F6000
G1 X300.78 Y484.87 Z13.17 nX0.000 nY0.000 nZ-1.000 E53672.29 F6000
G1 X468.41 Y489.26 Z13.28 nX0.000 nY0.000 nZ-1.000 E54056.93 F6000
G1 X470.76 Y489.12 Z13.28 nX0.000 nY0.000 nZ-1.000 E54062.33 F6000
G1 X473.14 Y488.55 Z13.28 nX0.000 nY0.000 nZ-1.000 E54067.93 F6000
G1 X475.97 Y487.37 Z13.28 nX0.000 nY0.000 nZ-1.000 E54074.96 F6000
G1 X477.34 Y486.27 Z13.28 nX0.000 nY0.000 nZ-1.000 E54078.99 F6000
G1 X519.00 Y453.13 Z13.32 nX0.000 nY0.000 nZ-1.000 E54201.10 F6000
G1 X520.12 Y452.32 Z13.32 nX0.000 nY0.000 nZ-1.000 E54204.28 F6000
G1 X521.27 Y451.62 Z13.32 nX0.000 nY0.000 nZ-1.000 E54207.36 F6000
G1 X522.47 Y451.02 Z13.32 nX0.000 nY0.000 nZ-1.000 E54210.44 F6000
G1 X523.72 Y450.53 Z13.32 nX0.000 nY0.000 nZ-1.000 E54213.52 F6000
G1 X525.01 Y450.14 Z13.32 nX0.000 nY0.000 nZ-1.000 E54216.60 F6000
G1 X526.32 Y449.86 Z13.32 nX0.000 nY0.000 nZ-1.000 E54219.68 F6000
G1 X527.65 Y449.69 Z13.32 nX0.000 nY0.000 nZ-1.000 E54222.76 F6000
G1 X529.04 Y449.63 Z13.32 nX0.000 nY0.000 nZ-1.000 E54225.94 F6000
G1 X567.51 Y449.63 Z13.35 nX0.000 nY0.000 nZ-1.000 E54314.19 F6000
G1 X569.86 Y449.69 Z13.35 nX0.000 nY0.000 nZ-1.000 E54319.58 F6000
G1 X571.19 Y449.86 Z13.35 nX0.000 nY0.000 nZ-1.000 E54322.67 F6000
G1 X572.51 Y450.14 Z13.35 nX0.000 nY0.000 nZ-1.000 E54325.75 F6000
G1 X573.79 Y450.53 Z13.35 nX0.000 nY0.000 nZ-1.000 E54328.83 F6000
G1 X575.04 Y451.02 Z13.35 nX0.000 nY0.000 nZ-1.000 E54331.91 F6000
G1 X576.25 Y451.62 Z13.35 nX0.000 nY0.000 nZ-1.000 E54334.99 F6000
G1 X577.39 Y452.32 Z13.36 nX0.000 nY0.000 nZ-1.000 E54338.07 F6000
G1 X578.51 Y453.13 Z13.36 nX0.000 nY0.000 nZ-1.000 E54341.25 F6000
G1 X620.18 Y486.27 Z13.39 nX0.000 nY0.000 nZ-1.000 E54463.36 F6000
G1 X622.14 Y487.57 Z13.39 nX0.000 nY0.000 nZ-1.000 E54468.76 F6000
G1 X624.38 Y488.55 Z13.39 nX0.000 nY0.000 nZ-1.000 E54474.36 F6000
G1 X623.17 Y492.16 Z13.40 nX0.000 nY0.000 nZ-1.000 E54483.11 F6000
G1 X620.32 Y490.93 Z13.40 nX0.000 nY0.000 nZ-1.000 E54490.24 F6000
G1 X617.94 Y489.35 Z13.40 nX0.000 nY0.000 nZ-1.000 E54496.78 F6000
G1 X576.21 Y456.16 Z13.43 nX0.000 nY0.000 nZ-1.000 E54619.09 F6000
G1 X575.28 Y455.48 Z13.43 nX0.000 nY0.000 nZ-1.000 E54621.72 F6000
G1 X574.41 Y454.95 Z13.43 nX0.000 nY0.000 nZ-1.000 E54624.07 F6000
G1 X573.49 Y454.49 Z13.43 nX0.000 nY0.000 nZ-1.000 E54626.41 F6000
G1 X572.54 Y454.12 Z13.44 nX0.000 nY0.000 nZ-1.000 E54628.76 F6000
G1 X571.56 Y453.82 Z13.44 nX0.000 nY0.000 nZ-1.000 E54631.11 F6000
G1 X570.56 Y453.61 Z13.44 nX0.000 nY0.000 nZ-1.000 E54633.46 F6000
G1 X569.54 Y453.48 Z13.44 nX0.000 nY0.000 nZ-1.000 E54635.81 F6000
G1 X568.40 Y453.43 Z13.44 nX0.000 nY0.000 nZ-1.000 E54638.44 F6000
G1 X529.12 Y453.43 Z13.46 nX0.000 nY0.000 nZ-1.000 E54728.54 F6000
G1 X527.97 Y453.48 Z13.46 nX0.000 nY0.000 nZ-1.000 E54731.17 F6000
G1 X526.96 Y453.61 Z13.46 nX0.000 nY0.000 nZ-1.000 E54733.52 F6000
G1 X525.96 Y453.82 Z13.46 nX0.000 nY0.000 nZ-1.000 E54735.86 F6000
G1 X524.98 Y454.12 Z13.47 nX0.000 nY0.000 nZ-1.000 E54738.21 F6000
G1 X524.02 Y454.49 Z13.47 nX0.000 nY0.000 nZ-1.000 E54740.56 F6000
G1 X523.11 Y454.95 Z13.47 nX0.000 nY0.000 nZ-1.000 E54742.91 F6000
G1 X522.23 Y455.48 Z13.47 nX0.000 nY0.000 nZ-1.000 E54745.26 F6000
G1 X521.31 Y456.16 Z13.47 nX0.000 nY0.000 nZ-1.000 E54747.89 F6000
G1 X479.58 Y489.35 Z13.50 nX0.000 nY0.000 nZ-1.000 E54870.20 F6000
G1 X477.39 Y490.80 Z13.50 nX0.000 nY0.000 nZ-1.000 E54876.21 F6000
G1 X474.35 Y492.16 Z13.51 nX0.000 nY0.000 nZ-1.000 E54883.86 F6000
G1 X471.33 Y492.89 Z13.51 nX0.000 nY0.000 nZ-1.000 E54890.98 F6000
G1 X468.48 Y493.06 Z13.51 nX0.000 nY0.000 nZ-1.000 E54897.53 F6000
G1 X304.56 Y488.77 Z13.61 nX0.000 nY0.000 nZ-1.000 E55273.65 F6000
G1 X304.56 Y492.62 Z13.61 nX0.000 nY0.000 nZ-1.000 E55282.49 F6000
G1 X306.51 Y492.62 Z13.62 nX0.000 nY0.000 nZ-1.000 E55286.97 F6000
G1 X306.51 Y492.82 Z13.62 nX0.000 nY0.000 nZ-1.000 E55287.43 F6000
G1 X468.55 Y497.07 Z13.72 nX0.000 nY0.000 nZ-1.000 E55659.25 F6000
G1 X471.92 Y496.86 Z13.72 nX0.000 nY0.000 nZ-1.000 E55666.99 F6000
G1 X475.62 Y495.97 Z13.72 nX0.000 nY0.000 nZ-1.000 E55675.72 F6000
G1 X479.11 Y494.45 Z13.72 nX0.000 nY0.000 nZ-1.000 E55684.46 F6000
G1 X481.93 Y492.59 Z13.73 nX0.000 nY0.000 nZ-1.000 E55692.20 F6000
G1 X523.73 Y459.34 Z13.76 nX0.000 nY0.000 nZ-1.000 E55814.72 F6000
G1 X524.45 Y458.81 Z13.76 nX0.000 nY0.000 nZ-1.000 E55816.77 F6000
G1 X525.04 Y458.46 Z13.76 nX0.000 nY0.000 nZ-1.000 E55818.35 F6000
G1 X525.66 Y458.15 Z13.76 nX0.000 nY0.000 nZ-1.000 E55819.92 F6000
G1 X526.30 Y457.90 Z13.76 nX0.000 nY0.000 nZ-1.000 E55821.50 F6000
G1 X526.95 Y457.70 Z13.76 nX0.000 nY0.000 nZ-1.000 E55823.08 F6000
G1 X527.63 Y457.55 Z13.76 nX0.000 nY0.000 nZ-1.000 E55824.66 F6000
G1 X528.31 Y457.47 Z13.76 nX0.000 nY0.000 nZ-1.000 E55826.24 F6000
G1 X529.20 Y457.43 Z13.76 nX0.000 nY0.000 nZ-1.000 E55828.29 F6000
G1 X568.31 Y457.43 Z13.79 nX0.000 nY0.000 nZ-1.000 E55918.00 F6000
G1 X569.21 Y457.47 Z13.79 nX0.000 nY0.000 nZ-1.000 E55920.05 F6000
G1 X569.89 Y457.55 Z13.79 nX0.000 nY0.000 nZ-1.000 E55921.63 F6000
G1 X570.56 Y457.70 Z13.79 nX0.000 nY0.000 nZ-1.000 E55923.21 F6000
G1 X571.22 Y457.90 Z13.79 nX0.000 nY0.000 nZ-1.000 E55924.78 F6000
G1 X571.86 Y458.15 Z13.79 nX0.000 nY0.000 nZ-1.000 E55926.36 F6000
G1 X572.48 Y458.46 Z13.79 nX0.000 nY0.000 nZ-1.000 E55927.94 F6000
G1 X573.06 Y458.81 Z13.79 nX0.000 nY0.000 nZ-1.000 E55929.52 F6000
G1 X573.79 Y459.34 Z13.79 nX0.000 nY0.000 nZ-1.000 E55931.57 F6000
G1 X615.59 Y492.59 Z13.83 nX0.000 nY0.000 nZ-1.000 E56054.08 F6000
G1 X618.40 Y494.45 Z13.83 nX0.000 nY0.000 nZ-1.000 E56061.83 F6000
G1 X621.89 Y495.97 Z13.83 nX0.000 nY0.000 nZ-1.000 E56070.56 F6000
G1 X625.60 Y496.86 Z13.83 nX0.000 nY0.000 nZ-1.000 E56079.29 F6000
G1 X628.97 Y497.07 Z13.84 nX0.000 nY0.000 nZ-1.000 E56087.04 F6000
G1 X791.01 Y492.82 Z13.94 nX0.000 nY0.000 nZ-1.000 E56458.86 F6000
G1 X791.01 Y492.62 Z13.94 nX0.000 nY0.000 nZ-1.000 E56459.31 F6000
G1 X792.96 Y492.62 Z13.94 nX0.000 nY0.000 nZ-1.000 E56463.79 F6000
G1 X792.96 Y488.77 Z13.94 nX0.000 nY0.000 nZ-1.000 E56472.63 F6000
G1 X701.27 Y491.17 Z14.00 nX0.000 nY0.000 nZ-1.000 E56683.02 F6000
;Layer 11
G1 X629.04 Y493.06 Z14.04 nX0.000 nY0.000 nZ-1.000 E56848.76 F6000
G1 X626.88 Y492.93 Z14.05 nX0.000 nY0.000 nZ-1.000 E56853.71 F6000
G1 X628.11 Y489.20 Z14.05 nX0.000 nY0.000 nZ-1.000 E56862.72 F6000
G1 X629.10 Y489.26 Z14.05 nX0.000 nY0.000 nZ-1.000 E56865.01 F6000
G1 X796.73 Y484.87 Z14.15 nX0.000 nY0.000 nZ-1.000 E57249.64 F6000
G1 X796.76 Y485.84 Z14.15 nX0.000 nY0.000 nZ-1.000 E57251.88 F6000
G1 X796.76 Y568.63 Z14.21 nX0.000 nY0.000 nZ-1.000 E57441.76 F6000
G1 X598.19 Y568.63 Z14.33 nX0.000 nY0.000 nZ-1.000 E57897.23 F6000
G1 X567.69 Y461.43 Z14.40 nX0.000 nY0.000 nZ-1.000 E58152.89 F6000
G1 X529.83 Y461.43 Z14.43 nX0.000 nY0.000 nZ-1.000 E58239.71 F6000
G1 X499.33 Y568.63 Z14.50 nX0.000 nY0.000 nZ-1.000 E58495.37 F6000
G1 X300.76 Y568.63 Z14.62 nX0.000 nY0.000 nZ-1.000 E58950.84 F6000
G1 X300.76 Y485.84 Z14.67 nX0.000 nY0.000 nZ-1.000 E59140.73 F6000
G1 X300.78 Y484.87 Z14.67 nX0.000 nY0.000 nZ-1.000 E59142.96 F6000
G1 X468.41 Y489.26 Z14.78 nX0.000 nY0.000 nZ-1.000 E59527.60 F6000
G1 X470.76 Y489.12 Z14.78 nX0.000 nY0.000 nZ-1.000 E59533.00 F6000
G1 X473.14 Y488.55 Z14.78 nX0.000 nY0.000 nZ-1.000 E59538.60 F6000
G1 X475.38 Y487.57 Z14.78 nX0.000 nY0.000 nZ-1.000 E59544.20 F6000
G1 X477.34 Y486.27 Z14.78 nX0.000 nY0.000 nZ-1.000 E59549.60 F6000
G1 X519.00 Y453.13 Z14.82 nX0.000 nY0.000 nZ-1.000 E59671.71 F6000
G1 X520.12 Y452.32 Z14.82 nX0.000 nY0.000 nZ-1.000 E59674.89 F6000
G1 X521.27 Y451.62 Z14.82 nX0.000 nY0.000 nZ-1.000 E59677.97 F6000
G1 X522.47 Y451.02 Z14.82 nX0.000 nY0.000 nZ-1.000 E59681.05 F6000
G1 X523.72 Y450.53 Z14.82 nX0.000 nY0.000 nZ-1.000 E59684.13 F6000
G1 X525.01 Y450.14 Z14.82 nX0.000 nY0.000 nZ-1.000 E59687.21 F6000
G1 X526.32 Y449.86 Z14.82 nX0.000 nY0.000 nZ-1.000 E59690.29 F6000
G1 X527.65 Y449.69 Z14.82 nX0.000 nY0.000 nZ-1.000 E59693.37 F6000
G1 X529.04 Y449.63 Z14.82 nX0.000 nY0.000 nZ-1.000 E59696.55 F6000
G1 X567.51 Y449.63 Z14.85 nX0.000 nY0.000 nZ-1.000 E59784.80 F6000
G1 X569.86 Y449.69 Z14.85 nX0.000 nY0.000 nZ-1.000 E59790.19 F6000
G1 X571.19 Y449.86 Z14.85 nX0.000 nY0.000 nZ-1.000 E59793.28 F6000
G1 X572.51 Y450.14 Z14.85 nX0.000 nY0.000 nZ-1.000 E59796.36 F6000
G1 X573.79 Y450.53 Z14.85 nX0.000 nY0.000 nZ-1.000 E59799.44 F6000
G1 X575.04 Y451.02 Z14.85 nX0.000 nY0.000 nZ-1.000 E59802.52 F6000
G1 X576.25 Y451.62 Z14.85 nX0.000 nY0.000 nZ-1.000 E59805.60 F6000
G1 X577.39 Y452.32 Z14.86 nX0.000 nY0.000 nZ-1.000 E59808.68 F6000
G1 X578.51 Y453.13 Z14.86 nX0.000 nY0.000 nZ-1.000 E59811.86 F6000
G1 X620.18 Y486.27 Z14.89 nX0.000 nY0.000 nZ-1.000 E59933.97 F6000
G1 X622.14 Y487.57 Z14.89 nX0.000 nY0.000 nZ-1.000 E59939.37 F6000
G1 X624.38 Y488.55 Z14.89 nX0.000 nY0.000 nZ-1.000 E59944.97 F6000
G1 X623.17 Y492.16 Z14.90 nX0.000 nY0.000 nZ-1.000 E59953.72 F6000
G1 X620.32 Y490.93 Z14.90 nX0.000 nY0.000 nZ-1.000 E59960.85 F6000
G1 X617.94 Y489.35 Z14.90 nX0.000 nY0.000 nZ-1.000 E59967.39 F6000
G1 X576.21 Y456.16 Z14.93 nX0.000 nY0.000 nZ-1.000 E60089.70 F6000
G1 X575.28 Y455.48 Z14.93 nX0.000 nY0.000 nZ-1.000 E60092.33 F6000
G1 X574.41 Y454.95 Z14.93 nX0.000 nY0.000 nZ-1.000 E60094.68 F6000
G1 X573.49 Y454.49 Z14.93 nX0.000 nY0.000 nZ-1.000 E60097.02 F6000
G1 X572.54 Y454.12 Z14.94 nX0.000 nY0.000 nZ-1.000 E60099.37 F6000
G1 X571.56 Y453.82 Z14.94 nX0.000 nY0.000 nZ-1.000 E60101.72 F6000
G1 X570.56 Y453.61 Z14.94 nX0.000 nY0.000 nZ-1.000 E60104.07 F6000
G1 X569.54 Y453.48 Z14.94 nX0.000 nY0.000 nZ-1.000 E60106.42 F6000
G1 X568.40 Y453.43 Z14.94 nX0.000 nY0.000 nZ-1.000 E60109.05 F6000
G1 X529.12 Y453.43 Z14.96 nX0.000 nY0.000 nZ-1.000 E60199.15 F6000
G1 X527.97 Y453.48 Z14.96 nX0.000 nY0.000 nZ-1.000 E60201.78 F6000
G1 X526.96 Y453.61 Z14.96 nX0.000 nY0.000 nZ-1.000 E60204.13 F6000
G1 X525.96 Y453.82 Z14.96 nX0.000 nY0.000 nZ-1.000 E60206.47 F6000
G1 X524.98 Y454.12 Z14.97 nX0.000 nY0.000 nZ-1.000 E60208.82 F6000
G1 X524.02 Y454.49 Z14.97 nX0.000 nY0.000 nZ-1.000 E60211.17 F6000
G1 X523.11 Y454.95 Z14.97 nX0.000 nY0.000 nZ-1.000 E60213.52 F6000
G1 X522.23 Y455.48 Z14.97 nX0.000 nY0.000 nZ-1.000 E60215.87 F6000
G1 X521.31 Y456.16 Z14.97 nX0.000 nY0.000 nZ-1.000 E60218.50 F6000
G1 X479.58 Y489.35 Z15.00 nX0.000 nY0.000 nZ-1.000 E60340.81 F6000
G1 X477.20 Y490.93 Z15.00 nX0.000 nY0.000 nZ-1.000 E60347.35 F6000
G1 X474.35 Y492.16 Z15.01 nX0.000 nY0.000 nZ-1.000 E60354.48 F6000
G1 X471.33 Y492.89 Z15.01 nX0.000 nY0.000 nZ-1.000 E60361.60 F6000
G1 X468.48 Y493.06 Z15.01 nX0.000 nY0.000 nZ-1.000 E60368.14 F6000
G1 X304.56 Y488.77 Z15.11 nX0.000 nY0.000 nZ-1.000 E60744.27 F6000
G1 X304.56 Y492.62 Z15.11 nX0.000 nY0.000 nZ-1.000 E60753.11 F6000
G1 X306.51 Y492.62 Z15.12 nX0.000 nY0.000 nZ-1.000 E60757.59 F6000
G1 X306.51 Y492.82 Z15.12 nX0.000 nY0.000 nZ-1.000 E60758.05 F6000
G1 X468.55 Y497.07 Z15.22 nX0.000 nY0.000 nZ-1.000 E61129.87 F6000
G1 X471.92 Y496.86 Z15.22 nX0.000 nY0.000 nZ-1.000 E61137.61 F6000
G1 X475.62 Y495.97 Z15.22 nX0.000 nY0.000 nZ-1.000 E61146.34 F6000
G1 X479.11 Y494.45 Z15.22 nX0.000 nY0.000 nZ-1.000 E61155.07 F6000
G1 X481.93 Y492.59 Z15.23 nX0.000 nY0.000 nZ-1.000 E61162.82 F6000
G1 X523.73 Y459.34 Z15.26 nX0.000 nY0.000 nZ-1.000 E61285.34 F6000
G1 X524.45 Y458.81 Z15.26 nX0.000 nY0.000 nZ-1.000 E61287.39 F6000
G1 X525.04 Y458.46 Z15.26 nX0.000 nY0.000 nZ-1.000 E61288.96 F6000
G1 X525.66 Y458.15 Z15.26 nX0.000 nY0.000 nZ-1.000 E61290.54 F6000
G1 X526.30 Y457.90 Z15.26 nX0.000 nY0.000 nZ-1.000 E61292.12 F6000
G1 X526.95 Y457.70 Z15.26 nX0.000 nY0.000 nZ-1.000 E61293.70 F6000
G1 X527.63 Y457.55 Z15.26 nX0.000 nY0.000 nZ-1.000 E61295.28 F6000
G1 X528.31 Y457.47 Z15.26 nX0.000 nY0.000 nZ-1.000 E61296.85 F6000
G1 X529.20 Y457.43 Z15.26 nX0.000 nY0.000 nZ-1.000 E61298.90 F6000
G1 X568.31 Y457.43 Z15.29 nX0.000 nY0.000 nZ-1.000 E61388.62 F6000
G1 X569.21 Y457.47 Z15.29 nX0.000 nY0.000 nZ-1.000 E61390.67 F6000
G1 X569.89 Y457.55 Z15.29 nX0.000 nY0.000 nZ-1.000 E61392.25 F6000
G1 X570.56 Y457.70 Z15.29 nX0.000 nY0.000 nZ-1.000 E61393.82 F6000
G1 X571.22 Y457.90 Z15.29 nX0.000 nY0.000 nZ-1.000 E61395.40 F6000
G1 X571.86 Y458.15 Z15.29 nX0.000 nY0.000 nZ-1.000 E61396.98 F6000
G1 X572.48 Y458.46 Z15.29 nX0.000 nY0.000 nZ-1.000 E61398.56 F6000
G1 X573.06 Y458.81 Z15.29 nX0.000 nY0.000 nZ-1.000 E61400.13 F6000
G1 X573.79 Y459.34 Z15.29 nX0.000 nY0.000 nZ-1.000 E61402.18 F6000
G1 X615.59 Y492.59 Z15.33 nX0.000 nY0.000 nZ-1.000 E61524.70 F6000
G1 X618.40 Y494.45 Z15.33 nX0.000 nY0.000 nZ-1.000 E61532.45 F6000
G1 X621.89 Y495.97 Z15.33 nX0.000 nY0.000 nZ-1.000 E61541.18 F6000
G1 X625.60 Y496.86 Z15.33 nX0.000 nY0.000 nZ-1.000 E61549.91 F6000
G1 X628.97 Y497.07 Z15.34 nX0.000 nY0.000 nZ-1.000 E61557.66 F6000
G1 X791.01 Y492.82 Z15.44 nX0.000 nY0.000 nZ-1.000 E61929.47 F6000
G1 X791.01 Y492.62 Z15.44 nX0.000 nY0.000 nZ-1.000 E61929.93 F6000
G1 X792.96 Y492.62 Z15.44 nX0.000 nY0.000 nZ-1.000 E61934.41 F6000
G1 X792.96 Y488.77 Z15.44 nX0.000 nY0.000 nZ-1.000 E61943.25 F6000
G1 X701.27 Y491.17 Z15.50 nX0.000 nY0.000 nZ-1.000 E62153.64 F6000
;Layer 12
G1 X629.04 Y493.06 Z15.54 nX0.000 nY0.000 nZ-1.000 E62319.38 F6000
G1 X626.86 Y492.93 Z15.55 nX0.000 nY0.000 nZ-1.000 E62324.38 F6000
G1 X623.17 Y492.16 Z15.55 nX0.000 nY0.000 nZ-1.000 E62333.03 F6000
G1 X620.32 Y490.93 Z15.55 nX0.000 nY0.000 nZ-1.000 E62340.15 F6000
G1 X617.94 Y489.35 Z15.55 nX0.000 nY0.000 nZ-1.000 E62346.69 F6000
G1 X576.21 Y456.16 Z15.59 nX0.000 nY0.000 nZ-1.000 E62469.00 F6000
G1 X575.28 Y455.48 Z15.59 nX0.000 nY0.000 nZ-1.000 E62471.63 F6000
G1 X574.41 Y454.95 Z15.59 nX0.000 nY0.000 nZ-1.000 E62473.98 F6000
G1 X573.49 Y454.49 Z15.59 nX0.000 nY0.000 nZ-1.000 E62476.33 F6000
G1 X572.54 Y454.12 Z15.59 nX0.000 nY0.000 nZ-1.000 E62478.68 F6000
G1 X571.56 Y453.82 Z15.59 nX0.000 nY0.000 nZ-1.000 E62481.03 F6000
G1 X570.56 Y453.61 Z15.59 nX0.000 nY0.000 nZ-1.000 E62483.38 F6000
G1 X569.54 Y453.48 Z15.59 nX0.000 nY0.000 nZ-1.000 E62485.72 F6000
G1 X568.40 Y453.43 Z15.59 nX0.000 nY0.000 nZ-1.000 E62488.35 F6000
G1 X529.12 Y453.43 Z15.62 nX0.000 nY0.000 nZ-1.000 E62578.45 F6000
G1 X527.97 Y453.48 Z15.62 nX0.000 nY0.000 nZ-1.000 E62581.08 F6000
G1 X526.96 Y453.61 Z15.62 nX0.000 nY0.000 nZ-1.000 E62583.43 F6000
G1 X525.96 Y453.82 Z15.62 nX0.000 nY0.000 nZ-1.000 E62585.78 F6000
G1 X524.98 Y454.12 Z15.62 nX0.000 nY0.000 nZ-1.000 E62588.13 F6000
G1 X524.02 Y454.49 Z15.62 nX0.000 nY0.000 nZ-1.000 E62590.48 F6000
G1 X523.11 Y454.95 Z15.62 nX0.000 nY0.000 nZ-1.000 E62592.82 F6000
G1 X522.23 Y455.48 Z15.62 nX0.000 nY0.000 nZ-1.000 E62595.17 F6000
G1 X521.31 Y456.16 Z15.62 nX0.000 nY0.000 nZ-1.000 E62597.80 F6000
G1 X479.58 Y489.35 Z15.65 nX0.000 nY0.000 nZ-1.000 E62720.11 F6000
G1 X477.78 Y490.54 Z15.66 nX0.000 nY0.000 nZ-1.000 E62725.06 F6000
G1 X476.51 Y486.82 Z15.66 nX0.000 nY0.000 nZ-1.000 E62734.07 F6000
G1 X477.34 Y486.27 Z15.66 nX0.000 nY0.000 nZ-1.000 E62736.36 F6000
G1 X519.00 Y453.13 Z15.69 nX0.000 nY0.000 nZ-1.000 E62858.47 F6000
G1 X520.12 Y452.32 Z15.69 nX0.000 nY0.000 nZ-1.000 E62861.65 F6000
G1 X521.27 Y451.62 Z15.69 nX0.000 nY0.000 nZ-1.000 E62864.73 F6000
G1 X522.47 Y451.02 Z15.69 nX0.000 nY0.000 nZ-1.000 E62867.81 F6000
G1 X523.72 Y450.53 Z15.70 nX0.000 nY0.000 nZ-1.000 E62870.89 F6000
G1 X525.01 Y450.14 Z15.70 nX0.000 nY0.000 nZ-1.000 E62873.97 F6000
G1 X526.32 Y449.86 Z15.70 nX0.000 nY0.000 nZ-1.000 E62877.05 F6000
G1 X527.65 Y449.69 Z15.70 nX0.000 nY0.000 nZ-1.000 E62880.14 F6000
G1 X529.04 Y449.63 Z15.70 nX0.000 nY0.000 nZ-1.000 E62883.31 F6000
G1 X567.51 Y449.63 Z15.72 nX0.000 nY0.000 nZ-1.000 E62971.56 F6000
G1 X569.86 Y449.69 Z15.72 nX0.000 nY0.000 nZ-1.000 E62976.96 F6000
G1 X571.19 Y449.86 Z15.73 nX0.000 nY0.000 nZ-1.000 E62980.04 F6000
G1 X572.51 Y450.14 Z15.73 nX0.000 nY0.000 nZ-1.000 E62983.12 F6000
G1 X573.79 Y450.53 Z15.73 nX0.000 nY0.000 nZ-1.000 E62986.20 F6000
G1 X575.04 Y451.02 Z15.73 nX0.000 nY0.000 nZ-1.000 E62989.28 F6000
G1 X576.25 Y451.62 Z15.73 nX0.000 nY0.000 nZ-1.000 E62992.36 F6000
G1 X577.39 Y452.32 Z15.73 nX0.000 nY0.000 nZ-1.000 E62995.44 F6000
G1 X578.51 Y453.13 Z15.73 nX0.000 nY0.000 nZ-1.000 E62998.62 F6000
G1 X620.18 Y486.27 Z15.76 nX0.000 nY0.000 nZ-1.000 E63120.73 F6000
G1 X622.14 Y487.57 Z15.77 nX0.000 nY0.000 nZ-1.000 E63126.13 F6000
G1 X624.38 Y488.55 Z15.77 nX0.000 nY0.000 nZ-1.000 E63131.73 F6000
G1 X627.78 Y489.45 Z15.77 nX0.000 nY0.000 nZ-1.000 E63139.80 F6000
G1 X629.10 Y489.26 Z15.77 nX0.000 nY0.000 nZ-1.000 E63142.87 F6000
G1 X796.73 Y484.87 Z15.88 nX0.000 nY0.000 nZ-1.000 E63527.51 F6000
G1 X796.76 Y485.84 Z15.88 nX0.000 nY0.000 nZ-1.000 E63529.74 F6000
G1 X796.76 Y568.63 Z15.93 nX0.000 nY0.000 nZ-1.000 E63719.63 F6000
G1 X598.19 Y568.63 Z16.05 nX0.000 nY0.000 nZ-1.000 E64175.10 F6000
G1 X567.69 Y461.43 Z16.12 nX0.000 nY0.000 nZ-1.000 E64430.75 F6000
G1 X529.83 Y461.43 Z16.15 nX0.000 nY0.000 nZ-1.000 E64517.58 F6000
G1 X499.33 Y568.63 Z16.22 nX0.000 nY0.000 nZ-1.000 E64773.23 F6000
G1 X300.76 Y568.63 Z16.34 nX0.000 nY0.000 nZ-1.000 E65228.71 F6000
G1 X300.76 Y485.84 Z16.39 nX0.000 nY0.000 nZ-1.000 E65418.59 F6000
G1 X300.78 Y484.87 Z16.39 nX0.000 nY0.000 nZ-1.000 E65420.83 F6000
G1 X468.41 Y489.26 Z16.50 nX0.000 nY0.000 nZ-1.000 E65805.46 F6000
G1 X470.76 Y489.12 Z16.50 nX0.000 nY0.000 nZ-1.000 E65810.86 F6000
G1 X473.14 Y488.55 Z16.50 nX0.000 nY0.000 nZ-1.000 E65816.46 F6000
G1 X474.35 Y492.16 Z16.51 nX0.000 nY0.000 nZ-1.000 E65825.21 F6000
G1 X471.33 Y492.89 Z16.51 nX0.000 nY0.000 nZ-1.000 E65832.34 F6000
G1 X468.48 Y493.06 Z16.51 nX0.000 nY0.000 nZ-1.000 E65838.88 F6000
G1 X304.56 Y488.77 Z16.61 nX0.000 nY0.000 nZ-1.000 E66215.01 F6000
G1 X304.56 Y492.62 Z16.61 nX0.000 nY0.000 nZ-1.000 E66223.85 F6000
G1 X306.51 Y492.62 Z16.62 nX0.000 nY0.000 nZ-1.000 E66228.33 F6000
G1 X306.51 Y492.82 Z16.62 nX0.000 nY0.000 nZ-1.000 E66228.78 F6000
G1 X468.55 Y497.07 Z16.72 nX0.000 nY0.000 nZ-1.000 E66600.60 F6000
G1 X471.92 Y496.86 Z16.72 nX0.000 nY0.000 nZ-1.000 E66608.35 F6000
G1 X475.62 Y495.97 Z16.72 nX0.000 nY0.000 nZ-1.000 E66617.08 F6000
G1 X479.11 Y494.45 Z16.72 nX0.000 nY0.000 nZ-1.000 E66625.81 F6000
G1 X481.93 Y492.59 Z16.73 nX0.000 nY0.000 nZ-1.000 E66633.56 F6000
G1 X523.73 Y459.34 Z16.76 nX0.000 nY0.000 nZ-1.000 E66756.08 F6000
G1 X524.45 Y458.81 Z16.76 nX0.000 nY0.000 nZ-1.000 E66758.13 F6000
G1 X525.04 Y458.46 Z16.76 nX0.000 nY0.000 nZ-1.000 E66759.70 F6000
G1 X525.66 Y458.15 Z16.76 nX0.000 nY0.000 nZ-1.000 E66761.28 F6000
G1 X526.30 Y457.90 Z16.76 nX0.000 nY0.000 nZ-1.000 E66762.86 F6000
G1 X526.95 Y457.70 Z16.76 nX0.000 nY0.000 nZ-1.000 E66764.44 F6000
G1 X527.63 Y457.55 Z16.76 nX0.000 nY0.000 nZ-1.000 E66766.01 F6000
G1 X528.31 Y457.47 Z16.76 nX0.000 nY0.000 nZ-1.000 E66767.59 F6000
G1 X529.20 Y457.43 Z16.76 nX0.000 nY0.000 nZ-1.000 E66769.64 F6000
G1 X568.31 Y457.43 Z16.79 nX0.000 nY0.000 nZ-1.000 E66859.35 F6000
G1 X569.21 Y457.47 Z16.79 nX0.000 nY0.000 nZ-1.000 E66861.40 F6000
G1 X569.89 Y457.55 Z16.79 nX0.000 nY0.000 nZ-1.000 E66862.98 F6000
G1 X570.56 Y457.70 Z16.79 nX0.000 nY0.000 nZ-1.000 E66864.56 F6000
G1 X571.22 Y457.90 Z16.79 nX0.000 nY0.000 nZ-1.000 E66866.14 F6000
G1 X571.86 Y458.15 Z16.79 nX0.000 nY0.000 nZ-1.000 E66867.72 F6000
G1 X572.48 Y458.46 Z16.79 nX0.000 nY0.000 nZ-1.000 E66869.29 F6000
G1 X573.06 Y458.81 Z16.79 nX0.000 nY0.000 nZ-1.000 E66870.87 F6000
G1 X573.79 Y459.34 Z16.79 nX0.000 nY0.000 nZ-1.000 E66872.92 F6000
G1 X615.59 Y492.59 Z16.83 nX0.000 nY0.000 nZ-1.000 E66995.44 F6000
G1 X618.40 Y494.45 Z16.83 nX0.000 nY0.000 nZ-1.000 E67003.18 F6000
G1 X621.89 Y495.97 Z16.83 nX0.000 nY0.000 nZ-1.000 E67011.92 F6000
G1 X625.60 Y496.86 Z16.83 nX0.000 nY0.000 nZ-1.000 E67020.65 F6000
G1 X628.97 Y497.07 Z16.84 nX0.000 nY0.000 nZ-1.000 E67028.39 F6000
G1 X791.01 Y492.82 Z16.94 nX0.000 nY0.000 nZ-1.000 E67400.21 F6000
G1 X791.01 Y492.62 Z16.94 nX0.000 nY0.000 nZ-1.000 E67400.67 F6000
G1 X792.96 Y492.62 Z16.94 nX0.000 nY0.000 nZ-1.000 E67405.15 F6000
G1 X792.96 Y488.77 Z16.94 nX0.000 nY0.000 nZ-1.000 E67413.99 F6000
G1 X701.27 Y491.17 Z17.00 nX0.000 nY0.000 nZ-1.000 E67624.38 F6000
;Layer 13
G1 X629.04 Y493.06 Z17.04 nX0.000 nY0.000 nZ-1.000 E67790.11 F6000
G1 X626.19 Y492.89 Z17.05 nX0.000 nY0.000 nZ-1.000 E67796.66 F6000
G1 X623.17 Y492.16 Z17.05 nX0.000 nY0.000 nZ-1.000 E67803.78 F6000
G1 X620.32 Y490.93 Z17.05 nX0.000 nY0.000 nZ-1.000 E67810.91 F6000
G1 X617.94 Y489.35 Z17.05 nX0.000 nY0.000 nZ-1.000 E67817.45 F6000
G1 X576.21 Y456.16 Z17.09 nX0.000 nY0.000 nZ-1.000 E67939.76 F6000
G1 X575.28 Y455.48 Z17.09 nX0.000 nY0.000 nZ-1.000 E67942.39 F6000
G1 X574.41 Y454.95 Z17.09 nX0.000 nY0.000 nZ-1.000 E67944.74 F6000
G1 X573.49 Y454.49 Z17.09 nX0.000 nY0.000 nZ-1.000 E67947.09 F6000
G1 X572.54 Y454.12 Z17.09 nX0.000 nY0.000 nZ-1.000 E67949.44 F6000
G1 X571.56 Y453.82 Z17.09 nX0.000 nY0.000 nZ-1.000 E67951.78 F6000
G1 X570.56 Y453.61 Z17.09 nX0.000 nY0.000 nZ-1.000 E67954.13 F6000
G1 X569.54 Y453.48 Z17.09 nX0.000 nY0.000 nZ-1.000 E67956.48 F6000
G1 X568.40 Y453.43 Z17.09 nX0.000 nY0.000 nZ-1.000 E67959.11 F6000
G1 X529.12 Y453.43 Z17.12 nX0.000 nY0.000 nZ-1.000 E68049.21 F6000
G1 X527.97 Y453.48 Z17.12 nX0.000 nY0.000 nZ-1.000 E68051.84 F6000
G1 X526.96 Y453.61 Z17.12 nX0.000 nY0.000 nZ-1.000 E68054.19 F6000
G1 X525.96 Y453.82 Z17.12 nX0.000 nY0.000 nZ-1.000 E68056.54 F6000
G1 X524.98 Y454.12 Z17.12 nX0.000 nY0.000 nZ-1.000 E68058.88 F6000
G1 X524.02 Y454.49 Z17.12 nX0.000 nY0.000 nZ-1.000 E68061.23 F6000
G1 X523.11 Y454.95 Z17.12 nX0.000 nY0.000 nZ-1.000 E68063.58 F6000
G1 X522.23 Y455.48 Z17.12 nX0.000 nY0.000 nZ-1.000 E68065.93 F6000
G1 X521.31 Y456.16 Z17.12 nX0.000 nY0.000 nZ-1.000 E68068.56 F6000
G1 X479.58 Y489.35 Z17.15 nX0.000 nY0.000 nZ-1.000 E68190.87 F6000
G1 X477.78 Y490.54 Z17.16 nX0.000 nY0.000 nZ-1.000 E68195.82 F6000
G1 X476.51 Y486.82 Z17.16 nX0.000 nY0.000 nZ-1.000 E68204.83 F6000
G1 X477.34 Y486.27 Z17.16 nX0.000 nY0.000 nZ-1.000 E68207.12 F6000
G1 X519.00 Y453.13 Z17.19 nX0.000 nY0.000 nZ-1.000 E68329.23 F6000
G1 X520.12 Y452.32 Z17.19 nX0.000 nY0.000 nZ-1.000 E68332.41 F6000
G1 X521.27 Y451.62 Z17.19 nX0.000 nY0.000 nZ-1.000 E68335.49 F6000
G1 X522.47 Y451.02 Z17.19 nX0.000 nY0.000 nZ-1.000 E68338.57 F6000
G1 X523.72 Y450.53 Z17.20 nX0.000 nY0.000 nZ-1.000 E68341.65 F6000
G1 X525.01 Y450.14 Z17.20 nX0.000 nY0.000 nZ-1.000 E68344.73 F6000
G1 X526.32 Y449.86 Z17.20 nX0.000 nY0.000 nZ-1.000 E68347.81 F6000
G1 X527.65 Y449.69 Z17.20 nX0.000 nY0.000 nZ-1.000 E68350.89 F6000
G1 X529.04 Y449.63 Z17.20 nX0.000 nY0.000 nZ-1.000 E68354.07 F6000
G1 X567.51 Y449.63 Z17.22 nX0.000 nY0.000 nZ-1.000 E68442.32 F6000
G1 X569.86 Y449.69 Z17.22 nX0.000 nY0.000 nZ-1.000 E68447.71 F6000
G1 X571.19 Y449.86 Z17.23 nX0.000 nY0.000 nZ-1.000 E68450.79 F6000
G1 X572.51 Y450.14 Z17.23 nX0.000 nY0.000 nZ-1.000 E68453.88 F6000
G1 X573.79 Y450.53 Z17.23 nX0.000 nY0.000 nZ-1.000 E68456.96 F6000
G1 X575.04 Y451.02 Z17.23 nX0.000 nY0.000 nZ-1.000 E68460.04 F6000
G1 X576.25 Y451.62 Z17.23 nX0.000 nY0.000 nZ-1.000 E68463.12 F6000
G1 X577.39 Y452.32 Z17.23 nX0.000 nY0.000 nZ-1.000 E68466.20 F6000
G1 X578.51 Y453.13 Z17.23 nX0.000 nY0.000 nZ-1.000 E68469.38 F6000
G1 X620.18 Y486.27 Z17.26 nX0.000 nY0.000 nZ-1.000 E68591.49 F6000
G1 X622.14 Y487.57 Z17.27 nX0.000 nY0.000 nZ-1.000 E68596.89 F6000
G1 X624.38 Y488.55 Z17.27 nX0.000 nY0.000 nZ-1.000 E68602.49 F6000
G1 X626.75 Y489.12 Z17.27 nX0.000 nY0.000 nZ-1.000 E68608.09 F6000
G1 X629.10 Y489.26 Z17.27 nX0.000 nY0.000 nZ-1.000 E68613.49 F6000
G1 X796.73 Y484.87 Z17.38 nX0.000 nY0.000 nZ-1.000 E68998.13 F6000
G1 X796.76 Y485.84 Z17.38 nX0.000 nY0.000 nZ-1.000 E69000.36 F6000
G1 X796.76 Y568.63 Z17.43 nX0.000 nY0.000 nZ-1.000 E69190.25 F6000
G1 X598.19 Y568.63 Z17.55 nX0.000 nY0.000 nZ-1.000 E69645.72 F6000
G1 X567.69 Y461.43 Z17.62 nX0.000 nY0.000 nZ-1.000 E69901.37 F6000
G1 X529.83 Y461.43 Z17.65 nX0.000 nY0.000 nZ-1.000 E69988.20 F6000
G1 X499.33 Y568.63 Z17.72 nX0.000 nY0.000 nZ-1.000 E70243.85 F6000
G1 X300.76 Y568.63 Z17.84 nX0.000 nY0.000 nZ-1.000 E70699.32 F6000
G1 X300.76 Y485.84 Z17.89 nX0.000 nY0.000 nZ-1.000 E70889.21 F6000
G1 X300.78 Y484.87 Z17.89 nX0.000 nY0.000 nZ-1.000 E70891.44 F6000
G1 X468.41 Y489.26 Z18.00 nX0.000 nY0.000 nZ-1.000 E71276.08 F6000
G1 X470.76 Y489.12 Z18.00 nX0.000 nY0.000 nZ-1.000 E71281.48 F6000
G1 X473.14 Y488.55 Z18.00 nX0.000 nY0.000 nZ-1.000 E71287.08 F6000
G1 X474.35 Y492.16 Z18.01 nX0.000 nY0.000 nZ-1.000 E71295.83 F6000
G1 X471.33 Y492.89 Z18.01 nX0.000 nY0.000 nZ-1.000 E71302.96 F6000
G1 X468.48 Y493.06 Z18.01 nX0.000 nY0.000 nZ-1.000 E71309.50 F6000
G1 X304.56 Y488.77 Z18.11 nX0.000 nY0.000 nZ-1.000 E71685.63 F6000
G1 X304.56 Y492.62 Z18.11 nX0.000 nY0.000 nZ-1.000 E71694.47 F6000
G1 X306.51 Y492.62 Z18.12 nX0.000 nY0.000 nZ-1.000 E71698.95 F6000
G1 X306.51 Y492.82 Z18.12 nX0.000 nY0.000 nZ-1.000 E71699.40 F6000
G1 X468.55 Y497.07 Z18.22 nX0.000 nY0.000 nZ-1.000 E72071.22 F6000
G1 X471.92 Y496.86 Z18.22 nX0.000 nY0.000 nZ-1.000 E72078.97 F6000
G1 X475.62 Y495.97 Z18.22 nX0.000 nY0.000 nZ-1.000 E72087.70 F6000
G1 X479.11 Y494.45 Z18.22 nX0.000 nY0.000 nZ-1.000 E72096.43 F6000
G1 X481.93 Y492.59 Z18.23 nX0.000 nY0.000 nZ-1.000 E72104.17 F6000
G1 X523.73 Y459.34 Z18.26 nX0.000 nY0.000 nZ-1.000 E72226.69 F6000
G1 X524.45 Y458.81 Z18.26 nX0.000 nY0.000 nZ-1.000 E72228.74 F6000
G1 X525.04 Y458.46 Z18.26 nX0.000 nY0.000 nZ-1.000 E72230.32 F6000
G1 X525.66 Y458.15 Z18.26 nX0.000 nY0.000 nZ-1.000 E72231.90 F6000
G1 X526.30 Y457.90 Z18.26 nX0.000 nY0.000 nZ-1.000 E72233.48 F6000
G1 X526.95 Y457.70 Z18.26 nX0.000 nY0.000 nZ-1.000 E72235.05 F6000
G1 X527.63 Y457.55 Z18.26 nX0.000 nY0.000 nZ-1.000 E72236.63 F6000
G1 X528.31 Y457.47 Z18.26 nX0.000 nY0.000 nZ-1.000 E72238.21 F6000
G1 X529.20 Y457.43 Z18.26 nX0.000 nY0.000 nZ-1.000 E72240.26 F6000
G1 X568.31 Y457.43 Z18.29 nX0.000 nY0.000 nZ-1.000 E72329.97 F6000
G1 X569.21 Y457.47 Z18.29 nX0.000 nY0.000 nZ-1.000 E72332.02 F6000
G1 X569.89 Y457.55 Z18.29 nX0.000 nY0.000 nZ-1.000 E72333.60 F6000
G1 X570.56 Y457.70 Z18.29 nX0.000 nY0.000 nZ-1.000 E72335.18 F6000
G1 X571.22 Y457.90 Z18.29 nX0.000 nY0.000 nZ-1.000 E72336.76 F6000
G1 X571.86 Y458.15 Z18.29 nX0.000 nY0.000 nZ-1.000 E72338.33 F6000
G1 X572.48 Y458.46 Z18.29 nX0.000 nY0.000 nZ-1.000 E72339.91 F6000
G1 X573.06 Y458.81 Z18.29 nX0.000 nY0.000 nZ-1.000 E72341.49 F6000
G1 X573.79 Y459.34 Z18.29 nX0.000 nY0.000 nZ-1.000 E72343.54 F6000
G1 X615.59 Y492.59 Z18.33 nX0.000 nY0.000 nZ-1.000 E72466.06 F6000
G1 X618.40 Y494.45 Z18.33 nX0.000 nY0.000 nZ-1.000 E72473.80 F6000
G1 X621.89 Y495.97 Z18.33 nX0.000 nY0.000 nZ-1.000 E72482.53 F6000
G1 X625.60 Y496.86 Z18.33 nX0.000 nY0.000 nZ-1.000 E72491.26 F6000
G1 X628.97 Y497.07 Z18.34 nX0.000 nY0.000 nZ-1.000 E72499.01 F6000
G1 X791.01 Y492.82 Z18.44 nX0.000 nY0.000 nZ-1.000 E72870.83 F6000
G1 X791.01 Y492.62 Z18.44 nX0.000 nY0.000 nZ-1.000 E72871.29 F6000
G1 X792.96 Y492.62 Z18.44 nX0.000 nY0.000 nZ-1.000 E72875.76 F6000
G1 X792.96 Y488.77 Z18.44 nX0.000 nY0.000 nZ-1.000 E72884.60 F6000
G1 X701.27 Y491.17 Z18.50 nX0.000 nY0.000 nZ-1.000 E73095.00 F6000
;Layer 14
G1 X629.04 Y493.06 Z18.54 nX0.000 nY0.000 nZ-1.000 E73260.73 F6000
G1 X626.19 Y492.89 Z18.55 nX0.000 nY0.000 nZ-1.000 E73267.27 F6000
G1 X623.17 Y492.16 Z18.55 nX0.000 nY0.000 nZ-1.000 E73274.40 F6000
G1 X620.32 Y490.93 Z18.55 nX0.000 nY0.000 nZ-1.000 E73281.53 F6000
G1 X617.94 Y489.35 Z18.55 nX0.000 nY0.000 nZ-1.000 E73288.07 F6000
G1 X576.21 Y456.16 Z18.59 nX0.000 nY0.000 nZ-1.000 E73410.38 F6000
G1 X575.28 Y455.48 Z18.59 nX0.000 nY0.000 nZ-1.000 E73413.01 F6000
G1 X574.41 Y454.95 Z18.59 nX0.000 nY0.000 nZ-1.000 E73415.36 F6000
G1 X573.49 Y454.49 Z18.59 nX0.000 nY0.000 nZ-1.000 E73417.70 F6000
G1 X572.54 Y454.12 Z18.59 nX0.000 nY0.000 nZ-1.000 E73420.05 F6000
G1 X571.56 Y453.82 Z18.59 nX0.000 nY0.000 nZ-1.000 E73422.40 F6000
G1 X570.56 Y453.61 Z18.59 nX0.000 nY0.000 nZ-1.000 E73424.75 F6000
G1 X569.54 Y453.48 Z18.59 nX0.000 nY0.000 nZ-1.000 E73427.10 F6000
G1 X568.40 Y453.43 Z18.59 nX0.000 nY0.000 nZ-1.000 E73429.73 F6000
G1 X529.12 Y453.43 Z18.62 nX0.000 nY0.000 nZ-1.000 E73519.83 F6000
G1 X527.97 Y453.48 Z18.62 nX0.000 nY0.000 nZ-1.000 E73522.45 F6000
G1 X526.96 Y453.61 Z18.62 nX0.000 nY0.000 nZ-1.000 E73524.80 F6000
G1 X525.96 Y453.82 Z18.62 nX0.000 nY0.000 nZ-1.000 E73527.15 F6000
G1 X524.98 Y454.12 Z18.62 nX0.000 nY0.000 nZ-1.000 E73529.50 F6000
G1 X524.02 Y454.49 Z18.62 nX0.000 nY0.000 nZ-1.000 E73531.85 F6000
G1 X523.11 Y454.95 Z18.62 nX0.000 nY0.000 nZ-1.000 E73534.20 F6000
G1 X522.23 Y455.48 Z18.62 nX0.000 nY0.000 nZ-1.000 E73536.55 F6000
G1 X521.31 Y456.16 Z18.62 nX0.000 nY0.000 nZ-1.000 E73539.18 F6000
G1 X479.58 Y489.35 Z18.65 nX0.000 nY0.000 nZ-1.000 E73661.49 F6000
G1 X477.78 Y490.54 Z18.66 nX0.000 nY0.000 nZ-1.000 E73666.44 F6000
G1 X476.51 Y486.82 Z18.66 nX0.000 nY0.000 nZ-1.000 E73675.45 F6000
G1 X477.34 Y486.27 Z18.66 nX0.000 nY0.000 nZ-1.000 E73677.73 F6000
G1 X519.00 Y453.13 Z18.69 nX0.000 nY0.000 nZ-1.000 E73799.84 F6000
G1 X520.12 Y452.32 Z18.69 nX0.000 nY0.000 nZ-1.000 E73803.02 F6000
G1 X521.27 Y451.62 Z18.69 nX0.000 nY0.000 nZ-1.000 E73806.10 F6000
G1 X522.47 Y451.02 Z18.69 nX0.000 nY0.000 nZ-1.000 E73809.19 F6000
G1 X523.72 Y450.53 Z18.70 nX0.000 nY0.000 nZ-1.000 E73812.27 F6000
G1 X525.01 Y450.14 Z18.70 nX0.000 nY0.000 nZ-1.000 E73815.35 F6000
G1 X526.32 Y449.86 Z18.70 nX0.000 nY0.000 nZ-1.000 E73818.43 F6000
G1 X527.65 Y449.69 Z18.70 nX0.000 nY0.000 nZ-1.000 E73821.51 F6000
G1 X529.04 Y449.63 Z18.70 nX0.000 nY0.000 nZ-1.000 E73824.69 F6000
G1 X567.51 Y449.63 Z18.72 nX0.000 nY0.000 nZ-1.000 E73912.94 F6000
G1 X569.86 Y449.69 Z18.72 nX0.000 nY0.000 nZ-1.000 E73918.33 F6000
G1 X571.19 Y449.86 Z18.73 nX0.000 nY0.000 nZ-1.000 E73921.41 F6000
G1 X572.51 Y450.14 Z18.73 nX0.000 nY0.000 nZ-1.000 E73924.49 F6000
G1 X573.79 Y450.53 Z18.73 nX0.000 nY0.000 nZ-1.000 E73927.57 F6000
G1 X575.04 Y451.02 Z18.73 nX0.000 nY0.000 nZ-1.000 E73930.66 F6000
G1 X576.25 Y451.62 Z18.73 nX0.000 nY0.000 nZ-1.000 E73933.74 F6000
G1 X577.39 Y452.32 Z18.73 nX0.000 nY0.000 nZ-1.000 E73936.82 F6000
G1 X578.51 Y453.13 Z18.73 nX0.000 nY0.000 nZ-1.000 E73940.00 F6000
G1 X620.18 Y486.27 Z18.76 nX0.000 nY0.000 nZ-1.000 E74062.11 F6000
G1 X622.14 Y487.57 Z18.77 nX0.000 nY0.000 nZ-1.000 E74067.51 F6000
G1 X624.38 Y488.55 Z18.77 nX0.000 nY0.000 nZ-1.000 E74073.11 F6000
G1 X626.75 Y489.12 Z18.77 nX0.000 nY0.000 nZ-1.000 E74078.71 F6000
G1 X629.10 Y489.26 Z18.77 nX0.000 nY0.000 nZ-1.000 E74084.11 F6000
G1 X796.73 Y484.87 Z18.88 nX0.000 nY0.000 nZ-1.000 E74468.74 F6000
G1 X796.76 Y485.84 Z18.88 nX0.000 nY0.000 nZ-1.000 E74470.98 F6000
G1 X796.76 Y568.63 Z18.93 nX0.000 nY0.000 nZ-1.000 E74660.87 F6000
G1 X598.19 Y568.63 Z19.05 nX0.000 nY0.000 nZ-1.000 E75116.33 F6000
G1 X567.69 Y461.43 Z19.12 nX0.000 nY0.000 nZ-1.000 E75371.99 F6000
G1 X529.83 Y461.43 Z19.15 nX0.000 nY0.000 nZ-1.000 E75458.81 F6000
G1 X499.33 Y568.63 Z19.22 nX0.000 nY0.000 nZ-1.000 E75714.47 F6000
G1 X300.76 Y568.63 Z19.34 nX0.000 nY0.000 nZ-1.000 E76169.94 F6000
G1 X300.76 Y485.84 Z19.39 nX0.000 nY0.000 nZ-1.000 E76359.83 F6000
G1 X300.78 Y484.87 Z19.39 nX0.000 nY0.000 nZ-1.000 E76362.06 F6000
G1 X468.41 Y489.26 Z19.50 nX0.000 nY0.000 nZ-1.000 E76746.70 F6000
G1 X470.76 Y489.12 Z19.50 nX0.000 nY0.000 nZ-1.000 E76752.10 F6000
G1 X473.14 Y488.55 Z19.50 nX0.000 nY0.000 nZ-1.000 E76757.70 F6000
G1 X474.35 Y492.16 Z19.51 nX0.000 nY0.000 nZ-1.000 E76766.45 F6000
G1 X471.33 Y492.89 Z19.51 nX0.000 nY0.000 nZ-1.000 E76773.57 F6000
G1 X468.48 Y493.06 Z19.51 nX0.000 nY0.000 nZ-1.000 E76780.12 F6000
G1 X304.56 Y488.77 Z19.61 nX0.000 nY0.000 nZ-1.000 E77156.24 F6000
G1 X304.56 Y492.62 Z19.61 nX0.000 nY0.000 nZ-1.000 E77165.08 F6000
G1 X306.51 Y492.62 Z19.62 nX0.000 nY0.000 nZ-1.000 E77169.56 F6000
G1 X306.51 Y492.82 Z19.62 nX0.000 nY0.000 nZ-1.000 E77170.02 F6000
G1 X468.55 Y497.07 Z19.72 nX0.000 nY0.000 nZ-1.000 E77541.84 F6000
G1 X471.92 Y496.86 Z19.72 nX0.000 nY0.000 nZ-1.000 E77549.58 F6000
G1 X475.62 Y495.97 Z19.72 nX0.000 nY0.000 nZ-1.000 E77558.31 F6000
G1 X479.11 Y494.45 Z19.72 nX0.000 nY0.000 nZ-1.000 E77567.05 F6000
G1 X481.93 Y492.59 Z19.73 nX0.000 nY0.000 nZ-1.000 E77574.79 F6000
G1 X523.73 Y459.34 Z19.76 nX0.000 nY0.000 nZ-1.000 E77697.31 F6000
G1 X524.45 Y458.81 Z19.76 nX0.000 nY0.000 nZ-1.000 E77699.36 F6000
G1 X525.04 Y458.46 Z19.76 nX0.000 nY0.000 nZ-1.000 E77700.94 F6000
G1 X525.66 Y458.15 Z19.76 nX0.000 nY0.000 nZ-1.000 E77702.51 F6000
G1 X526.30 Y457.90 Z19.76 nX0.000 nY0.000 nZ-1.000 E77704.09 F6000
G1 X526.95 Y457.70 Z19.76 nX0.000 nY0.000 nZ-1.000 E77705.67 F6000
G1 X527.63 Y457.55 Z19.76 nX0.000 nY0.000 nZ-1.000 E77707.25 F6000
G1 X528.31 Y457.47 Z19.76 nX0.000 nY0.000 nZ-1.000 E77708.83 F6000
G1 X529.20 Y457.43 Z19.76 nX0.000 nY0.000 nZ-1.000 E77710.88 F6000
G1 X568.31 Y457.43 Z19.79 nX0.000 nY0.000 nZ-1.000 E77800.59 F6000
G1 X569.21 Y457.47 Z19.79 nX0.000 nY0.000 nZ-1.000 E77802.64 F6000
G1 X569.89 Y457.55 Z19.79 nX0.000 nY0.000 nZ-1.000 E77804.22 F6000
G1 X570.56 Y457.70 Z19.79 nX0.000 nY0.000 nZ-1.000 E77805.79 F6000
G1 X571.22 Y457.90 Z19.79 nX0.000 nY0.000 nZ-1.000 E77807.37 F6000
G1 X571.86 Y458.15 Z19.79 nX0.000 nY0.000 nZ-1.000 E77808.95 F6000
G1 X572.48 Y458.46 Z19.79 nX0.000 nY0.000 nZ-1.000 E77810.53 F6000
G1 X573.06 Y458.81 Z19.79 nX0.000 nY0.000 nZ-1.000 E77812.11 F6000
G1 X573.79 Y459.34 Z19.79 nX0.000 nY0.000 nZ-1.000 E77814.16 F6000
G1 X615.59 Y492.59 Z19.83 nX0.000 nY0.000 nZ-1.000 E77936.67 F6000
G1 X618.40 Y494.45 Z19.83 nX0.000 nY0.000 nZ-1.000 E77944.42 F6000
G1 X621.89 Y495.97 Z19.83 nX0.000 nY0.000 nZ-1.000 E77953.15 F6000
G1 X625.60 Y496.86 Z19.83 nX0.000 nY0.000 nZ-1.000 E77961.88 F6000
G1 X628.97 Y497.07 Z19.84 nX0.000 nY0.000 nZ-1.000 E77969.63 F6000
G1 X791.01 Y492.82 Z19.94 nX0.000 nY0.000 nZ-1.000 E78341.45 F6000
G1 X791.01 Y492.62 Z19.94 nX0.000 nY0.000 nZ-1.000 E78341.90 F6000
G1 X792.96 Y492.62 Z19.94 nX0.000 nY0.000 nZ-1.000 E78346.38 F6000
G1 X792.96 Y488.77 Z19.94 nX0.000 nY0.000 nZ-1.000 E78355.22 F6000
G1 X701.27 Y491.17 Z20.00 nX0.000 nY0.000 nZ-1.000 E78565.61 F6000
;Layer 15
G1 X629.04 Y493.06 Z20.04 nX0.000 nY0.000 nZ-1.000 E78731.35 F6000
G1 X626.19 Y492.89 Z20.05 nX0.000 nY0.000 nZ-1.000 E78737.89 F6000
G1 X623.17 Y492.16 Z20.05 nX0.000 nY0.000 nZ-1.000 E78745.02 F6000
G1 X620.32 Y490.93 Z20.05 nX0.000 nY0.000 nZ-1.000 E78752.14 F6000
G1 X617.94 Y489.35 Z20.05 nX0.000 nY0.000 nZ-1.000 E78758.69 F6000
G1 X576.21 Y456.16 Z20.09 nX0.000 nY0.000 nZ-1.000 E78881.00 F6000
G1 X575.28 Y455.48 Z20.09 nX0.000 nY0.000 nZ-1.000 E78883.62 F6000
G1 X574.41 Y454.95 Z20.09 nX0.000 nY0.000 nZ-1.000 E78885.97 F6000
G1 X573.49 Y454.49 Z20.09 nX0.000 nY0.000 nZ-1.000 E78888.32 F6000
G1 X572.54 Y454.12 Z20.09 nX0.000 nY0.000 nZ-1.000 E78890.67 F6000
G1 X571.56 Y453.82 Z20.09 nX0.000 nY0.000 nZ-1.000 E78893.02 F6000
G1 X570.56 Y453.61 Z20.09 nX0.000 nY0.000 nZ-1.000 E78895.37 F6000
G1 X569.54 Y453.48 Z20.09 nX0.000 nY0.000 nZ-1.000 E78897.72 F6000
G1 X568.40 Y453.43 Z20.09 nX0.000 nY0.000 nZ-1.000 E78900.35 F6000
G1 X529.12 Y453.43 Z20.12 nX0.000 nY0.000 nZ-1.000 E78990.44 F6000
G1 X527.97 Y453.48 Z20.12 nX0.000 nY0.000 nZ-1.000 E78993.07 F6000
G1 X526.96 Y453.61 Z20.12 nX0.000 nY0.000 nZ-1.000 E78995.42 F6000
G1 X525.96 Y453.82 Z20.12 nX0.000 nY0.000 nZ-1.000 E78997.77 F6000
G1 X524.98 Y454.12 Z20.12 nX0.000 nY0.000 nZ-1.000 E79000.12 F6000
G1 X524.02 Y454.49 Z20.12 nX0.000 nY0.000 nZ-1.000 E79002.47 F6000
G1 X523.11 Y454.95 Z20.12 nX0.000 nY0.000 nZ-1.000 E79004.82 F6000
G1 X522.23 Y455.48 Z20.12 nX0.000 nY0.000 nZ-1.000 E79007.16 F6000
G1 X521.31 Y456.16 Z20.12 nX0.000 nY0.000 nZ-1.000 E79009.79 F6000
G1 X479.58 Y489.35 Z20.15 nX0.000 nY0.000 nZ-1.000 E79132.10 F6000
G1 X477.78 Y490.54 Z20.16 nX0.000 nY0.000 nZ-1.000 E79137.05 F6000
G1 X476.51 Y486.82 Z20.16 nX0.000 nY0.000 nZ-1.000 E79146.07 F6000
G1 X477.34 Y486.27 Z20.16 nX0.000 nY0.000 nZ-1.000 E79148.35 F6000
G1 X519.00 Y453.13 Z20.19 nX0.000 nY0.000 nZ-1.000 E79270.46 F6000
G1 X520.12 Y452.32 Z20.19 nX0.000 nY0.000 nZ-1.000 E79273.64 F6000
G1 X521.27 Y451.62 Z20.19 nX0.000 nY0.000 nZ-1.000 E79276.72 F6000
G1 X522.47 Y451.02 Z20.19 nX0.000 nY0.000 nZ-1.000 E79279.80 F6000
G1 X523.72 Y450.53 Z20.20 nX0.000 nY0.000 nZ-1.000 E79282.88 F6000
G1 X525.01 Y450.14 Z20.20 nX0.000 nY0.000 nZ-1.000 E79285.97 F6000
G1 X526.32 Y449.86 Z20.20 nX0.000 nY0.000 nZ-1.000 E79289.05 F6000
G1 X527.65 Y449.69 Z20.20 nX0.000 nY0.000 nZ-1.000 E79292.13 F6000
G1 X529.04 Y449.63 Z20.20 nX0.000 nY0.000 nZ-1.000 E79295.31 F6000
G1 X567.51 Y449.63 Z20.22 nX0.000 nY0.000 nZ-1.000 E79383.55 F6000
G1 X569.86 Y449.69 Z20.22 nX0.000 nY0.000 nZ-1.000 E79388.95 F6000
G1 X571.19 Y449.86 Z20.23 nX0.000 nY0.000 nZ-1.000 E79392.03 F6000
G1 X572.51 Y450.14 Z20.23 nX0.000 nY0.000 nZ-1.000 E79395.11 F6000
G1 X573.79 Y450.53 Z20.23 nX0.000 nY0.000 nZ-1.000 E79398.19 F6000
G1 X575.04 Y451.02 Z20.23 nX0.000 nY0.000 nZ-1.000 E79401.27 F6000
G1 X576.25 Y451.62 Z20.23 nX0.000 nY0.000 nZ-1.000 E79404.35 F6000
G1 X577.39 Y452.32 Z20.23 nX0.000 nY0.000 nZ-1.000 E79407.44 F6000
G1 X578.51 Y453.13 Z20.23 nX0.000 nY0.000 nZ-1.000 E79410.61 F6000
G1 X620.18 Y486.27 Z20.26 nX0.000 nY0.000 nZ-1.000 E79532.72 F6000
G1 X622.14 Y487.57 Z20.27 nX0.000 nY0.000 nZ-1.000 E79538.12 F6000
G1 X624.38 Y488.55 Z20.27 nX0.000 nY0.000 nZ-1.000 E79543.73 F6000
G1 X626.75 Y489.12 Z20.27 nX0.000 nY0.000 nZ-1.000 E79549.33 F6000
G1 X629.10 Y489.26 Z20.27 nX0.000 nY0.000 nZ-1.000 E79554.73 F6000
G1 X796.73 Y484.87 Z20.38 nX0.000 nY0.000 nZ-1.000 E79939.36 F6000
G1 X796.76 Y485.84 Z20.38 nX0.000 nY0.000 nZ-1.000 E79941.60 F6000
G1 X796.76 Y568.63 Z20.43 nX0.000 nY0.000 nZ-1.000 E80131.48 F6000
G1 X598.19 Y568.63 Z20.55 nX0.000 nY0.000 nZ-1.000 E80586.95 F6000
G1 X567.69 Y461.43 Z20.62 nX0.000 nY0.000 nZ-1.000 E80842.60 F6000
G1 X529.83 Y461.43 Z20.65 nX0.000 nY0.000 nZ-1.000 E80929.43 F6000
G1 X499.33 Y568.63 Z20.72 nX0.000 nY0.000 nZ-1.000 E81185.08 F6000
G1 X300.76 Y568.63 Z20.84 nX0.000 nY0.000 nZ-1.000 E81640.56 F6000
G1 X300.76 Y485.84 Z20.89 nX0.000 nY0.000 nZ-1.000 E81830.44 F6000
G1 X300.78 Y484.87 Z20.89 nX0.000 nY0.000 nZ-1.000 E81832.68 F6000
G1 X468.41 Y489.26 Z21.00 nX0.000 nY0.000 nZ-1.000 E82217.31 F6000
G1 X470.76 Y489.12 Z21.00 nX0.000 nY0.000 nZ-1.000 E82222.71 F6000
G1 X473.14 Y488.55 Z21.00 nX0.000 nY0.000 nZ-1.000 E82228.32 F6000
G1 X474.35 Y492.16 Z21.01 nX0.000 nY0.000 nZ-1.000 E82237.06 F6000
G1 X471.33 Y492.89 Z21.01 nX0.000 nY0.000 nZ-1.000 E82244.19 F6000
G1 X468.48 Y493.06 Z21.01 nX0.000 nY0.000 nZ-1.000 E82250.73 F6000
G1 X304.56 Y488.77 Z21.11 nX0.000 nY0.000 nZ-1.000 E82626.86 F6000
G1 X304.56 Y492.62 Z21.11 nX0.000 nY0.000 nZ-1.000 E82635.70 F6000
G1 X306.51 Y492.62 Z21.12 nX0.000 nY0.000 nZ-1.000 E82640.18 F6000
G1 X306.51 Y492.82 Z21.12 nX0.000 nY0.000 nZ-1.000 E82640.64 F6000
G1 X468.55 Y497.07 Z21.22 nX0.000 nY0.000 nZ-1.000 E83012.45 F6000
G1 X471.92 Y496.86 Z21.22 nX0.000 nY0.000 nZ-1.000 E83020.20 F6000
G1 X475.62 Y495.97 Z21.22 nX0.000 nY0.000 nZ-1.000 E83028.93 F6000
G1 X479.11 Y494.45 Z21.22 nX0.000 nY0.000 nZ-1.000 E83037.66 F6000
G1 X481.93 Y492.59 Z21.23 nX0.000 nY0.000 nZ-1.000 E83045.41 F6000
G1 X523.73 Y459.34 Z21.26 nX0.000 nY0.000 nZ-1.000 E83167.93 F6000
G1 X524.45 Y458.81 Z21.26 nX0.000 nY0.000 nZ-1.000 E83169.98 F6000
G1 X525.04 Y458.46 Z21.26 nX0.000 nY0.000 nZ-1.000 E83171.55 F6000
G1 X525.66 Y458.15 Z21.26 nX0.000 nY0.000 nZ-1.000 E83173.13 F6000
G1 X526.30 Y457.90 Z21.26 nX0.000 nY0.000 nZ-1.000 E83174.71 F6000
G1 X526.95 Y457.70 Z21.26 nX0.000 nY0.000 nZ-1.000 E83176.29 F6000
G1 X527.63 Y457.55 Z21.26 nX0.000 nY0.000 nZ-1.000 E83177.86 F6000
G1 X528.31 Y457.47 Z21.26 nX0.000 nY0.000 nZ-1.000 E83179.44 F6000
G1 X529.20 Y457.43 Z21.26 nX0.000 nY0.000 nZ-1.000 E83181.49 F6000
G1 X568.31 Y457.43 Z21.29 nX0.000 nY0.000 nZ-1.000 E83271.21 F6000
G1 X569.21 Y457.47 Z21.29 nX0.000 nY0.000 nZ-1.000 E83273.26 F6000
G1 X569.89 Y457.55 Z21.29 nX0.000 nY0.000 nZ-1.000 E83274.84 F6000
G1 X570.56 Y457.70 Z21.29 nX0.000 nY0.000 nZ-1.000 E83276.41 F6000
G1 X571.22 Y457.90 Z21.29 nX0.000 nY0.000 nZ-1.000 E83277.99 F6000
G1 X571.86 Y458.15 Z21.29 nX0.000 nY0.000 nZ-1.000 E83279.57 F6000
G1 X572.48 Y458.46 Z21.29 nX0.000 nY0.000 nZ-1.000 E83281.15 F6000
G1 X573.06 Y458.81 Z21.29 nX0.000 nY0.000 nZ-1.000 E83282.72 F6000
G1 X573.79 Y459.34 Z21.29 nX0.000 nY0.000 nZ-1.000 E83284.77 F6000
G1 X615.59 Y492.59 Z21.33 nX0.000 nY0.000 nZ-1.000 E83407.29 F6000
G1 X618.40 Y494.45 Z21.33 nX0.000 nY0.000 nZ-1.000 E83415.04 F6000
G1 X621.89 Y495.97 Z21.33 nX0.000 nY0.000 nZ-1.000 E83423.77 F6000
G1 X625.60 Y496.86 Z21.33 nX0.000 nY0.000 nZ-1.000 E83432.50 F6000
G1 X628.97 Y497.07 Z21.34 nX0.000 nY0.000 nZ-1.000 E83440.24 F6000
G1 X791.01 Y492.82 Z21.44 nX0.000 nY0.000 nZ-1.000 E83812.06 F6000
G1 X791.01 Y492.62 Z21.44 nX0.000 nY0.000 nZ-1.000 E83812.52 F6000
G1 X792.96 Y492.62 Z21.44 nX0.000 nY0.000 nZ-1.000 E83817.00 F6000
G1 X792.96 Y488.77 Z21.44 nX0.000 nY0.000 nZ-1.000 E83825.84 F6000
G1 X701.27 Y491.17 Z21.50 nX0.000 nY0.000 nZ-1.000 E84036.23 F6000
;Layer 16
G1 X629.04 Y493.06 Z21.54 nX0.000 nY0.000 nZ-1.000 E84201.97 F6000
G1 X626.19 Y492.89 Z21.55 nX0.000 nY0.000 nZ-1.000 E84208.51 F6000
G1 X623.17 Y492.16 Z21.55 nX0.000 nY0.000 nZ-1.000 E84215.63 F6000
G1 X620.32 Y490.93 Z21.55 nX0.000 nY0.000 nZ-1.000 E84222.76 F6000
G1 X617.94 Y489.35 Z21.55 nX0.000 nY0.000 nZ-1.000 E84229.30 F6000
G1 X576.21 Y456.16 Z21.59 nX0.000 nY0.000 nZ-1.000 E84351.61 F6000
G1 X575.28 Y455.48 Z21.59 nX0.000 nY0.000 nZ-1.000 E84354.24 F6000
G1 X574.41 Y454.95 Z21.59 nX0.000 nY0.000 nZ-1.000 E84356.59 F6000
G1 X573.49 Y454.49 Z21.59 nX0.000 nY0.000 nZ-1.000 E84358.94 F6000
G1 X572.54 Y454.12 Z21.59 nX0.000 nY0.000 nZ-1.000 E84361.29 F6000
G1 X571.56 Y453.82 Z21.59 nX0.000 nY0.000 nZ-1.000 E84363.64 F6000
G1 X570.56 Y453.61 Z21.59 nX0.000 nY0.000 nZ-1.000 E84365.98 F6000
G1 X569.54 Y453.48 Z21.59 nX0.000 nY0.000 nZ-1.000 E84368.33 F6000
G1 X568.40 Y453.43 Z21.59 nX0.000 nY0.000 nZ-1.000 E84370.96 F6000
G1 X529.12 Y453.43 Z21.62 nX0.000 nY0.000 nZ-1.000 E84461.06 F6000
G1 X527.97 Y453.48 Z21.62 nX0.000 nY0.000 nZ-1.000 E84463.69 F6000
G1 X526.96 Y453.61 Z21.62 nX0.000 nY0.000 nZ-1.000 E84466.04 F6000
G1 X525.96 Y453.82 Z21.62 nX0.000 nY0.000 nZ-1.000 E84468.39 F6000
G1 X524.98 Y454.12 Z21.62 nX0.000 nY0.000 nZ-1.000 E84470.74 F6000
G1 X524.02 Y454.49 Z21.62 nX0.000 nY0.000 nZ-1.000 E84473.08 F6000
G1 X523.11 Y454.95 Z21.62 nX0.000 nY0.000 nZ-1.000 E84475.43 F6000
G1 X522.23 Y455.48 Z21.62 nX0.000 nY0.000 nZ-1.000 E84477.78 F6000
G1 X521.31 Y456.16 Z21.62 nX0.000 nY0.000 nZ-1.000 E84480.41 F6000
G1 X479.58 Y489.35 Z21.65 nX0.000 nY0.000 nZ-1.000 E84602.72 F6000
G1 X477.78 Y490.54 Z21.66 nX0.000 nY0.000 nZ-1.000 E84607.67 F6000
G1 X476.51 Y486.82 Z21.66 nX0.000 nY0.000 nZ-1.000 E84616.68 F6000
G1 X477.34 Y486.27 Z21.66 nX0.000 nY0.000 nZ-1.000 E84618.97 F6000
G1 X519.00 Y453.13 Z21.69 nX0.000 nY0.000 nZ-1.000 E84741.08 F6000
G1 X520.12 Y452.32 Z21.69 nX0.000 nY0.000 nZ-1.000 E84744.26 F6000
G1 X521.27 Y451.62 Z21.69 nX0.000 nY0.000 nZ-1.000 E84747.34 F6000
G1 X522.47 Y451.02 Z21.69 nX0.000 nY0.000 nZ-1.000 E84750.42 F6000
G1 X523.72 Y450.53 Z21.70 nX0.000 nY0.000 nZ-1.000 E84753.50 F6000
G1 X525.01 Y450.14 Z21.70 nX0.000 nY0.000 nZ-1.000 E84756.58 F6000
G1 X526.32 Y449.86 Z21.70 nX0.000 nY0.000 nZ-1.000 E84759.66 F6000
G1 X527.65 Y449.69 Z21.70 nX0.000 nY0.000 nZ-1.000 E84762.75 F6000
G1 X529.04 Y449.63 Z21.70 nX0.000 nY0.000 nZ-1.000 E84765.92 F6000
G1 X567.51 Y449.63 Z21.72 nX0.000 nY0.000 nZ-1.000 E84854.17 F6000
G1 X569.86 Y449.69 Z21.72 nX0.000 nY0.000 nZ-1.000 E84859.56 F6000
G1 X571.19 Y449.86 Z21.73 nX0.000 nY0.000 nZ-1.000 E84862.65 F6000
G1 X572.51 Y450.14 Z21.73 nX0.000 nY0.000 nZ-1.000 E84865.73 F6000
G1 X573.79 Y450.53 Z21.73 nX0.000 nY0.000 nZ-1.000 E84868.81 F6000
G1 X575.04 Y451.02 Z21.73 nX0.000 nY0.000 nZ-1.000 E84871.89 F6000
G1 X576.25 Y451.62 Z21.73 nX0.000 nY0.000 nZ-1.000 E84874.97 F6000
G1 X577.39 Y452.32 Z21.73 nX0.000 nY0.000 nZ-1.000 E84878.05 F6000
G1 X578.51 Y453.13 Z21.73 nX0.000 nY0.000 nZ-1.000 E84881.23 F6000
G1 X620.18 Y486.27 Z21.76 nX0.000 nY0.000 nZ-1.000 E85003.34 F6000
G1 X622.14 Y487.57 Z21.77 nX0.000 nY0.000 nZ-1.000 E85008.74 F6000
G1 X624.38 Y488.55 Z21.77 nX0.000 nY0.000 nZ-1.000 E85014.34 F6000
G1 X626.75 Y489.12 Z21.77 nX0.000 nY0.000 nZ-1.000 E85019.94 F6000
G1 X629.10 Y489.26 Z21.77 nX0.000 nY0.000 nZ-1.000 E85025.34 F6000
G1 X796.73 Y484.87 Z21.88 nX0.000 nY0.000 nZ-1.000 E85409.98 F6000
G1 X796.76 Y485.84 Z21.88 nX0.000 nY0.000 nZ-1.000 E85412.21 F6000
G1 X796.76 Y568.63 Z21.93 nX0.000 nY0.000 nZ-1.000 E85602.10 F6000
G1 X598.19 Y568.63 Z22.05 nX0.000 nY0.000 nZ-1.000 E86057.57 F6000
G1 X567.69 Y461.43 Z22.12 nX0.000 nY0.000 nZ-1.000 E86313.22 F6000
G1 X529.83 Y461.43 Z22.15 nX0.000 nY0.000 nZ-1.000 E86400.05 F6000
G1 X499.33 Y568.63 Z22.22 nX0.000 nY0.000 nZ-1.000 E86655.70 F6000
G1 X300.76 Y568.63 Z22.34 nX0.000 nY0.000 nZ-1.000 E87111.17 F6000
G1 X300.76 Y485.84 Z22.39 nX0.000 nY0.000 nZ-1.000 E87301.06 F6000
G1 X300.78 Y484.87 Z22.39 nX0.000 nY0.000 nZ-1.000 E87303.30 F6000
G1 X468.41 Y489.26 Z22.50 nX0.000 nY0.000 nZ-1.000 E87687.93 F6000
G1 X470.76 Y489.12 Z22.50 nX0.000 nY0.000 nZ-1.000 E87693.33 F6000
G1 X473.14 Y488.55 Z22.50 nX0.000 nY0.000 nZ-1.000 E87698.93 F6000
G1 X474.35 Y492.16 Z22.51 nX0.000 nY0.000 nZ-1.000 E87707.68 F6000
G1 X471.33 Y492.89 Z22.51 nX0.000 nY0.000 nZ-1.000 E87714.81 F6000
G1 X468.48 Y493.06 Z22.51 nX0.000 nY0.000 nZ-1.000 E87721.35 F6000
G1 X304.56 Y488.77 Z22.61 nX0.000 nY0.000 nZ-1.000 E88097.48 F6000
G1 X304.56 Y492.62 Z22.61 nX0.000 nY0.000 nZ-1.000 E88106.32 F6000
G1 X306.51 Y492.62 Z22.62 nX0.000 nY0.000 nZ-1.000 E88110.80 F6000
G1 X306.51 Y492.82 Z22.62 nX0.000 nY0.000 nZ-1.000 E88111.25 F6000
G1 X468.55 Y497.07 Z22.72 nX0.000 nY0.000 nZ-1.000 E88483.07 F6000
G1 X471.92 Y496.86 Z22.72 nX0.000 nY0.000 nZ-1.000 E88490.82 F6000
G1 X475.62 Y495.97 Z22.72 nX0.000 nY0.000 nZ-1.000 E88499.55 F6000
G1 X479.11 Y494.45 Z22.72 nX0.000 nY0.000 nZ-1.000 E88508.28 F6000
G1 X481.93 Y492.59 Z22.73 nX0.000 nY0.000 nZ-1.000 E88516.03 F6000
G1 X523.73 Y459.34 Z22.76 nX0.000 nY0.000 nZ-1.000 E88638.54 F6000
G1 X524.45 Y458.81 Z22.76 nX0.000 nY0.000 nZ-1.000 E88640.59 F6000
G1 X525.04 Y458.46 Z22.76 nX0.000 nY0.000 nZ-1.000 E88642.17 F6000
G1 X525.66 Y458.15 Z22.76 nX0.000 nY0.000 nZ-1.000 E88643.75 F6000
G1 X526.30 Y457.90 Z22.76 nX0.000 nY0.000 nZ-1.000 E88645.33 F6000
G1 X526.95 Y457.70 Z22.76 nX0.000 nY0.000 nZ-1.000 E88646.90 F6000
G1 X527.63 Y457.55 Z22.76 nX0.000 nY0.000 nZ-1.000 E88648.48 F6000
G1 X528.31 Y457.47 Z22.76 nX0.000 nY0.000 nZ-1.000 E88650.06 F6000
G1 X529.20 Y457.43 Z22.76 nX0.000 nY0.000 nZ-1.000 E88652.11 F6000
G1 X568.31 Y457.43 Z22.79 nX0.000 nY0.000 nZ-1.000 E88741.82 F6000
G1 X569.21 Y457.47 Z22.79 nX0.000 nY0.000 nZ-1.000 E88743.87 F6000
G1 X569.89 Y457.55 Z22.79 nX0.000 nY0.000 nZ-1.000 E88745.45 F6000
G1 X570.56 Y457.70 Z22.79 nX0.000 nY0.000 nZ-1.000 E88747.03 F6000
G1 X571.22 Y457.90 Z22.79 nX0.000 nY0.000 nZ-1.000 E88748.61 F6000
G1 X571.86 Y458.15 Z22.79 nX0.000 nY0.000 nZ-1.000 E88750.18 F6000
G1 X572.48 Y458.46 Z22.79 nX0.000 nY0.000 nZ-1.000 E88751.76 F6000
G1 X573.06 Y458.81 Z22.79 nX0.000 nY0.000 nZ-1.000 E88753.34 F6000
G1 X573.79 Y459.34 Z22.79 nX0.000 nY0.000 nZ-1.000 E88755.39 F6000
G1 X615.59 Y492.59 Z22.83 nX0.000 nY0.000 nZ-1.000 E88877.91 F6000
G1 X618.40 Y494.45 Z22.83 nX0.000 nY0.000 nZ-1.000 E88885.65 F6000
G1 X621.89 Y495.97 Z22.83 nX0.000 nY0.000 nZ-1.000 E88894.38 F6000
G1 X625.60 Y496.86 Z22.83 nX0.000 nY0.000 nZ-1.000 E88903.12 F6000
G1 X628.97 Y497.07 Z22.84 nX0.000 nY0.000 nZ-1.000 E88910.86 F6000
G1 X791.01 Y492.82 Z22.94 nX0.000 nY0.000 nZ-1.000 E89282.68 F6000
G1 X791.01 Y492.62 Z22.94 nX0.000 nY0.000 nZ-1.000 E89283.14 F6000
G1 X792.96 Y492.62 Z22.94 nX0.000 nY0.000 nZ-1.000 E89287.62 F6000
G1 X792.96 Y488.77 Z22.94 nX0.000 nY0.000 nZ-1.000 E89296.46 F6000
G1 X701.27 Y491.17 Z23.00 nX0.000 nY0.000 nZ-1.000 E89506.85 F6000
;Layer 17
G1 X629.04 Y493.06 Z23.04 nX0.000 nY0.000 nZ-1.000 E89672.58 F6000
G1 X626.88 Y492.93 Z23.05 nX0.000 nY0.000 nZ-1.000 E89677.54 F6000
G1 X628.11 Y489.20 Z23.05 nX0.000 nY0.000 nZ-1.000 E89686.55 F6000
G1 X629.10 Y489.26 Z23.05 nX0.000 nY0.000 nZ-1.000 E89688.83 F6000
G1 X796.73 Y484.87 Z23.15 nX0.000 nY0.000 nZ-1.000 E90073.47 F6000
G1 X796.76 Y485.84 Z23.15 nX0.000 nY0.000 nZ-1.000 E90075.70 F6000
G1 X796.76 Y568.63 Z23.21 nX0.000 nY0.000 nZ-1.000 E90265.59 F6000
G1 X598.19 Y568.63 Z23.33 nX0.000 nY0.000 nZ-1.000 E90721.06 F6000
G1 X567.69 Y461.43 Z23.40 nX0.000 nY0.000 nZ-1.000 E90976.71 F6000
G1 X529.83 Y461.43 Z23.43 nX0.000 nY0.000 nZ-1.000 E91063.54 F6000
G1 X499.33 Y568.63 Z23.50 nX0.000 nY0.000 nZ-1.000 E91319.19 F6000
G1 X300.76 Y568.63 Z23.62 nX0.000 nY0.000 nZ-1.000 E91774.66 F6000
G1 X300.76 Y485.84 Z23.67 nX0.000 nY0.000 nZ-1.000 E91964.55 F6000
G1 X300.78 Y484.87 Z23.67 nX0.000 nY0.000 nZ-1.000 E91966.78 F6000
G1 X468.41 Y489.26 Z23.78 nX0.000 nY0.000 nZ-1.000 E92351.42 F6000
G1 X470.76 Y489.12 Z23.78 nX0.000 nY0.000 nZ-1.000 E92356.82 F6000
G1 X473.14 Y488.55 Z23.78 nX0.000 nY0.000 nZ-1.000 E92362.42 F6000
G1 X475.97 Y487.37 Z23.78 nX0.000 nY0.000 nZ-1.000 E92369.45 F6000
G1 X477.34 Y486.27 Z23.78 nX0.000 nY0.000 nZ-1.000 E92373.48 F6000
G1 X519.00 Y453.13 Z23.82 nX0.000 nY0.000 nZ-1.000 E92495.59 F6000
G1 X520.12 Y452.32 Z23.82 nX0.000 nY0.000 nZ-1.000 E92498.77 F6000
G1 X521.27 Y451.62 Z23.82 nX0.000 nY0.000 nZ-1.000 E92501.85 F6000
G1 X522.47 Y451.02 Z23.82 nX0.000 nY0.000 nZ-1.000 E92504.93 F6000
G1 X523.72 Y450.53 Z23.82 nX0.000 nY0.000 nZ-1.000 E92508.01 F6000
G1 X525.01 Y450.14 Z23.82 nX0.000 nY0.000 nZ-1.000 E92511.10 F6000
G1 X526.32 Y449.86 Z23.82 nX0.000 nY0.000 nZ-1.000 E92514.18 F6000
G1 X527.65 Y449.69 Z23.82 nX0.000 nY0.000 nZ-1.000 E92517.26 F6000
G1 X529.04 Y449.63 Z23.82 nX0.000 nY0.000 nZ-1.000 E92520.44 F6000
G1 X567.51 Y449.63 Z23.85 nX0.000 nY0.000 nZ-1.000 E92608.68 F6000
G1 X569.86 Y449.69 Z23.85 nX0.000 nY0.000 nZ-1.000 E92614.08 F6000
G1 X571.19 Y449.86 Z23.85 nX0.000 nY0.000 nZ-1.000 E92617.16 F6000
G1 X572.51 Y450.14 Z23.85 nX0.000 nY0.000 nZ-1.000 E92620.24 F6000
G1 X573.79 Y450.53 Z23.85 nX0.000 nY0.000 nZ-1.000 E92623.32 F6000
G1 X575.04 Y451.02 Z23.85 nX0.000 nY0.000 nZ-1.000 E92626.40 F6000
G1 X576.25 Y451.62 Z23.85 nX0.000 nY0.000 nZ-1.000 E92629.48 F6000
G1 X577.39 Y452.32 Z23.86 nX0.000 nY0.000 nZ-1.000 E92632.57 F6000
G1 X578.51 Y453.13 Z23.86 nX0.000 nY0.000 nZ-1.000 E92635.74 F6000
G1 X620.18 Y486.27 Z23.89 nX0.000 nY0.000 nZ-1.000 E92757.85 F6000
G1 X622.14 Y487.57 Z23.89 nX0.000 nY0.000 nZ-1.000 E92763.25 F6000
G1 X624.38 Y488.55 Z23.89 nX0.000 nY0.000 nZ-1.000 E92768.86 F6000
G1 X623.17 Y492.16 Z23.90 nX0.000 nY0.000 nZ-1.000 E92777.60 F6000
G1 X620.32 Y490.93 Z23.90 nX0.000 nY0.000 nZ-1.000 E92784.73 F6000
G1 X617.94 Y489.35 Z23.90 nX0.000 nY0.000 nZ-1.000 E92791.27 F6000
G1 X576.21 Y456.16 Z23.93 nX0.000 nY0.000 nZ-1.000 E92913.58 F6000
G1 X575.28 Y455.48 Z23.93 nX0.000 nY0.000 nZ-1.000 E92916.21 F6000
G1 X574.41 Y454.95 Z23.93 nX0.000 nY0.000 nZ-1.000 E92918.56 F6000
G1 X573.49 Y454.49 Z23.93 nX0.000 nY0.000 nZ-1.000 E92920.91 F6000
G1 X572.54 Y454.12 Z23.94 nX0.000 nY0.000 nZ-1.000 E92923.26 F6000
G1 X571.56 Y453.82 Z23.94 nX0.000 nY0.000 nZ-1.000 E92925.61 F6000
G1 X570.56 Y453.61 Z23.94 nX0.000 nY0.000 nZ-1.000 E92927.95 F6000
G1 X569.54 Y453.48 Z23.94 nX0.000 nY0.000 nZ-1.000 E92930.30 F6000
G1 X568.40 Y453.43 Z23.94 nX0.000 nY0.000 nZ-1.000 E92932.93 F6000
G1 X529.12 Y453.43 Z23.96 nX0.000 nY0.000 nZ-1.000 E93023.03 F6000
G1 X527.97 Y453.48 Z23.96 nX0.000 nY0.000 nZ-1.000 E93025.66 F6000
G1 X526.96 Y453.61 Z23.96 nX0.000 nY0.000 nZ-1.000 E93028.01 F6000
G1 X525.96 Y453.82 Z23.96 nX0.000 nY0.000 nZ-1.000 E93030.36 F6000
G1 X524.98 Y454.12 Z23.97 nX0.000 nY0.000 nZ-1.000 E93032.71 F6000
G1 X524.02 Y454.49 Z23.97 nX0.000 nY0.000 nZ-1.000 E93035.05 F6000
G1 X523.11 Y454.95 Z23.97 nX0.000 nY0.000 nZ-1.000 E93037.40 F6000
G1 X522.23 Y455.48 Z23.97 nX0.000 nY0.000 nZ-1.000 E93039.75 F6000
G1 X521.31 Y456.16 Z23.97 nX0.000 nY0.000 nZ-1.000 E93042.38 F6000
G1 X479.58 Y489.35 Z24.00 nX0.000 nY0.000 nZ-1.000 E93164.69 F6000
G1 X477.39 Y490.80 Z24.00 nX0.000 nY0.000 nZ-1.000 E93170.71 F6000
G1 X474.35 Y492.16 Z24.01 nX0.000 nY0.000 nZ-1.000 E93178.35 F6000
G1 X471.33 Y492.89 Z24.01 nX0.000 nY0.000 nZ-1.000 E93185.48 F6000
G1 X468.48 Y493.06 Z24.01 nX0.000 nY0.000 nZ-1.000 E93192.02 F6000
G1 X304.56 Y488.77 Z24.11 nX0.000 nY0.000 nZ-1.000 E93568.15 F6000
G1 X304.56 Y492.62 Z24.11 nX0.000 nY0.000 nZ-1.000 E93576.99 F6000
G1 X306.51 Y492.62 Z24.12 nX0.000 nY0.000 nZ-1.000 E93581.47 F6000
G1 X306.51 Y492.82 Z24.12 nX0.000 nY0.000 nZ-1.000 E93581.92 F6000
G1 X468.55 Y497.07 Z24.22 nX0.000 nY0.000 nZ-1.000 E93953.74 F6000
G1 X471.92 Y496.86 Z24.22 nX0.000 nY0.000 nZ-1.000 E93961.49 F6000
G1 X475.62 Y495.97 Z24.22 nX0.000 nY0.000 nZ-1.000 E93970.22 F6000
G1 X479.11 Y494.45 Z24.22 nX0.000 nY0.000 nZ-1.000 E93978.95 F6000
G1 X481.93 Y492.59 Z24.23 nX0.000 nY0.000 nZ-1.000 E93986.70 F6000
G1 X523.73 Y459.34 Z24.26 nX0.000 nY0.000 nZ-1.000 E94109.21 F6000
G1 X524.45 Y458.81 Z24.26 nX0.000 nY0.000 nZ-1.000 E94111.26 F6000
G1 X525.04 Y458.46 Z24.26 nX0.000 nY0.000 nZ-1.000 E94112.84 F6000
G1 X525.66 Y458.15 Z24.26 nX0.000 nY0.000 nZ-1.000 E94114.42 F6000
G1 X526.30 Y457.90 Z24.26 nX0.000 nY0.000 nZ-1.000 E94116.00 F6000
G1 X526.95 Y457.70 Z24.26 nX0.000 nY0.000 nZ-1.000 E94117.57 F6000
G1 X527.63 Y457.55 Z24.26 nX0.000 nY0.000 nZ-1.000 E94119.15 F6000
G1 X528.31 Y457.47 Z24.26 nX0.000 nY0.000 nZ-1.000 E94120.73 F6000
G1 X529.20 Y457.43 Z24.26 nX0.000 nY0.000 nZ-1.000 E94122.78 F6000
G1 X568.31 Y457.43 Z24.29 nX0.000 nY0.000 nZ-1.000 E94212.49 F6000
G1 X569.21 Y457.47 Z24.29 nX0.000 nY0.000 nZ-1.000 E94214.54 F6000
G1 X569.89 Y457.55 Z24.29 nX0.000 nY0.000 nZ-1.000 E94216.12 F6000
G1 X570.56 Y457.70 Z24.29 nX0.000 nY0.000 nZ-1.000 E94217.70 F6000
G1 X571.22 Y457.90 Z24.29 nX0.000 nY0.000 nZ-1.000 E94219.28 F6000
G1 X571.86 Y458.15 Z24.29 nX0.000 nY0.000 nZ-1.000 E94220.85 F6000
G1 X572.48 Y458.46 Z24.29 nX0.000 nY0.000 nZ-1.000 E94222.43 F6000
G1 X573.06 Y458.81 Z24.29 nX0.000 nY0.000 nZ-1.000 E94224.01 F6000
G1 X573.79 Y459.34 Z24.29 nX0.000 nY0.000 nZ-1.000 E94226.06 F6000
G1 X615.59 Y492.59 Z24.33 nX0.000 nY0.000 nZ-1.000 E94348.58 F6000
G1 X618.40 Y494.45 Z24.33 nX0.000 nY0.000 nZ-1.000 E94356.32 F6000
G1 X621.89 Y495.97 Z24.33 nX0.000 nY0.000 nZ-1.000 E94365.05 F6000
G1 X625.60 Y496.86 Z24.33 nX0.000 nY0.000 nZ-1.000 E94373.79 F6000
G1 X628.97 Y497.07 Z24.34 nX0.000 nY0.000 nZ-1.000 E94381.53 F6000
G1 X791.01 Y492.82 Z24.44 nX0.000 nY0.000 nZ-1.000 E94753.35 F6000
G1 X791.01 Y492.62 Z24.44 nX0.000 nY0.000 nZ-1.000 E94753.81 F6000
G1 X792.96 Y492.62 Z24.44 nX0.000 nY0.000 nZ-1.000 E94758.29 F6000
G1 X792.96 Y488.77 Z24.44 nX0.000 nY0.000 nZ-1.000 E94767.12 F6000
G1 X701.27 Y491.17 Z24.50 nX0.000 nY0.000 nZ-1.000 E94977.52 F6000
;Layer 18
G1 X629.04 Y493.06 Z24.54 nX0.000 nY0.000 nZ-1.000 E95143.25 F6000
G1 X626.88 Y492.93 Z24.55 nX0.000 nY0.000 nZ-1.000 E95148.20 F6000
G1 X628.11 Y489.20 Z24.55 nX0.000 nY0.000 nZ-1.000 E95157.22 F6000
G1 X629.10 Y489.26 Z24.55 nX0.000 nY0.000 nZ-1.000 E95159.50 F6000
G1 X796.73 Y484.87 Z24.65 nX0.000 nY0.000 nZ-1.000 E95544.14 F6000
G1 X796.76 Y485.84 Z24.65 nX0.000 nY0.000 nZ-1.000 E95546.37 F6000
G1 X796.76 Y568.63 Z24.71 nX0.000 nY0.000 nZ-1.000 E95736.26 F6000
G1 X598.19 Y568.63 Z24.83 nX0.000 nY0.000 nZ-1.000 E96191.73 F6000
G1 X567.69 Y461.43 Z24.90 nX0.000 nY0.000 nZ-1.000 E96447.38 F6000
G1 X529.83 Y461.43 Z24.93 nX0.000 nY0.000 nZ-1.000 E96534.21 F6000
G1 X499.33 Y568.63 Z25.00 nX0.000 nY0.000 nZ-1.000 E96789.86 F6000
G1 X300.76 Y568.63 Z25.12 nX0.000 nY0.000 nZ-1.000 E97245.33 F6000
G1 X300.76 Y485.84 Z25.17 nX0.000 nY0.000 nZ-1.000 E97435.22 F6000
G1 X300.78 Y484.87 Z25.17 nX0.000 nY0.000 nZ-1.000 E97437.45 F6000
G1 X468.41 Y489.26 Z25.28 nX0.000 nY0.000 nZ-1.000 E97822.09 F6000
G1 X470.76 Y489.12 Z25.28 nX0.000 nY0.000 nZ-1.000 E97827.49 F6000
G1 X473.14 Y488.55 Z25.28 nX0.000 nY0.000 nZ-1.000 E97833.09 F6000
G1 X475.38 Y487.57 Z25.28 nX0.000 nY0.000 nZ-1.000 E97838.69 F6000
G1 X477.34 Y486.27 Z25.28 nX0.000 nY0.000 nZ-1.000 E97844.09 F6000
G1 X519.00 Y453.13 Z25.32 nX0.000 nY0.000 nZ-1.000 E97966.20 F6000
G1 X520.12 Y452.32 Z25.32 nX0.000 nY0.000 nZ-1.000 E97969.38 F6000
G1 X521.27 Y451.62 Z25.32 nX0.000 nY0.000 nZ-1.000 E97972.46 F6000
G1 X522.47 Y451.02 Z25.32 nX0.000 nY0.000 nZ-1.000 E97975.54 F6000
G1 X523.72 Y450.53 Z25.32 nX0.000 nY0.000 nZ-1.000 E97978.62 F6000
G1 X525.01 Y450.14 Z25.32 nX0.000 nY0.000 nZ-1.000 E97981.71 F6000
G1 X526.32 Y449.86 Z25.32 nX0.000 nY0.000 nZ-1.000 E97984.79 F6000
G1 X527.65 Y449.69 Z25.32 nX0.000 nY0.000 nZ-1.000 E97987.87 F6000
G1 X529.04 Y449.63 Z25.32 nX0.000 nY0.000 nZ-1.000 E97991.05 F6000
G1 X567.51 Y449.63 Z25.35 nX0.000 nY0.000 nZ-1.000 E98079.29 F6000
G1 X569.86 Y449.69 Z25.35 nX0.000 nY0.000 nZ-1.000 E98084.69 F6000
G1 X571.19 Y449.86 Z25.35 nX0.000 nY0.000 nZ-1.000 E98087.77 F6000
G1 X572.51 Y450.14 Z25.35 nX0.000 nY0.000 nZ-1.000 E98090.85 F6000
G1 X573.79 Y450.53 Z25.35 nX0.000 nY0.000 nZ-1.000 E98093.93 F6000
G1 X575.04 Y451.02 Z25.35 nX0.000 nY0.000 nZ-1.000 E98097.01 F6000
G1 X576.25 Y451.62 Z25.35 nX0.000 nY0.000 nZ-1.000 E98100.09 F6000
G1 X577.39 Y452.32 Z25.36 nX0.000 nY0.000 nZ-1.000 E98103.18 F6000
G1 X578.51 Y453.13 Z25.36 nX0.000 nY0.000 nZ-1.000 E98106.35 F6000
G1 X620.18 Y486.27 Z25.39 nX0.000 nY0.000 nZ-1.000 E98228.46 F6000
G1 X622.14 Y487.57 Z25.39 nX0.000 nY0.000 nZ-1.000 E98233.86 F6000
G1 X624.38 Y488.55 Z25.39 nX0.000 nY0.000 nZ-1.000 E98239.46 F6000
G1 X623.17 Y492.16 Z25.40 nX0.000 nY0.000 nZ-1.000 E98248.21 F6000
G1 X620.32 Y490.93 Z25.40 nX0.000 nY0.000 nZ-1.000 E98255.34 F6000
G1 X617.94 Y489.35 Z25.40 nX0.000 nY0.000 nZ-1.000 E98261.88 F6000
G1 X576.21 Y456.16 Z25.43 nX0.000 nY0.000 nZ-1.000 E98384.19 F6000
G1 X575.28 Y455.48 Z25.43 nX0.000 nY0.000 nZ-1.000 E98386.82 F6000
G1 X574.41 Y454.95 Z25.43 nX0.000 nY0.000 nZ-1.000 E98389.17 F6000
G1 X573.49 Y454.49 Z25.43 nX0.000 nY0.000 nZ-1.000 E98391.52 F6000
G1 X572.54 Y454.12 Z25.44 nX0.000 nY0.000 nZ-1.000 E98393.87 F6000
G1 X571.56 Y453.82 Z25.44 nX0.000 nY0.000 nZ-1.000 E98396.22 F6000
G1 X570.56 Y453.61 Z25.44 nX0.000 nY0.000 nZ-1.000 E98398.56 F6000
G1 X569.54 Y453.48 Z25.44 nX0.000 nY0.000 nZ-1.000 E98400.91 F6000
G1 X568.40 Y453.43 Z25.44 nX0.000 nY0.000 nZ-1.000 E98403.54 F6000
G1 X529.12 Y453.43 Z25.46 nX0.000 nY0.000 nZ-1.000 E98493.64 F6000
G1 X527.97 Y453.48 Z25.46 nX0.000 nY0.000 nZ-1.000 E98496.27 F6000
G1 X526.96 Y453.61 Z25.46 nX0.000 nY0.000 nZ-1.000 E98498.62 F6000
G1 X525.96 Y453.82 Z25.46 nX0.000 nY0.000 nZ-1.000 E98500.97 F6000
G1 X524.98 Y454.12 Z25.47 nX0.000 nY0.000 nZ-1.000 E98503.32 F6000
G1 X524.02 Y454.49 Z25.47 nX0.000 nY0.000 nZ-1.000 E98505.66 F6000
G1 X523.11 Y454.95 Z25.47 nX0.000 nY0.000 nZ-1.000 E98508.01 F6000
G1 X522.23 Y455.48 Z25.47 nX0.000 nY0.000 nZ-1.000 E98510.36 F6000
G1 X521.31 Y456.16 Z25.47 nX0.000 nY0.000 nZ-1.000 E98512.99 F6000
G1 X479.58 Y489.35 Z25.50 nX0.000 nY0.000 nZ-1.000 E98635.30 F6000
G1 X477.20 Y490.93 Z25.50 nX0.000 nY0.000 nZ-1.000 E98641.84 F6000
G1 X474.35 Y492.16 Z25.51 nX0.000 nY0.000 nZ-1.000 E98648.97 F6000
G1 X471.33 Y492.89 Z25.51 nX0.000 nY0.000 nZ-1.000 E98656.09 F6000
G1 X468.48 Y493.06 Z25.51 nX0.000 nY0.000 nZ-1.000 E98662.64 F6000
G1 X304.56 Y488.77 Z25.61 nX0.000 nY0.000 nZ-1.000 E99038.76 F6000
G1 X304.56 Y492.62 Z25.61 nX0.000 nY0.000 nZ-1.000 E99047.60 F6000
G1 X306.51 Y492.62 Z25.62 nX0.000 nY0.000 nZ-1.000 E99052.08 F6000
G1 X306.51 Y492.82 Z25.62 nX0.000 nY0.000 nZ-1.000 E99052.54 F6000
G1 X468.55 Y497.07 Z25.72 nX0.000 nY0.000 nZ-1.000 E99424.36 F6000
G1 X471.92 Y496.86 Z25.72 nX0.000 nY0.000 nZ-1.000 E99432.10 F6000
G1 X475.62 Y495.97 Z25.72 nX0.000 nY0.000 nZ-1.000 E99440.84 F6000
G1 X479.11 Y494.45 Z25.72 nX0.000 nY0.000 nZ-1.000 E99449.57 F6000
G1 X481.93 Y492.59 Z25.73 nX0.000 nY0.000 nZ-1.000 E99457.31 F6000
G1 X523.73 Y459.34 Z25.76 nX0.000 nY0.000 nZ-1.000 E99579.83 F6000
G1 X524.45 Y458.81 Z25.76 nX0.000 nY0.000 nZ-1.000 E99581.88 F6000
G1 X525.04 Y458.46 Z25.76 nX0.000 nY0.000 nZ-1.000 E99583.46 F6000
G1 X525.66 Y458.15 Z25.76 nX0.000 nY0.000 nZ-1.000 E99585.04 F6000
G1 X526.30 Y457.90 Z25.76 nX0.000 nY0.000 nZ-1.000 E99586.61 F6000
G1 X526.95 Y457.70 Z25.76 nX0.000 nY0.000 nZ-1.000 E99588.19 F6000
G1 X527.63 Y457.55 Z25.76 nX0.000 nY0.000 nZ-1.000 E99589.77 F6000
G1 X528.31 Y457.47 Z25.76 nX0.000 nY0.000 nZ-1.000 E99591.35 F6000
G1 X529.20 Y457.43 Z25.76 nX0.000 nY0.000 nZ-1.000 E99593.40 F6000
G1 X568.31 Y457.43 Z25.79 nX0.000 nY0.000 nZ-1.000 E99683.11 F6000
G1 X569.21 Y457.47 Z25.79 nX0.000 nY0.000 nZ-1.000 E99685.16 F6000
G1 X569.89 Y457.55 Z25.79 nX0.000 nY0.000 nZ-1.000 E99686.74 F6000
G1 X570.56 Y457.70 Z25.79 nX0.000 nY0.000 nZ-1.000 E99688.32 F6000
G1 X571.22 Y457.90 Z25.79 nX0.000 nY0.000 nZ-1.000 E99689.89 F6000
G1 X571.86 Y458.15 Z25.79 nX0.000 nY0.000 nZ-1.000 E99691.47 F6000
G1 X572.48 Y458.46 Z25.79 nX0.000 nY0.000 nZ-1.000 E99693.05 F6000
G1 X573.06 Y458.81 Z25.79 nX0.000 nY0.000 nZ-1.000 E99694.63 F6000
G1 X573.79 Y459.34 Z25.79 nX0.000 nY0.000 nZ-1.000 E99696.68 F6000
G1 X615.59 Y492.59 Z25.83 nX0.000 nY0.000 nZ-1.000 E99819.19 F6000
G1 X618.40 Y494.45 Z25.83 nX0.000 nY0.000 nZ-1.000 E99826.94 F6000
G1 X621.89 Y495.97 Z25.83 nX0.000 nY0.000 nZ-1.000 E99835.67 F6000
G1 X625.60 Y496.86 Z25.83 nX0.000 nY0.000 nZ-1.000 E99844.40 F6000
G1 X628.97 Y497.07 Z25.84 nX0.000 nY0.000 nZ-1.000 E99852.15 F6000
G1 X791.01 Y492.82 Z25.94 nX0.000 nY0.000 nZ-1.000 E100223.97 F6000
G1 X791.01 Y492.62 Z25.94 nX0.000 nY0.000 nZ-1.000 E100224.42 F6000
G1 X792.96 Y492.62 Z25.94 nX0.000 nY0.000 nZ-1.000 E100228.90 F6000
G1 X792.96 Y488.77 Z25.94 nX0.000 nY0.000 nZ-1.000 E100237.74 F6000
G1 X701.27 Y491.17 Z26.00 nX0.000 nY0.000 nZ-1.000 E100448.13 F6000
;Layer 19
G1 X629.04 Y493.06 Z26.04 nX0.000 nY0.000 nZ-1.000 E100613.87 F6000
G1 X626.86 Y492.93 Z26.05 nX0.000 nY0.000 nZ-1.000 E100618.87 F6000
G1 X623.17 Y492.16 Z26.05 nX0.000 nY0.000 nZ-1.000 E100627.52 F6000
G1 X620.32 Y490.93 Z26.05 nX0.000 nY0.000 nZ-1.000 E100634.64 F6000
G1 X617.94 Y489.35 Z26.05 nX0.000 nY0.000 nZ-1.000 E100641.19 F6000
G1 X576.21 Y456.16 Z26.09 nX0.000 nY0.000 nZ-1.000 E100763.50 F6000
G1 X575.28 Y455.48 Z26.09 nX0.000 nY0.000 nZ-1.000 E100766.13 F6000
G1 X574.41 Y454.95 Z26.09 nX0.000 nY0.000 nZ-1.000 E100768.47 F6000
G1 X573.49 Y454.49 Z26.09 nX0.000 nY0.000 nZ-1.000 E100770.82 F6000
G1 X572.54 Y454.12 Z26.09 nX0.000 nY0.000 nZ-1.000 E100773.17 F6000
G1 X571.56 Y453.82 Z26.09 nX0.000 nY0.000 nZ-1.000 E100775.52 F6000
G1 X570.56 Y453.61 Z26.09 nX0.000 nY0.000 nZ-1.000 E100777.87 F6000
G1 X569.54 Y453.48 Z26.09 nX0.000 nY0.000 nZ-1.000 E100780.22 F6000
G1 X568.40 Y453.43 Z26.09 nX0.000 nY0.000 nZ-1.000 E100782.85 F6000
G1 X529.12 Y453.43 Z26.12 nX0.000 nY0.000 nZ-1.000 E100872.95 F6000
G1 X527.97 Y453.48 Z26.12 nX0.000 nY0.000 nZ-1.000 E100875.57 F6000
G1 X526.96 Y453.61 Z26.12 nX0.000 nY0.000 nZ-1.000 E100877.92 F6000
G1 X525.96 Y453.82 Z26.12 nX0.000 nY0.000 nZ-1.000 E100880.27 F6000
G1 X524.98 Y454.12 Z26.12 nX0.000 nY0.000 nZ-1.000 E100882.62 F6000
G1 X524.02 Y454.49 Z26.12 nX0.000 nY0.000 nZ-1.000 E100884.97 F6000
G1 X523.11 Y454.95 Z26.12 nX0.000 nY0.000 nZ-1.000 E100887.32 F6000
G1 X522.23 Y455.48 Z26.12 nX0.000 nY0.000 nZ-1.000 E100889.67 F6000
G1 X521.31 Y456.16 Z26.12 nX0.000 nY0.000 nZ-1.000 E100892.29 F6000
G1 X479.58 Y489.35 Z26.15 nX0.000 nY0.000 nZ-1.000 E101014.60 F6000
G1 X477.78 Y490.54 Z26.16 nX0.000 nY0.000 nZ-1.000 E101019.56 F6000
G1 X476.51 Y486.82 Z26.16 nX0.000 nY0.000 nZ-1.000 E101028.57 F6000
G1 X477.34 Y486.27 Z26.16 nX0.000 nY0.000 nZ-1.000 E101030.85 F6000
G1 X519.00 Y453.13 Z26.19 nX0.000 nY0.000 nZ-1.000 E101152.96 F6000
G1 X520.12 Y452.32 Z26.19 nX0.000 nY0.000 nZ-1.000 E101156.14 F6000
G1 X521.27 Y451.62 Z26.19 nX0.000 nY0.000 nZ-1.000 E101159.22 F6000
G1 X522.47 Y451.02 Z26.19 nX0.000 nY0.000 nZ-1.000 E101162.30 F6000
G1 X523.72 Y450.53 Z26.20 nX0.000 nY0.000 nZ-1.000 E101165.39 F6000
G1 X525.01 Y450.14 Z26.20 nX0.000 nY0.000 nZ-1.000 E101168.47 F6000
G1 X526.32 Y449.86 Z26.20 nX0.000 nY0.000 nZ-1.000 E101171.55 F6000
G1 X527.65 Y449.69 Z26.20 nX0.000 nY0.000 nZ-1.000 E101174.63 F6000
G1 X529.04 Y449.63 Z26.20 nX0.000 nY0.000 nZ-1.000 E101177.81 F6000
G1 X567.51 Y449.63 Z26.22 nX0.000 nY0.000 nZ-1.000 E101266.05 F6000
G1 X569.86 Y449.69 Z26.22 nX0.000 nY0.000 nZ-1.000 E101271.45 F6000
G1 X571.19 Y449.86 Z26.23 nX0.000 nY0.000 nZ-1.000 E101274.53 F6000
G1 X572.51 Y450.14 Z26.23 nX0.000 nY0.000 nZ-1.000 E101277.61 F6000
G1 X573.79 Y450.53 Z26.23 nX0.000 nY0.000 nZ-1.000 E101280.69 F6000
G1 X575.04 Y451.02 Z26.23 nX0.000 nY0.000 nZ-1.000 E101283.77 F6000
G1 X576.25 Y451.62 Z26.23 nX0.000 nY0.000 nZ-1.000 E101286.86 F6000
G1 X577.39 Y452.32 Z26.23 nX0.000 nY0.000 nZ-1.000 E101289.94 F6000
G1 X578.51 Y453.13 Z26.23 nX0.000 nY0.000 nZ-1.000 E101293.11 F6000
G1 X620.18 Y486.27 Z26.26 nX0.000 nY0.000 nZ-1.000 E101415.23 F6000
G1 X622.14 Y487.57 Z26.27 nX0.000 nY0.000 nZ-1.000 E101420.63 F6000
G1 X624.38 Y488.55 Z26.27 nX0.000 nY0.000 nZ-1.000 E101426.23 F6000
G1 X627.78 Y489.45 Z26.27 nX0.000 nY0.000 nZ-1.000 E101434.29 F6000
G1 X629.10 Y489.26 Z26.27 nX0.000 nY0.000 nZ-1.000 E101437.37 F6000
G1 X796.73 Y484.87 Z26.38 nX0.000 nY0.000 nZ-1.000 E101822.00 F6000
G1 X796.76 Y485.84 Z26.38 nX0.000 nY0.000 nZ-1.000 E101824.24 F6000
G1 X796.76 Y568.63 Z26.43 nX0.000 nY0.000 nZ-1.000 E102014.13 F6000
G1 X598.19 Y568.63 Z26.55 nX0.000 nY0.000 nZ-1.000 E102469.59 F6000
G1 X567.69 Y461.43 Z26.62 nX0.000 nY0.000 nZ-1.000 E102725.25 F6000
G1 X529.83 Y461.43 Z26.65 nX0.000 nY0.000 nZ-1.000 E102812.07 F6000
G1 X499.33 Y568.63 Z26.72 nX0.000 nY0.000 nZ-1.000 E103067.73 F6000
G1 X300.76 Y568.63 Z26.84 nX0.000 nY0.000 nZ-1.000 E103523.20 F6000
G1 X300.76 Y485.84 Z26.89 nX0.000 nY0.000 nZ-1.000 E103713.09 F6000
G1 X300.78 Y484.87 Z26.89 nX0.000 nY0.000 nZ-1.000 E103715.32 F6000
G1 X468.41 Y489.26 Z27.00 nX0.000 nY0.000 nZ-1.000 E104099.96 F6000
G1 X470.76 Y489.12 Z27.00 nX0.000 nY0.000 nZ-1.000 E104105.36 F6000
G1 X473.14 Y488.55 Z27.00 nX0.000 nY0.000 nZ-1.000 E104110.96 F6000
G1 X474.35 Y492.16 Z27.01 nX0.000 nY0.000 nZ-1.000 E104119.71 F6000
G1 X471.33 Y492.89 Z27.01 nX0.000 nY0.000 nZ-1.000 E104126.83 F6000
G1 X468.48 Y493.06 Z27.01 nX0.000 nY0.000 nZ-1.000 E104133.38 F6000
G1 X304.56 Y488.77 Z27.11 nX0.000 nY0.000 nZ-1.000 E104509.50 F6000
G1 X304.56 Y492.62 Z27.11 nX0.000 nY0.000 nZ-1.000 E104518.34 F6000
G1 X306.51 Y492.62 Z27.12 nX0.000 nY0.000 nZ-1.000 E104522.82 F6000
G1 X306.51 Y492.82 Z27.12 nX0.000 nY0.000 nZ-1.000 E104523.28 F6000
G1 X468.55 Y497.07 Z27.22 nX0.000 nY0.000 nZ-1.000 E104895.10 F6000
G1 X471.92 Y496.86 Z27.22 nX0.000 nY0.000 nZ-1.000 E104902.84 F6000
G1 X475.62 Y495.97 Z27.22 nX0.000 nY0.000 nZ-1.000 E104911.57 F6000
G1 X479.11 Y494.45 Z27.22 nX0.000 nY0.000 nZ-1.000 E104920.30 F6000
G1 X481.93 Y492.59 Z27.23 nX0.000 nY0.000 nZ-1.000 E104928.05 F6000
G1 X523.73 Y459.34 Z27.26 nX0.000 nY0.000 nZ-1.000 E105050.57 F6000
G1 X524.45 Y458.81 Z27.26 nX0.000 nY0.000 nZ-1.000 E105052.62 F6000
G1 X525.04 Y458.46 Z27.26 nX0.000 nY0.000 nZ-1.000 E105054.20 F6000
G1 X525.66 Y458.15 Z27.26 nX0.000 nY0.000 nZ-1.000 E105055.77 F6000
G1 X526.30 Y457.90 Z27.26 nX0.000 nY0.000 nZ-1.000 E105057.35 F6000
G1 X526.95 Y457.70 Z27.26 nX0.000 nY0.000 nZ-1.000 E105058.93 F6000
G1 X527.63 Y457.55 Z27.26 nX0.000 nY0.000 nZ-1.000 E105060.51 F6000
G1 X528.31 Y457.47 Z27.26 nX0.000 nY0.000 nZ-1.000 E105062.08 F6000
G1 X529.20 Y457.43 Z27.26 nX0.000 nY0.000 nZ-1.000 E105064.13 F6000
G1 X568.31 Y457.43 Z27.29 nX0.000 nY0.000 nZ-1.000 E105153.85 F6000
G1 X569.21 Y457.47 Z27.29 nX0.000 nY0.000 nZ-1.000 E105155.90 F6000
G1 X569.89 Y457.55 Z27.29 nX0.000 nY0.000 nZ-1.000 E105157.48 F6000
G1 X570.56 Y457.70 Z27.29 nX0.000 nY0.000 nZ-1.000 E105159.05 F6000
G1 X571.22 Y457.90 Z27.29 nX0.000 nY0.000 nZ-1.000 E105160.63 F6000
G1 X571.86 Y458.15 Z27.29 nX0.000 nY0.000 nZ-1.000 E105162.21 F6000
G1 X572.48 Y458.46 Z27.29 nX0.000 nY0.000 nZ-1.000 E105163.79 F6000
G1 X573.06 Y458.81 Z27.29 nX0.000 nY0.000 nZ-1.000 E105165.36 F6000
G1 X573.79 Y459.34 Z27.29 nX0.000 nY0.000 nZ-1.000 E105167.41 F6000
G1 X615.59 Y492.59 Z27.33 nX0.000 nY0.000 nZ-1.000 E105289.93 F6000
G1 X618.40 Y494.45 Z27.33 nX0.000 nY0.000 nZ-1.000 E105297.68 F6000
G1 X621.89 Y495.97 Z27.33 nX0.000 nY0.000 nZ-1.000 E105306.41 F6000
G1 X625.60 Y496.86 Z27.33 nX0.000 nY0.000 nZ-1.000 E105315.14 F6000
G1 X628.97 Y497.07 Z27.34 nX0.000 nY0.000 nZ-1.000 E105322.89 F6000
G1 X791.01 Y492.82 Z27.44 nX0.000 nY0.000 nZ-1.000 E105694.71 F6000
G1 X791.01 Y492.62 Z27.44 nX0.000 nY0.000 nZ-1.000 E105695.16 F6000
G1 X792.96 Y492.62 Z27.44 nX0.000 nY0.000 nZ-1.000 E105699.64 F6000
G1 X792.96 Y488.77 Z27.44 nX0.000 nY0.000 nZ-1.000 E105708.48 F6000
G1 X701.27 Y491.17 Z27.50 nX0.000 nY0.000 nZ-1.000 E105918.87 F6000
;Layer 20
G1 X629.04 Y493.06 Z27.54 nX0.000 nY0.000 nZ-1.000 E106084.61 F6000
G1 X626.19 Y492.89 Z27.55 nX0.000 nY0.000 nZ-1.000 E106091.15 F6000
G1 X623.17 Y492.16 Z27.55 nX0.000 nY0.000 nZ-1.000 E106098.28 F6000
G1 X620.32 Y490.93 Z27.55 nX0.000 nY0.000 nZ-1.000 E106105.40 F6000
G1 X617.94 Y489.35 Z27.55 nX0.000 nY0.000 nZ-1.000 E106111.94 F6000
G1 X576.21 Y456.16 Z27.59 nX0.000 nY0.000 nZ-1.000 E106234.25 F6000
G1 X575.28 Y455.48 Z27.59 nX0.000 nY0.000 nZ-1.000 E106236.88 F6000
G1 X574.41 Y454.95 Z27.59 nX0.000 nY0.000 nZ-1.000 E106239.23 F6000
G1 X573.49 Y454.49 Z27.59 nX0.000 nY0.000 nZ-1.000 E106241.58 F6000
G1 X572.54 Y454.12 Z27.59 nX0.000 nY0.000 nZ-1.000 E106243.93 F6000
G1 X571.56 Y453.82 Z27.59 nX0.000 nY0.000 nZ-1.000 E106246.28 F6000
G1 X570.56 Y453.61 Z27.59 nX0.000 nY0.000 nZ-1.000 E106248.63 F6000
G1 X569.54 Y453.48 Z27.59 nX0.000 nY0.000 nZ-1.000 E106250.98 F6000
G1 X568.40 Y453.43 Z27.59 nX0.000 nY0.000 nZ-1.000 E106253.60 F6000
G1 X529.12 Y453.43 Z27.62 nX0.000 nY0.000 nZ-1.000 E106343.70 F6000
G1 X527.97 Y453.48 Z27.62 nX0.000 nY0.000 nZ-1.000 E106346.33 F6000
G1 X526.96 Y453.61 Z27.62 nX0.000 nY0.000 nZ-1.000 E106348.68 F6000
G1 X525.96 Y453.82 Z27.62 nX0.000 nY0.000 nZ-1.000 E106351.03 F6000
G1 X524.98 Y454.12 Z27.62 nX0.000 nY0.000 nZ-1.000 E106353.38 F6000
G1 X524.02 Y454.49 Z27.62 nX0.000 nY0.000 nZ-1.000 E106355.73 F6000
G1 X523.11 Y454.95 Z27.62 nX0.000 nY0.000 nZ-1.000 E106358.08 F6000
G1 X522.23 Y455.48 Z27.62 nX0.000 nY0.000 nZ-1.000 E106360.42 F6000
G1 X521.31 Y456.16 Z27.62 nX0.000 nY0.000 nZ-1.000 E106363.05 F6000
G1 X479.58 Y489.35 Z27.65 nX0.000 nY0.000 nZ-1.000 E106485.36 F6000
G1 X477.78 Y490.54 Z27.66 nX0.000 nY0.000 nZ-1.000 E106490.31 F6000
G1 X476.51 Y486.82 Z27.66 nX0.000 nY0.000 nZ-1.000 E106499.33 F6000
G1 X477.34 Y486.27 Z27.66 nX0.000 nY0.000 nZ-1.000 E106501.61 F6000
G1 X519.00 Y453.13 Z27.69 nX0.000 nY0.000 nZ-1.000 E106623.72 F6000
G1 X520.12 Y452.32 Z27.69 nX0.000 nY0.000 nZ-1.000 E106626.90 F6000
G1 X521.27 Y451.62 Z27.69 nX0.000 nY0.000 nZ-1.000 E106629.98 F6000
G1 X522.47 Y451.02 Z27.69 nX0.000 nY0.000 nZ-1.000 E106633.06 F6000
G1 X523.72 Y450.53 Z27.70 nX0.000 nY0.000 nZ-1.000 E106636.14 F6000
G1 X525.01 Y450.14 Z27.70 nX0.000 nY0.000 nZ-1.000 E106639.22 F6000
G1 X526.32 Y449.86 Z27.70 nX0.000 nY0.000 nZ-1.000 E106642.31 F6000
G1 X527.65 Y449.69 Z27.70 nX0.000 nY0.000 nZ-1.000 E106645.39 F6000
G1 X529.04 Y449.63 Z27.70 nX0.000 nY0.000 nZ-1.000 E106648.56 F6000
G1 X567.51 Y449.63 Z27.72 nX0.000 nY0.000 nZ-1.000 E106736.81 F6000
G1 X569.86 Y449.69 Z27.72 nX0.000 nY0.000 nZ-1.000 E106742.21 F6000
G1 X571.19 Y449.86 Z27.73 nX0.000 nY0.000 nZ-1.000 E106745.29 F6000
G1 X572.51 Y450.14 Z27.73 nX0.000 nY0.000 nZ-1.000 E106748.37 F6000
G1 X573.79 Y450.53 Z27.73 nX0.000 nY0.000 nZ-1.000 E106751.45 F6000
G1 X575.04 Y451.02 Z27.73 nX0.000 nY0.000 nZ-1.000 E106754.53 F6000
G1 X576.25 Y451.62 Z27.73 nX0.000 nY0.000 nZ-1.000 E106757.61 F6000
G1 X577.39 Y452.32 Z27.73 nX0.000 nY0.000 nZ-1.000 E106760.69 F6000
G1 X578.51 Y453.13 Z27.73 nX0.000 nY0.000 nZ-1.000 E106763.87 F6000
G1 X620.18 Y486.27 Z27.76 nX0.000 nY0.000 nZ-1.000 E106885.98 F6000
G1 X622.14 Y487.57 Z27.77 nX0.000 nY0.000 nZ-1.000 E106891.38 F6000
G1 X624.38 Y488.55 Z27.77 nX0.000 nY0.000 nZ-1.000 E106896.98 F6000
G1 X626.75 Y489.12 Z27.77 nX0.000 nY0.000 nZ-1.000 E106902.59 F6000
G1 X629.10 Y489.26 Z27.77 nX0.000 nY0.000 nZ-1.000 E106907.98 F6000
G1 X796.73 Y484.87 Z27.88 nX0.000 nY0.000 nZ-1.000 E107292.62 F6000
G1 X796.76 Y485.84 Z27.88 nX0.000 nY0.000 nZ-1.000 E107294.85 F6000
G1 X796.76 Y568.63 Z27.93 nX0.000 nY0.000 nZ-1.000 E107484.74 F6000
G1 X598.19 Y568.63 Z28.05 nX0.000 nY0.000 nZ-1.000 E107940.21 F6000
G1 X567.69 Y461.43 Z28.12 nX0.000 nY0.000 nZ-1.000 E108195.86 F6000
G1 X529.83 Y461.43 Z28.15 nX0.000 nY0.000 nZ-1.000 E108282.69 F6000
G1 X499.33 Y568.63 Z28.22 nX0.000 nY0.000 nZ-1.000 E108538.34 F6000
G1 X300.76 Y568.63 Z28.34 nX0.000 nY0.000 nZ-1.000 E108993.82 F6000
G1 X300.76 Y485.84 Z28.39 nX0.000 nY0.000 nZ-1.000 E109183.70 F6000
G1 X300.78 Y484.87 Z28.39 nX0.000 nY0.000 nZ-1.000 E109185.94 F6000
G1 X468.41 Y489.26 Z28.50 nX0.000 nY0.000 nZ-1.000 E109570.57 F6000
G1 X470.76 Y489.12 Z28.50 nX0.000 nY0.000 nZ-1.000 E109575.97 F6000
G1 X473.14 Y488.55 Z28.50 nX0.000 nY0.000 nZ-1.000 E109581.57 F6000
G1 X474.35 Y492.16 Z28.51 nX0.000 nY0.000 nZ-1.000 E109590.32 F6000
G1 X471.33 Y492.89 Z28.51 nX0.000 nY0.000 nZ-1.000 E109597.45 F6000
G1 X468.48 Y493.06 Z28.51 nX0.000 nY0.000 nZ-1.000 E109603.99 F6000
G1 X304.56 Y488.77 Z28.61 nX0.000 nY0.000 nZ-1.000 E109980.12 F6000
G1 X304.56 Y492.62 Z28.61 nX0.000 nY0.000 nZ-1.000 E109988.96 F6000
G1 X306.51 Y492.62 Z28.62 nX0.000 nY0.000 nZ-1.000 E109993.44 F6000
G1 X306.51 Y492.82 Z28.62 nX0.000 nY0.000 nZ-1.000 E109993.89 F6000
G1 X468.55 Y497.07 Z28.72 nX0.000 nY0.000 nZ-1.000 E110365.71 F6000
G1 X471.92 Y496.86 Z28.72 nX0.000 nY0.000 nZ-1.000 E110373.46 F6000
G1 X475.62 Y495.97 Z28.72 nX0.000 nY0.000 nZ-1.000 E110382.19 F6000
G1 X479.11 Y494.45 Z28.72 nX0.000 nY0.000 nZ-1.000 E110390.92 F6000
G1 X481.93 Y492.59 Z28.73 nX0.000 nY0.000 nZ-1.000 E110398.67 F6000
G1 X523.73 Y459.34 Z28.76 nX0.000 nY0.000 nZ-1.000 E110521.19 F6000
G1 X524.45 Y458.81 Z28.76 nX0.000 nY0.000 nZ-1.000 E110523.24 F6000
G1 X525.04 Y458.46 Z28.76 nX0.000 nY0.000 nZ-1.000 E110524.81 F6000
G1 X525.66 Y458.15 Z28.76 nX0.000 nY0.000 nZ-1.000 E110526.39 F6000
G1 X526.30 Y457.90 Z28.76 nX0.000 nY0.000 nZ-1.000 E110527.97 F6000
G1 X526.95 Y457.70 Z28.76 nX0.000 nY0.000 nZ-1.000 E110529.55 F6000
G1 X527.63 Y457.55 Z28.76 nX0.000 nY0.000 nZ-1.000 E110531.12 F6000
G1 X528.31 Y457.47 Z28.76 nX0.000 nY0.000 nZ-1.000 E110532.70 F6000
G1 X529.20 Y457.43 Z28.76 nX0.000 nY0.000 nZ-1.000 E110534.75 F6000
G1 X568.31 Y457.43 Z28.79 nX0.000 nY0.000 nZ-1.000 E110624.47 F6000
G1 X569.21 Y457.47 Z28.79 nX0.000 nY0.000 nZ-1.000 E110626.52 F6000
G1 X569.89 Y457.55 Z28.79 nX0.000 nY0.000 nZ-1.000 E110628.09 F6000
G1 X570.56 Y457.70 Z28.79 nX0.000 nY0.000 nZ-1.000 E110629.67 F6000
G1 X571.22 Y457.90 Z28.79 nX0.000 nY0.000 nZ-1.000 E110631.25 F6000
G1 X571.86 Y458.15 Z28.79 nX0.000 nY0.000 nZ-1.000 E110632.83 F6000
G1 X572.48 Y458.46 Z28.79 nX0.000 nY0.000 nZ-1.000 E110634.40 F6000
G1 X573.06 Y458.81 Z28.79 nX0.000 nY0.000 nZ-1.000 E110635.98 F6000
G1 X573.79 Y459.34 Z28.79 nX0.000 nY0.000 nZ-1.000 E110638.03 F6000
G1 X615.59 Y492.59 Z28.83 nX0.000 nY0.000 nZ-1.000 E110760.55 F6000
G1 X618.40 Y494.45 Z28.83 nX0.000 nY0.000 nZ-1.000 E110768.30 F6000
G1 X621.89 Y495.97 Z28.83 nX0.000 nY0.000 nZ-1.000 E110777.03 F6000
G1 X625.60 Y496.86 Z28.83 nX0.000 nY0.000 nZ-1.000 E110785.76 F6000
G1 X628.97 Y497.07 Z28.84 nX0.000 nY0.000 nZ-1.000 E110793.50 F6000
G1 X791.01 Y492.82 Z28.94 nX0.000 nY0.000 nZ-1.000 E111165.32 F6000
G1 X791.01 Y492.62 Z28.94 nX0.000 nY0.000 nZ-1.000 E111165.78 F6000
G1 X792.96 Y492.62 Z28.94 nX0.000 nY0.000 nZ-1.000 E111170.26 F6000
G1 X792.96 Y488.77 Z28.94 nX0.000 nY0.000 nZ-1.000 E111179.10 F6000
G1 X701.27 Y491.17 Z29.00 nX0.000 nY0.000 nZ-1.000 E111389.49 F6000
;Layer 21
G1 X629.04 Y493.06 Z29.04 nX0.000 nY0.000 nZ-1.000 E111555.22 F6000
G1 X626.88 Y492.93 Z29.05 nX0.000 nY0.000 nZ-1.000 E111560.18 F6000
G1 X628.11 Y489.20 Z29.05 nX0.000 nY0.000 nZ-1.000 E111569.19 F6000
G1 X629.10 Y489.26 Z29.05 nX0.000 nY0.000 nZ-1.000 E111571.47 F6000
G1 X796.73 Y484.87 Z29.15 nX0.000 nY0.000 nZ-1.000 E111956.11 F6000
G1 X796.76 Y485.84 Z29.15 nX0.000 nY0.000 nZ-1.000 E111958.34 F6000
G1 X796.76 Y568.63 Z29.21 nX0.000 nY0.000 nZ-1.000 E112148.23 F6000
G1 X598.19 Y568.63 Z29.33 nX0.000 nY0.000 nZ-1.000 E112603.70 F6000
G1 X567.69 Y461.43 Z29.40 nX0.000 nY0.000 nZ-1.000 E112859.35 F6000
G1 X529.83 Y461.43 Z29.43 nX0.000 nY0.000 nZ-1.000 E112946.18 F6000
G1 X499.33 Y568.63 Z29.50 nX0.000 nY0.000 nZ-1.000 E113201.83 F6000
G1 X300.76 Y568.63 Z29.62 nX0.000 nY0.000 nZ-1.000 E113657.30 F6000
G1 X300.76 Y485.84 Z29.67 nX0.000 nY0.000 nZ-1.000 E113847.19 F6000
G1 X300.78 Y484.87 Z29.67 nX0.000 nY0.000 nZ-1.000 E113849.43 F6000
G1 X468.41 Y489.26 Z29.78 nX0.000 nY0.000 nZ-1.000 E114234.06 F6000
G1 X470.76 Y489.12 Z29.78 nX0.000 nY0.000 nZ-1.000 E114239.46 F6000
G1 X473.14 Y488.55 Z29.78 nX0.000 nY0.000 nZ-1.000 E114245.06 F6000
G1 X475.97 Y487.37 Z29.78 nX0.000 nY0.000 nZ-1.000 E114252.10 F6000
G1 X477.34 Y486.27 Z29.78 nX0.000 nY0.000 nZ-1.000 E114256.12 F6000
G1 X519.00 Y453.13 Z29.82 nX0.000 nY0.000 nZ-1.000 E114378.23 F6000
G1 X520.12 Y452.32 Z29.82 nX0.000 nY0.000 nZ-1.000 E114381.41 F6000
G1 X521.27 Y451.62 Z29.82 nX0.000 nY0.000 nZ-1.000 E114384.49 F6000
G1 X522.47 Y451.02 Z29.82 nX0.000 nY0.000 nZ-1.000 E114387.57 F6000
G1 X523.72 Y450.53 Z29.82 nX0.000 nY0.000 nZ-1.000 E114390.66 F6000
G1 X525.01 Y450.14 Z29.82 nX0.000 nY0.000 nZ-1.000 E114393.74 F6000
G1 X526.32 Y449.86 Z29.82 nX0.000 nY0.000 nZ-1.000 E114396.82 F6000
G1 X527.65 Y449.69 Z29.82 nX0.000 nY0.000 nZ-1.000 E114399.90 F6000
G1 X529.04 Y449.63 Z29.82 nX0.000 nY0.000 nZ-1.000 E114403.08 F6000
G1 X567.51 Y449.63 Z29.85 nX0.000 nY0.000 nZ-1.000 E114491.32 F6000
G1 X569.86 Y449.69 Z29.85 nX0.000 nY0.000 nZ-1.000 E114496.72 F6000
G1 X571.19 Y449.86 Z29.85 nX0.000 nY0.000 nZ-1.000 E114499.80 F6000
G1 X572.51 Y450.14 Z29.85 nX0.000 nY0.000 nZ-1.000 E114502.88 F6000
G1 X573.79 Y450.53 Z29.85 nX0.000 nY0.000 nZ-1.000 E114505.96 F6000
G1 X575.04 Y451.02 Z29.85 nX0.000 nY0.000 nZ-1.000 E114509.04 F6000
G1 X576.25 Y451.62 Z29.85 nX0.000 nY0.000 nZ-1.000 E114512.13 F6000
G1 X577.39 Y452.32 Z29.86 nX0.000 nY0.000 nZ-1.000 E114515.21 F6000
G1 X578.51 Y453.13 Z29.86 nX0.000 nY0.000 nZ-1.000 E114518.38 F6000
G1 X620.18 Y486.27 Z29.89 nX0.000 nY0.000 nZ-1.000 E114640.50 F6000
G1 X622.14 Y487.57 Z29.89 nX0.000 nY0.000 nZ-1.000 E114645.90 F6000
G1 X624.38 Y488.55 Z29.89 nX0.000 nY0.000 nZ-1.000 E114651.50 F6000
G1 X623.17 Y492.16 Z29.90 nX0.000 nY0.000 nZ-1.000 E114660.25 F6000
G1 X620.32 Y490.93 Z29.90 nX0.000 nY0.000 nZ-1.000 E114667.37 F6000
G1 X617.94 Y489.35 Z29.90 nX0.000 nY0.000 nZ-1.000 E114673.92 F6000
G1 X576.21 Y456.16 Z29.93 nX0.000 nY0.000 nZ-1.000 E114796.23 F6000
G1 X575.28 Y455.48 Z29.93 nX0.000 nY0.000 nZ-1.000 E114798.85 F6000
G1 X574.41 Y454.95 Z29.93 nX0.000 nY0.000 nZ-1.000 E114801.20 F6000
G1 X573.49 Y454.49 Z29.93 nX0.000 nY0.000 nZ-1.000 E114803.55 F6000
G1 X572.54 Y454.12 Z29.94 nX0.000 nY0.000 nZ-1.000 E114805.90 F6000
G1 X571.56 Y453.82 Z29.94 nX0.000 nY0.000 nZ-1.000 E114808.25 F6000
G1 X570.56 Y453.61 Z29.94 nX0.000 nY0.000 nZ-1.000 E114810.60 F6000
G1 X569.54 Y453.48 Z29.94 nX0.000 nY0.000 nZ-1.000 E114812.95 F6000
G1 X568.40 Y453.43 Z29.94 nX0.000 nY0.000 nZ-1.000 E114815.57 F6000
G1 X529.12 Y453.43 Z29.96 nX0.000 nY0.000 nZ-1.000 E114905.67 F6000
G1 X527.97 Y453.48 Z29.96 nX0.000 nY0.000 nZ-1.000 E114908.30 F6000
G1 X526.96 Y453.61 Z29.96 nX0.000 nY0.000 nZ-1.000 E114910.65 F6000
G1 X525.96 Y453.82 Z29.96 nX0.000 nY0.000 nZ-1.000 E114913.00 F6000
G1 X524.98 Y454.12 Z29.97 nX0.000 nY0.000 nZ-1.000 E114915.35 F6000
G1 X524.02 Y454.49 Z29.97 nX0.000 nY0.000 nZ-1.000 E114917.70 F6000
G1 X523.11 Y454.95 Z29.97 nX0.000 nY0.000 nZ-1.000 E114920.05 F6000
G1 X522.23 Y455.48 Z29.97 nX0.000 nY0.000 nZ-1.000 E114922.39 F6000
G1 X521.31 Y456.16 Z29.97 nX0.000 nY0.000 nZ-1.000 E114925.02 F6000
G1 X479.58 Y489.35 Z30.00 nX0.000 nY0.000 nZ-1.000 E115047.33 F6000
G1 X477.39 Y490.80 Z30.00 nX0.000 nY0.000 nZ-1.000 E115053.35 F6000
G1 X474.35 Y492.16 Z30.01 nX0.000 nY0.000 nZ-1.000 E115060.99 F6000
G1 X471.33 Y492.89 Z30.01 nX0.000 nY0.000 nZ-1.000 E115068.12 F6000
G1 X468.48 Y493.06 Z30.01 nX0.000 nY0.000 nZ-1.000 E115074.66 F6000
G1 X304.56 Y488.77 Z30.11 nX0.000 nY0.000 nZ-1.000 E115450.79 F6000
G1 X304.56 Y492.62 Z30.11 nX0.000 nY0.000 nZ-1.000 E115459.63 F6000
G1 X306.51 Y492.62 Z30.12 nX0.000 nY0.000 nZ-1.000 E115464.11 F6000
G1 X306.51 Y492.82 Z30.12 nX0.000 nY0.000 nZ-1.000 E115464.56 F6000
G1 X468.55 Y497.07 Z30.22 nX0.000 nY0.000 nZ-1.000 E115836.38 F6000
G1 X471.92 Y496.86 Z30.22 nX0.000 nY0.000 nZ-1.000 E115844.13 F6000
G1 X475.62 Y495.97 Z30.22 nX0.000 nY0.000 nZ-1.000 E115852.86 F6000
G1 X479.11 Y494.45 Z30.22 nX0.000 nY0.000 nZ-1.000 E115861.59 F6000
G1 X481.93 Y492.59 Z30.23 nX0.000 nY0.000 nZ-1.000 E115869.34 F6000
G1 X523.73 Y459.34 Z30.26 nX0.000 nY0.000 nZ-1.000 E115991.86 F6000
G1 X524.45 Y458.81 Z30.26 nX0.000 nY0.000 nZ-1.000 E115993.91 F6000
G1 X525.04 Y458.46 Z30.26 nX0.000 nY0.000 nZ-1.000 E115995.48 F6000
G1 X525.66 Y458.15 Z30.26 nX0.000 nY0.000 nZ-1.000 E115997.06 F6000
G1 X526.30 Y457.90 Z30.26 nX0.000 nY0.000 nZ-1.000 E115998.64 F6000
G1 X526.95 Y457.70 Z30.26 nX0.000 nY0.000 nZ-1.000 E116000.22 F6000
G1 X527.63 Y457.55 Z30.26 nX0.000 nY0.000 nZ-1.000 E116001.79 F6000
G1 X528.31 Y457.47 Z30.26 nX0.000 nY0.000 nZ-1.000 E116003.37 F6000
G1 X529.20 Y457.43 Z30.26 nX0.000 nY0.000 nZ-1.000 E116005.42 F6000
G1 X568.31 Y457.43 Z30.29 nX0.000 nY0.000 nZ-1.000 E116095.13 F6000
G1 X569.21 Y457.47 Z30.29 nX0.000 nY0.000 nZ-1.000 E116097.19 F6000
G1 X569.89 Y457.55 Z30.29 nX0.000 nY0.000 nZ-1.000 E116098.76 F6000
G1 X570.56 Y457.70 Z30.29 nX0.000 nY0.000 nZ-1.000 E116100.34 F6000
G1 X571.22 Y457.90 Z30.29 nX0.000 nY0.000 nZ-1.000 E116101.92 F6000
G1 X571.86 Y458.15 Z30.29 nX0.000 nY0.000 nZ-1.000 E116103.50 F6000
G1 X572.48 Y458.46 Z30.29 nX0.000 nY0.000 nZ-1.000 E116105.07 F6000
G1 X573.06 Y458.81 Z30.29 nX0.000 nY0.000 nZ-1.000 E116106.65 F6000
G1 X573.79 Y459.34 Z30.29 nX0.000 nY0.000 nZ-1.000 E116108.70 F6000
G1 X615.59 Y492.59 Z30.33 nX0.000 nY0.000 nZ-1.000 E116231.22 F6000
G1 X618.40 Y494.45 Z30.33 nX0.000 nY0.000 nZ-1.000 E116238.96 F6000
G1 X621.89 Y495.97 Z30.33 nX0.000 nY0.000 nZ-1.000 E116247.70 F6000
G1 X625.60 Y496.86 Z30.33 nX0.000 nY0.000 nZ-1.000 E116256.43 F6000
G1 X628.97 Y497.07 Z30.34 nX0.000 nY0.000 nZ-1.000 E116264.17 F6000
G1 X791.01 Y492.82 Z30.44 nX0.000 nY0.000 nZ-1.000 E116635.99 F6000
G1 X791.01 Y492.62 Z30.44 nX0.000 nY0.000 nZ-1.000 E116636.45 F6000
G1 X792.96 Y492.62 Z30.44 nX0.000 nY0.000 nZ-1.000 E116640.93 F6000
G1 X792.96 Y488.77 Z30.44 nX0.000 nY0.000 nZ-1.000 E116649.77 F6000
G1 X701.27 Y491.17 Z30.50 nX0.000 nY0.000 nZ-1.000 E116860.16 F6000
;Layer 22
G1 X629.04 Y493.06 Z30.54 nX0.000 nY0.000 nZ-1.000 E117025.89 F6000
G1 X626.88 Y492.93 Z30.55 nX0.000 nY0.000 nZ-1.000 E117030.85 F6000
G1 X628.11 Y489.20 Z30.55 nX0.000 nY0.000 nZ-1.000 E117039.86 F6000
G1 X629.10 Y489.26 Z30.55 nX0.000 nY0.000 nZ-1.000 E117042.14 F6000
G1 X796.73 Y484.87 Z30.65 nX0.000 nY0.000 nZ-1.000 E117426.78 F6000
G1 X796.76 Y485.84 Z30.65 nX0.000 nY0.000 nZ-1.000 E117429.01 F6000
G1 X796.76 Y568.63 Z30.71 nX0.000 nY0.000 nZ-1.000 E117618.90 F6000
G1 X598.19 Y568.63 Z30.83 nX0.000 nY0.000 nZ-1.000 E118074.37 F6000
G1 X567.69 Y461.43 Z30.90 nX0.000 nY0.000 nZ-1.000 E118330.02 F6000
G1 X529.83 Y461.43 Z30.93 nX0.000 nY0.000 nZ-1.000 E118416.85 F6000
G1 X499.33 Y568.63 Z31.00 nX0.000 nY0.000 nZ-1.000 E118672.50 F6000
G1 X300.76 Y568.63 Z31.12 nX0.000 nY0.000 nZ-1.000 E119127.97 F6000
G1 X300.76 Y485.84 Z31.17 nX0.000 nY0.000 nZ-1.000 E119317.86 F6000
G1 X300.78 Y484.87 Z31.17 nX0.000 nY0.000 nZ-1.000 E119320.10 F6000
G1 X468.41 Y489.26 Z31.28 nX0.000 nY0.000 nZ-1.000 E119704.73 F6000
G1 X470.76 Y489.12 Z31.28 nX0.000 nY0.000 nZ-1.000 E119710.13 F6000
G1 X473.14 Y488.55 Z31.28 nX0.000 nY0.000 nZ-1.000 E119715.73 F6000
G1 X475.38 Y487.57 Z31.28 nX0.000 nY0.000 nZ-1.000 E119721.33 F6000
G1 X477.34 Y486.27 Z31.28 nX0.000 nY0.000 nZ-1.000 E119726.73 F6000
G1 X519.00 Y453.13 Z31.32 nX0.000 nY0.000 nZ-1.000 E119848.84 F6000
G1 X520.12 Y452.32 Z31.32 nX0.000 nY0.000 nZ-1.000 E119852.02 F6000
G1 X521.27 Y451.62 Z31.32 nX0.000 nY0.000 nZ-1.000 E119855.10 F6000
G1 X522.47 Y451.02 Z31.32 nX0.000 nY0.000 nZ-1.000 E119858.18 F6000
G1 X523.72 Y450.53 Z31.32 nX0.000 nY0.000 nZ-1.000 E119861.27 F6000
G1 X525.01 Y450.14 Z31.32 nX0.000 nY0.000 nZ-1.000 E119864.35 F6000
G1 X526.32 Y449.86 Z31.32 nX0.000 nY0.000 nZ-1.000 E119867.43 F6000
G1 X527.65 Y449.69 Z31.32 nX0.000 nY0.000 nZ-1.000 E119870.51 F6000
G1 X529.04 Y449.63 Z31.32 nX0.000 nY0.000 nZ-1.000 E119873.69 F6000
G1 X567.51 Y449.63 Z31.35 nX0.000 nY0.000 nZ-1.000 E119961.93 F6000
G1 X569.86 Y449.69 Z31.35 nX0.000 nY0.000 nZ-1.000 E119967.33 F6000
G1 X571.19 Y449.86 Z31.35 nX0.000 nY0.000 nZ-1.000 E119970.41 F6000
G1 X572.51 Y450.14 Z31.35 nX0.000 nY0.000 nZ-1.000 E119973.49 F6000
G1 X573.79 Y450.53 Z31.35 nX0.000 nY0.000 nZ-1.000 E119976.57 F6000
G1 X575.04 Y451.02 Z31.35 nX0.000 nY0.000 nZ-1.000 E119979.65 F6000
G1 X576.25 Y451.62 Z31.35 nX0.000 nY0.000 nZ-1.000 E119982.74 F6000
G1 X577.39 Y452.32 Z31.36 nX0.000 nY0.000 nZ-1.000 E119985.82 F6000
G1 X578.51 Y453.13 Z31.36 nX0.000 nY0.000 nZ-1.000 E119988.99 F6000
G1 X620.18 Y486.27 Z31.39 nX0.000 nY0.000 nZ-1.000 E120111.11 F6000
G1 X622.14 Y487.57 Z31.39 nX0.000 nY0.000 nZ-1.000 E120116.51 F6000
G1 X624.38 Y488.55 Z31.39 nX0.000 nY0.000 nZ-1.000 E120122.11 F6000
G1 X623.17 Y492.16 Z31.40 nX0.000 nY0.000 nZ-1.000 E120130.86 F6000
G1 X620.32 Y490.93 Z31.40 nX0.000 nY0.000 nZ-1.000 E120137.98 F6000
G1 X617.94 Y489.35 Z31.40 nX0.000 nY0.000 nZ-1.000 E120144.53 F6000
G1 X576.21 Y456.16 Z31.43 nX0.000 nY0.000 nZ-1.000 E120266.84 F6000
G1 X575.28 Y455.48 Z31.43 nX0.000 nY0.000 nZ-1.000 E120269.46 F6000
G1 X574.41 Y454.95 Z31.43 nX0.000 nY0.000 nZ-1.000 E120271.81 F6000
G1 X573.49 Y454.49 Z31.43 nX0.000 nY0.000 nZ-1.000 E120274.16 F6000
G1 X572.54 Y454.12 Z31.44 nX0.000 nY0.000 nZ-1.000 E120276.51 F6000
G1 X571.56 Y453.82 Z31.44 nX0.000 nY0.000 nZ-1.000 E120278.86 F6000
G1 X570.56 Y453.61 Z31.44 nX0.000 nY0.000 nZ-1.000 E120281.21 F6000
G1 X569.54 Y453.48 Z31.44 nX0.000 nY0.000 nZ-1.000 E120283.56 F6000
G1 X568.40 Y453.43 Z31.44 nX0.000 nY0.000 nZ-1.000 E120286.18 F6000
G1 X529.12 Y453.43 Z31.46 nX0.000 nY0.000 nZ-1.000 E120376.28 F6000
G1 X527.97 Y453.48 Z31.46 nX0.000 nY0.000 nZ-1.000 E120378.91 F6000
G1 X526.96 Y453.61 Z31.46 nX0.000 nY0.000 nZ-1.000 E120381.26 F6000
G1 X525.96 Y453.82 Z31.46 nX0.000 nY0.000 nZ-1.000 E120383.61 F6000
G1 X524.98 Y454.12 Z31.47 nX0.000 nY0.000 nZ-1.000 E120385.96 F6000
G1 X524.02 Y454.49 Z31.47 nX0.000 nY0.000 nZ-1.000 E120388.31 F6000
G1 X523.11 Y454.95 Z31.47 nX0.000 nY0.000 nZ-1.000 E120390.66 F6000
G1 X522.23 Y455.48 Z31.47 nX0.000 nY0.000 nZ-1.000 E120393.00 F6000
G1 X521.31 Y456.16 Z31.47 nX0.000 nY0.000 nZ-1.000 E120395.63 F6000
G1 X479.58 Y489.35 Z31.50 nX0.000 nY0.000 nZ-1.000 E120517.94 F6000
G1 X477.20 Y490.93 Z31.50 nX0.000 nY0.000 nZ-1.000 E120524.49 F6000
G1 X474.35 Y492.16 Z31.51 nX0.000 nY0.000 nZ-1.000 E120531.61 F6000
G1 X471.33 Y492.89 Z31.51 nX0.000 nY0.000 nZ-1.000 E120538.74 F6000
G1 X468.48 Y493.06 Z31.51 nX0.000 nY0.000 nZ-1.000 E120545.28 F6000
G1 X304.56 Y488.77 Z31.61 nX0.000 nY0.000 nZ-1.000 E120921.41 F6000
G1 X304.56 Y492.62 Z31.61 nX0.000 nY0.000 nZ-1.000 E120930.25 F6000
G1 X306.51 Y492.62 Z31.62 nX0.000 nY0.000 nZ-1.000 E120934.73 F6000
G1 X306.51 Y492.82 Z31.62 nX0.000 nY0.000 nZ-1.000 E120935.18 F6000
G1 X468.55 Y497.07 Z31.72 nX0.000 nY0.000 nZ-1.000 E121307.00 F6000
G1 X471.92 Y496.86 Z31.72 nX0.000 nY0.000 nZ-1.000 E121314.75 F6000
G1 X475.62 Y495.97 Z31.72 nX0.000 nY0.000 nZ-1.000 E121323.48 F6000
G1 X479.11 Y494.45 Z31.72 nX0.000 nY0.000 nZ-1.000 E121332.21 F6000
G1 X481.93 Y492.59 Z31.73 nX0.000 nY0.000 nZ-1.000 E121339.96 F6000
G1 X523.73 Y459.34 Z31.76 nX0.000 nY0.000 nZ-1.000 E121462.47 F6000
G1 X524.45 Y458.81 Z31.76 nX0.000 nY0.000 nZ-1.000 E121464.52 F6000
G1 X525.04 Y458.46 Z31.76 nX0.000 nY0.000 nZ-1.000 E121466.10 F6000
G1 X525.66 Y458.15 Z31.76 nX0.000 nY0.000 nZ-1.000 E121467.68 F6000
G1 X526.30 Y457.90 Z31.76 nX0.000 nY0.000 nZ-1.000 E121469.26 F6000
G1 X526.95 Y457.70 Z31.76 nX0.000 nY0.000 nZ-1.000 E121470.83 F6000
G1 X527.63 Y457.55 Z31.76 nX0.000 nY0.000 nZ-1.000 E121472.41 F6000
G1 X528.31 Y457.47 Z31.76 nX0.000 nY0.000 nZ-1.000 E121473.99 F6000
G1 X529.20 Y457.43 Z31.76 nX0.000 nY0.000 nZ-1.000 E121476.04 F6000
G1 X568.31 Y457.43 Z31.79 nX0.000 nY0.000 nZ-1.000 E121565.75 F6000
G1 X569.21 Y457.47 Z31.79 nX0.000 nY0.000 nZ-1.000 E121567.80 F6000
G1 X569.89 Y457.55 Z31.79 nX0.000 nY0.000 nZ-1.000 E121569.38 F6000
G1 X570.56 Y457.70 Z31.79 nX0.000 nY0.000 nZ-1.000 E121570.96 F6000
G1 X571.22 Y457.90 Z31.79 nX0.000 nY0.000 nZ-1.000 E121572.54 F6000
G1 X571.86 Y458.15 Z31.79 nX0.000 nY0.000 nZ-1.000 E121574.11 F6000
G1 X572.48 Y458.46 Z31.79 nX0.000 nY0.000 nZ-1.000 E121575.69 F6000
G1 X573.06 Y458.81 Z31.79 nX0.000 nY0.000 nZ-1.000 E121577.27 F6000
G1 X573.79 Y459.34 Z31.79 nX0.000 nY0.000 nZ-1.000 E121579.32 F6000
G1 X615.59 Y492.59 Z31.83 nX0.000 nY0.000 nZ-1.000 E121701.84 F6000
G1 X618.40 Y494.45 Z31.83 nX0.000 nY0.000 nZ-1.000 E121709.58 F6000
G1 X621.89 Y495.97 Z31.83 nX0.000 nY0.000 nZ-1.000 E121718.31 F6000
G1 X625.60 Y496.86 Z31.83 nX0.000 nY0.000 nZ-1.000 E121727.04 F6000
G1 X628.97 Y497.07 Z31.84 nX0.000 nY0.000 nZ-1.000 E121734.79 F6000
G1 X791.01 Y492.82 Z31.94 nX0.000 nY0.000 nZ-1.000 E122106.61 F6000
G1 X791.01 Y492.62 Z31.94 nX0.000 nY0.000 nZ-1.000 E122107.07 F6000
G1 X792.96 Y492.62 Z31.94 nX0.000 nY0.000 nZ-1.000 E122111.54 F6000
G1 X792.96 Y488.77 Z31.94 nX0.000 nY0.000 nZ-1.000 E122120.38 F6000
G1 X701.27 Y491.17 Z32.00 nX0.000 nY0.000 nZ-1.000 E122330.78 F6000
;Layer 23
G1 X629.04 Y493.06 Z32.04 nX0.000 nY0.000 nZ-1.000 E122496.51 F6000
G1 X626.88 Y492.93 Z32.05 nX0.000 nY0.000 nZ-1.000 E122501.46 F6000
G1 X628.11 Y489.20 Z32.05 nX0.000 nY0.000 nZ-1.000 E122510.48 F6000
G1 X629.10 Y489.26 Z32.05 nX0.000 nY0.000 nZ-1.000 E122512.76 F6000
G1 X796.73 Y484.87 Z32.15 nX0.000 nY0.000 nZ-1.000 E122897.40 F6000
G1 X796.76 Y485.84 Z32.15 nX0.000 nY0.000 nZ-1.000 E122899.63 F6000
G1 X796.76 Y568.63 Z32.21 nX0.000 nY0.000 nZ-1.000 E123089.52 F6000
G1 X598.19 Y568.63 Z32.33 nX0.000 nY0.000 nZ-1.000 E123544.99 F6000
G1 X567.69 Y461.43 Z32.40 nX0.000 nY0.000 nZ-1.000 E123800.64 F6000
G1 X529.83 Y461.43 Z32.43 nX0.000 nY0.000 nZ-1.000 E123887.47 F6000
G1 X499.33 Y568.63 Z32.50 nX0.000 nY0.000 nZ-1.000 E124143.12 F6000
G1 X300.76 Y568.63 Z32.62 nX0.000 nY0.000 nZ-1.000 E124598.59 F6000
G1 X300.76 Y485.84 Z32.67 nX0.000 nY0.000 nZ-1.000 E124788.48 F6000
G1 X300.78 Y484.87 Z32.67 nX0.000 nY0.000 nZ-1.000 E124790.71 F6000
G1 X468.41 Y489.26 Z32.78 nX0.000 nY0.000 nZ-1.000 E125175.35 F6000
G1 X470.76 Y489.12 Z32.78 nX0.000 nY0.000 nZ-1.000 E125180.75 F6000
G1 X473.14 Y488.55 Z32.78 nX0.000 nY0.000 nZ-1.000 E125186.35 F6000
G1 X475.38 Y487.57 Z32.78 nX0.000 nY0.000 nZ-1.000 E125191.95 F6000
G1 X477.34 Y486.27 Z32.78 nX0.000 nY0.000 nZ-1.000 E125197.35 F6000
G1 X519.00 Y453.13 Z32.82 nX0.000 nY0.000 nZ-1.000 E125319.46 F6000
G1 X520.12 Y452.32 Z32.82 nX0.000 nY0.000 nZ-1.000 E125322.64 F6000
G1 X521.27 Y451.62 Z32.82 nX0.000 nY0.000 nZ-1.000 E125325.72 F6000
G1 X522.47 Y451.02 Z32.82 nX0.000 nY0.000 nZ-1.000 E125328.80 F6000
G1 X523.72 Y450.53 Z32.82 nX0.000 nY0.000 nZ-1.000 E125331.88 F6000
G1 X525.01 Y450.14 Z32.82 nX0.000 nY0.000 nZ-1.000 E125334.96 F6000
G1 X526.32 Y449.86 Z32.82 nX0.000 nY0.000 nZ-1.000 E125338.05 F6000
G1 X527.65 Y449.69 Z32.82 nX0.000 nY0.000 nZ-1.000 E125341.13 F6000
G1 X529.04 Y449.63 Z32.82 nX0.000 nY0.000 nZ-1.000 E125344.31 F6000
G1 X567.51 Y449.63 Z32.85 nX0.000 nY0.000 nZ-1.000 E125432.55 F6000
G1 X569.86 Y449.69 Z32.85 nX0.000 nY0.000 nZ-1.000 E125437.95 F6000
G1 X571.19 Y449.86 Z32.85 nX0.000 nY0.000 nZ-1.000 E125441.03 F6000
G1 X572.51 Y450.14 Z32.85 nX0.000 nY0.000 nZ-1.000 E125444.11 F6000
G1 X573.79 Y450.53 Z32.85 nX0.000 nY0.000 nZ-1.000 E125447.19 F6000
G1 X575.04 Y451.02 Z32.85 nX0.000 nY0.000 nZ-1.000 E125450.27 F6000
G1 X576.25 Y451.62 Z32.85 nX0.000 nY0.000 nZ-1.000 E125453.35 F6000
G1 X577.39 Y452.32 Z32.86 nX0.000 nY0.000 nZ-1.000 E125456.43 F6000
G1 X578.51 Y453.13 Z32.86 nX0.000 nY0.000 nZ-1.000 E125459.61 F6000
G1 X620.18 Y486.27 Z32.89 nX0.000 nY0.000 nZ-1.000 E125581.72 F6000
G1 X622.14 Y487.57 Z32.89 nX0.000 nY0.000 nZ-1.000 E125587.12 F6000
G1 X624.38 Y488.55 Z32.89 nX0.000 nY0.000 nZ-1.000 E125592.72 F6000
G1 X623.17 Y492.16 Z32.90 nX0.000 nY0.000 nZ-1.000 E125601.47 F6000
G1 X620.32 Y490.93 Z32.90 nX0.000 nY0.000 nZ-1.000 E125608.60 F6000
G1 X617.94 Y489.35 Z32.90 nX0.000 nY0.000 nZ-1.000 E125615.14 F6000
G1 X576.21 Y456.16 Z32.93 nX0.000 nY0.000 nZ-1.000 E125737.45 F6000
G1 X575.28 Y455.48 Z32.93 nX0.000 nY0.000 nZ-1.000 E125740.08 F6000
G1 X574.41 Y454.95 Z32.93 nX0.000 nY0.000 nZ-1.000 E125742.43 F6000
G1 X573.49 Y454.49 Z32.93 nX0.000 nY0.000 nZ-1.000 E125744.78 F6000
G1 X572.54 Y454.12 Z32.94 nX0.000 nY0.000 nZ-1.000 E125747.13 F6000
G1 X571.56 Y453.82 Z32.94 nX0.000 nY0.000 nZ-1.000 E125749.48 F6000
G1 X570.56 Y453.61 Z32.94 nX0.000 nY0.000 nZ-1.000 E125751.82 F6000
G1 X569.54 Y453.48 Z32.94 nX0.000 nY0.000 nZ-1.000 E125754.17 F6000
G1 X568.40 Y453.43 Z32.94 nX0.000 nY0.000 nZ-1.000 E125756.80 F6000
G1 X529.12 Y453.43 Z32.96 nX0.000 nY0.000 nZ-1.000 E125846.90 F6000
G1 X527.97 Y453.48 Z32.96 nX0.000 nY0.000 nZ-1.000 E125849.53 F6000
G1 X526.96 Y453.61 Z32.96 nX0.000 nY0.000 nZ-1.000 E125851.88 F6000
G1 X525.96 Y453.82 Z32.96 nX0.000 nY0.000 nZ-1.000 E125854.23 F6000
G1 X524.98 Y454.12 Z32.97 nX0.000 nY0.000 nZ-1.000 E125856.58 F6000
G1 X524.02 Y454.49 Z32.97 nX0.000 nY0.000 nZ-1.000 E125858.92 F6000
G1 X523.11 Y454.95 Z32.97 nX0.000 nY0.000 nZ-1.000 E125861.27 F6000
G1 X522.23 Y455.48 Z32.97 nX0.000 nY0.000 nZ-1.000 E125863.62 F6000
G1 X521.31 Y456.16 Z32.97 nX0.000 nY0.000 nZ-1.000 E125866.25 F6000
G1 X479.58 Y489.35 Z33.00 nX0.000 nY0.000 nZ-1.000 E125988.56 F6000
G1 X477.20 Y490.93 Z33.00 nX0.000 nY0.000 nZ-1.000 E125995.10 F6000
G1 X474.35 Y492.16 Z33.01 nX0.000 nY0.000 nZ-1.000 E126002.23 F6000
G1 X471.33 Y492.89 Z33.01 nX0.000 nY0.000 nZ-1.000 E126009.35 F6000
G1 X468.48 Y493.06 Z33.01 nX0.000 nY0.000 nZ-1.000 E126015.90 F6000
G1 X304.56 Y488.77 Z33.11 nX0.000 nY0.000 nZ-1.000 E126392.02 F6000
G1 X304.56 Y492.62 Z33.11 nX0.000 nY0.000 nZ-1.000 E126400.86 F6000
G1 X306.51 Y492.62 Z33.12 nX0.000 nY0.000 nZ-1.000 E126405.34 F6000
G1 X306.51 Y492.82 Z33.12 nX0.000 nY0.000 nZ-1.000 E126405.80 F6000
G1 X468.55 Y497.07 Z33.22 nX0.000 nY0.000 nZ-1.000 E126777.62 F6000
G1 X471.92 Y496.86 Z33.22 nX0.000 nY0.000 nZ-1.000 E126785.36 F6000
G1 X475.62 Y495.97 Z33.22 nX0.000 nY0.000 nZ-1.000 E126794.10 F6000
G1 X479.11 Y494.45 Z33.22 nX0.000 nY0.000 nZ-1.000 E126802.83 F6000
G1 X481.93 Y492.59 Z33.23 nX0.000 nY0.000 nZ-1.000 E126810.57 F6000
G1 X523.73 Y459.34 Z33.26 nX0.000 nY0.000 nZ-1.000 E126933.09 F6000
G1 X524.45 Y458.81 Z33.26 nX0.000 nY0.000 nZ-1.000 E126935.14 F6000
G1 X525.04 Y458.46 Z33.26 nX0.000 nY0.000 nZ-1.000 E126936.72 F6000
G1 X525.66 Y458.15 Z33.26 nX0.000 nY0.000 nZ-1.000 E126938.29 F6000
G1 X526.30 Y457.90 Z33.26 nX0.000 nY0.000 nZ-1.000 E126939.87 F6000
G1 X526.95 Y457.70 Z33.26 nX0.000 nY0.000 nZ-1.000 E126941.45 F6000
G1 X527.63 Y457.55 Z33.26 nX0.000 nY0.000 nZ-1.000 E126943.03 F6000
G1 X528.31 Y457.47 Z33.26 nX0.000 nY0.000 nZ-1.000 E126944.61 F6000
G1 X529.20 Y457.43 Z33.26 nX0.000 nY0.000 nZ-1.000 E126946.66 F6000
G1 X568.31 Y457.43 Z33.29 nX0.000 nY0.000 nZ-1.000 E127036.37 F6000
G1 X569.21 Y457.47 Z33.29 nX0.000 nY0.000 nZ-1.000 E127038.42 F6000
G1 X569.89 Y457.55 Z33.29 nX0.000 nY0.000 nZ-1.000 E127040.00 F6000
G1 X570.56 Y457.70 Z33.29 nX0.000 nY0.000 nZ-1.000 E127041.58 F6000
G1 X571.22 Y457.90 Z33.29 nX0.000 nY0.000 nZ-1.000 E127043.15 F6000
G1 X571.86 Y458.15 Z33.29 nX0.000 nY0.000 nZ-1.000 E127044.73 F6000
G1 X572.48 Y458.46 Z33.29 nX0.000 nY0.000 nZ-1.000 E127046.31 F6000
G1 X573.06 Y458.81 Z33.29 nX0.000 nY0.000 nZ-1.000 E127047.89 F6000
G1 X573.79 Y459.34 Z33.29 nX0.000 nY0.000 nZ-1.000 E127049.94 F6000
G1 X615.59 Y492.59 Z33.33 nX0.000 nY0.000 nZ-1.000 E127172.45 F6000
G1 X618.40 Y494.45 Z33.33 nX0.000 nY0.000 nZ-1.000 E127180.20 F6000
G1 X621.89 Y495.97 Z33.33 nX0.000 nY0.000 nZ-1.000 E127188.93 F6000
G1 X625.60 Y496.86 Z33.33 nX0.000 nY0.000 nZ-1.000 E127197.66 F6000
G1 X628.97 Y497.07 Z33.34 nX0.000 nY0.000 nZ-1.000 E127205.41 F6000
G1 X791.01 Y492.82 Z33.44 nX0.000 nY0.000 nZ-1.000 E127577.23 F6000
G1 X791.01 Y492.62 Z33.44 nX0.000 nY0.000 nZ-1.000 E127577.68 F6000
G1 X792.96 Y492.62 Z33.44 nX0.000 nY0.000 nZ-1.000 E127582.16 F6000
G1 X792.96 Y488.77 Z33.44 nX0.000 nY0.000 nZ-1.000 E127591.00 F6000
G1 X701.27 Y491.17 Z33.50 nX0.000 nY0.000 nZ-1.000 E127801.39 F6000
;Layer 24
G1 X629.04 Y493.06 Z33.54 nX0.000 nY0.000 nZ-1.000 E127967.13 F6000
G1 X626.86 Y492.93 Z33.55 nX0.000 nY0.000 nZ-1.000 E127972.13 F6000
G1 X623.17 Y492.16 Z33.55 nX0.000 nY0.000 nZ-1.000 E127980.78 F6000
G1 X620.32 Y490.93 Z33.55 nX0.000 nY0.000 nZ-1.000 E127987.90 F6000
G1 X617.94 Y489.35 Z33.55 nX0.000 nY0.000 nZ-1.000 E127994.45 F6000
G1 X576.21 Y456.16 Z33.59 nX0.000 nY0.000 nZ-1.000 E128116.76 F6000
G1 X575.28 Y455.48 Z33.59 nX0.000 nY0.000 nZ-1.000 E128119.39 F6000
G1 X574.41 Y454.95 Z33.59 nX0.000 nY0.000 nZ-1.000 E128121.73 F6000
G1 X573.49 Y454.49 Z33.59 nX0.000 nY0.000 nZ-1.000 E128124.08 F6000
G1 X572.54 Y454.12 Z33.59 nX0.000 nY0.000 nZ-1.000 E128126.43 F6000
G1 X571.56 Y453.82 Z33.59 nX0.000 nY0.000 nZ-1.000 E128128.78 F6000
G1 X570.56 Y453.61 Z33.59 nX0.000 nY0.000 nZ-1.000 E128131.13 F6000
G1 X569.54 Y453.48 Z33.59 nX0.000 nY0.000 nZ-1.000 E128133.48 F6000
G1 X568.40 Y453.43 Z33.59 nX0.000 nY0.000 nZ-1.000 E128136.11 F6000
G1 X529.12 Y453.43 Z33.62 nX0.000 nY0.000 nZ-1.000 E128226.20 F6000
G1 X527.97 Y453.48 Z33.62 nX0.000 nY0.000 nZ-1.000 E128228.83 F6000
G1 X526.96 Y453.61 Z33.62 nX0.000 nY0.000 nZ-1.000 E128231.18 F6000
G1 X525.96 Y453.82 Z33.62 nX0.000 nY0.000 nZ-1.000 E128233.53 F6000
G1 X524.98 Y454.12 Z33.62 nX0.000 nY0.000 nZ-1.000 E128235.88 F6000
G1 X524.02 Y454.49 Z33.62 nX0.000 nY0.000 nZ-1.000 E128238.23 F6000
G1 X523.11 Y454.95 Z33.62 nX0.000 nY0.000 nZ-1.000 E128240.58 F6000
G1 X522.23 Y455.48 Z33.62 nX0.000 nY0.000 nZ-1.000 E128242.93 F6000
G1 X521.31 Y456.16 Z33.62 nX0.000 nY0.000 nZ-1.000 E128245.55 F6000
G1 X479.58 Y489.35 Z33.65 nX0.000 nY0.000 nZ-1.000 E128367.86 F6000
G1 X477.78 Y490.54 Z33.66 nX0.000 nY0.000 nZ-1.000 E128372.82 F6000
G1 X476.51 Y486.82 Z33.66 nX0.000 nY0.000 nZ-1.000 E128381.83 F6000
G1 X477.34 Y486.27 Z33.66 nX0.000 nY0.000 nZ-1.000 E128384.11 F6000
G1 X519.00 Y453.13 Z33.69 nX0.000 nY0.000 nZ-1.000 E128506.22 F6000
G1 X520.12 Y452.32 Z33.69 nX0.000 nY0.000 nZ-1.000 E128509.40 F6000
G1 X521.27 Y451.62 Z33.69 nX0.000 nY0.000 nZ-1.000 E128512.48 F6000
G1 X522.47 Y451.02 Z33.69 nX0.000 nY0.000 nZ-1.000 E128515.56 F6000
G1 X523.72 Y450.53 Z33.70 nX0.000 nY0.000 nZ-1.000 E128518.65 F6000
G1 X525.01 Y450.14 Z33.70 nX0.000 nY0.000 nZ-1.000 E128521.73 F6000
G1 X526.32 Y449.86 Z33.70 nX0.000 nY0.000 nZ-1.000 E128524.81 F6000
G1 X527.65 Y449.69 Z33.70 nX0.000 nY0.000 nZ-1.000 E128527.89 F6000
G1 X529.04 Y449.63 Z33.70 nX0.000 nY0.000 nZ-1.000 E128531.07 F6000
G1 X567.51 Y449.63 Z33.72 nX0.000 nY0.000 nZ-1.000 E128619.31 F6000
G1 X569.86 Y449.69 Z33.72 nX0.000 nY0.000 nZ-1.000 E128624.71 F6000
G1 X571.19 Y449.86 Z33.73 nX0.000 nY0.000 nZ-1.000 E128627.79 F6000
G1 X572.51 Y450.14 Z33.73 nX0.000 nY0.000 nZ-1.000 E128630.87 F6000
G1 X573.79 Y450.53 Z33.73 nX0.000 nY0.000 nZ-1.000 E128633.95 F6000
G1 X575.04 Y451.02 Z33.73 nX0.000 nY0.000 nZ-1.000 E128637.03 F6000
G1 X576.25 Y451.62 Z33.73 nX0.000 nY0.000 nZ-1.000 E128640.12 F6000
G1 X577.39 Y452.32 Z33.73 nX0.000 nY0.000 nZ-1.000 E128643.20 F6000
G1 X578.51 Y453.13 Z33.73 nX0.000 nY0.000 nZ-1.000 E128646.37 F6000
G1 X620.18 Y486.27 Z33.76 nX0.000 nY0.000 nZ-1.000 E128768.49 F6000
G1 X622.14 Y487.57 Z33.77 nX0.000 nY0.000 nZ-1.000 E128773.89 F6000
G1 X624.38 Y488.55 Z33.77 nX0.000 nY0.000 nZ-1.000 E128779.49 F6000
G1 X627.78 Y489.45 Z33.77 nX0.000 nY0.000 nZ-1.000 E128787.55 F6000
G1 X629.10 Y489.26 Z33.77 nX0.000 nY0.000 nZ-1.000 E128790.63 F6000
G1 X796.73 Y484.87 Z33.88 nX0.000 nY0.000 nZ-1.000 E129175.26 F6000
G1 X796.76 Y485.84 Z33.88 nX0.000 nY0.000 nZ-1.000 E129177.50 F6000
G1 X796.76 Y568.63 Z33.93 nX0.000 nY0.000 nZ-1.000 E129367.38 F6000
G1 X598.19 Y568.63 Z34.05 nX0.000 nY0.000 nZ-1.000 E129822.85 F6000
G1 X567.69 Y461.43 Z34.12 nX0.000 nY0.000 nZ-1.000 E130078.51 F6000
G1 X529.83 Y461.43 Z34.15 nX0.000 nY0.000 nZ-1.000 E130165.33 F6000
G1 X499.33 Y568.63 Z34.22 nX0.000 nY0.000 nZ-1.000 E130420.99 F6000
G1 X300.76 Y568.63 Z34.34 nX0.000 nY0.000 nZ-1.000 E130876.46 F6000
G1 X300.76 Y485.84 Z34.39 nX0.000 nY0.000 nZ-1.000 E131066.35 F6000
G1 X300.78 Y484.87 Z34.39 nX0.000 nY0.000 nZ-1.000 E131068.58 F6000
G1 X468.41 Y489.26 Z34.50 nX0.000 nY0.000 nZ-1.000 E131453.22 F6000
G1 X470.76 Y489.12 Z34.50 nX0.000 nY0.000 nZ-1.000 E131458.62 F6000
G1 X473.14 Y488.55 Z34.50 nX0.000 nY0.000 nZ-1.000 E131464.22 F6000
G1 X474.35 Y492.16 Z34.51 nX0.000 nY0.000 nZ-1.000 E131472.97 F6000
G1 X471.33 Y492.89 Z34.51 nX0.000 nY0.000 nZ-1.000 E131480.09 F6000
G1 X468.48 Y493.06 Z34.51 nX0.000 nY0.000 nZ-1.000 E131486.63 F6000
G1 X304.56 Y488.77 Z34.61 nX0.000 nY0.000 nZ-1.000 E131862.76 F6000
G1 X304.56 Y492.62 Z34.61 nX0.000 nY0.000 nZ-1.000 E131871.60 F6000
G1 X306.51 Y492.62 Z34.62 nX0.000 nY0.000 nZ-1.000 E131876.08 F6000
G1 X306.51 Y492.82 Z34.62 nX0.000 nY0.000 nZ-1.000 E131876.54 F6000
G1 X468.55 Y497.07 Z34.72 nX0.000 nY0.000 nZ-1.000 E132248.36 F6000
G1 X471.92 Y496.86 Z34.72 nX0.000 nY0.000 nZ-1.000 E132256.10 F6000
G1 X475.62 Y495.97 Z34.72 nX0.000 nY0.000 nZ-1.000 E132264.83 F6000
G1 X479.11 Y494.45 Z34.72 nX0.000 nY0.000 nZ-1.000 E132273.56 F6000
G1 X481.93 Y492.59 Z34.73 nX0.000 nY0.000 nZ-1.000 E132281.31 F6000
G1 X523.73 Y459.34 Z34.76 nX0.000 nY0.000 nZ-1.000 E132403.83 F6000
G1 X524.45 Y458.81 Z34.76 nX0.000 nY0.000 nZ-1.000 E132405.88 F6000
G1 X525.04 Y458.46 Z34.76 nX0.000 nY0.000 nZ-1.000 E132407.45 F6000
G1 X525.66 Y458.15 Z34.76 nX0.000 nY0.000 nZ-1.000 E132409.03 F6000
G1 X526.30 Y457.90 Z34.76 nX0.000 nY0.000 nZ-1.000 E132410.61 F6000
G1 X526.95 Y457.70 Z34.76 nX0.000 nY0.000 nZ-1.000 E132412.19 F6000
G1 X527.63 Y457.55 Z34.76 nX0.000 nY0.000 nZ-1.000 E132413.77 F6000
G1 X528.31 Y457.47 Z34.76 nX0.000 nY0.000 nZ-1.000 E132415.34 F6000
G1 X529.20 Y457.43 Z34.76 nX0.000 nY0.000 nZ-1.000 E132417.39 F6000
G1 X568.31 Y457.43 Z34.79 nX0.000 nY0.000 nZ-1.000 E132507.11 F6000
G1 X569.21 Y457.47 Z34.79 nX0.000 nY0.000 nZ-1.000 E132509.16 F6000
G1 X569.89 Y457.55 Z34.79 nX0.000 nY0.000 nZ-1.000 E132510.74 F6000
G1 X570.56 Y457.70 Z34.79 nX0.000 nY0.000 nZ-1.000 E132512.31 F6000
G1 X571.22 Y457.90 Z34.79 nX0.000 nY0.000 nZ-1.000 E132513.89 F6000
G1 X571.86 Y458.15 Z34.79 nX0.000 nY0.000 nZ-1.000 E132515.47 F6000
G1 X572.48 Y458.46 Z34.79 nX0.000 nY0.000 nZ-1.000 E132517.05 F6000
G1 X573.06 Y458.81 Z34.79 nX0.000 nY0.000 nZ-1.000 E132518.62 F6000
G1 X573.79 Y459.34 Z34.79 nX0.000 nY0.000 nZ-1.000 E132520.67 F6000
G1 X615.59 Y492.59 Z34.83 nX0.000 nY0.000 nZ-1.000 E132643.19 F6000
G1 X618.40 Y494.45 Z34.83 nX0.000 nY0.000 nZ-1.000 E132650.94 F6000
G1 X621.89 Y495.97 Z34.83 nX0.000 nY0.000 nZ-1.000 E132659.67 F6000
G1 X625.60 Y496.86 Z34.83 nX0.000 nY0.000 nZ-1.000 E132668.40 F6000
G1 X628.97 Y497.07 Z34.84 nX0.000 nY0.000 nZ-1.000 E132676.15 F6000
G1 X791.01 Y492.82 Z34.94 nX0.000 nY0.000 nZ-1.000 E133047.96 F6000
G1 X791.01 Y492.62 Z34.94 nX0.000 nY0.000 nZ-1.000 E133048.42 F6000
G1 X792.96 Y492.62 Z34.94 nX0.000 nY0.000 nZ-1.000 E133052.90 F6000
G1 X792.96 Y488.77 Z34.94 nX0.000 nY0.000 nZ-1.000 E133061.74 F6000
G1 X701.27 Y491.17 Z35.00 nX0.000 nY0.000 nZ-1.000 E133272.13 F6000
;Layer 25
G1 X629.04 Y493.06 Z35.04 nX0.000 nY0.000 nZ-1.000 E133437.87 F6000
G1 X626.19 Y492.89 Z35.05 nX0.000 nY0.000 nZ-1.000 E133444.41 F6000
G1 X623.17 Y492.16 Z35.05 nX0.000 nY0.000 nZ-1.000 E133451.54 F6000
G1 X620.32 Y490.93 Z35.05 nX0.000 nY0.000 nZ-1.000 E133458.66 F6000
G1 X617.94 Y489.35 Z35.05 nX0.000 nY0.000 nZ-1.000 E133465.20 F6000
G1 X576.21 Y456.16 Z35.09 nX0.000 nY0.000 nZ-1.000 E133587.51 F6000
G1 X575.28 Y455.48 Z35.09 nX0.000 nY0.000 nZ-1.000 E133590.14 F6000
G1 X574.41 Y454.95 Z35.09 nX0.000 nY0.000 nZ-1.000 E133592.49 F6000
G1 X573.49 Y454.49 Z35.09 nX0.000 nY0.000 nZ-1.000 E133594.84 F6000
G1 X572.54 Y454.12 Z35.09 nX0.000 nY0.000 nZ-1.000 E133597.19 F6000
G1 X571.56 Y453.82 Z35.09 nX0.000 nY0.000 nZ-1.000 E133599.54 F6000
G1 X570.56 Y453.61 Z35.09 nX0.000 nY0.000 nZ-1.000 E133601.89 F6000
G1 X569.54 Y453.48 Z35.09 nX0.000 nY0.000 nZ-1.000 E133604.23 F6000
G1 X568.40 Y453.43 Z35.09 nX0.000 nY0.000 nZ-1.000 E133606.86 F6000
G1 X529.12 Y453.43 Z35.12 nX0.000 nY0.000 nZ-1.000 E133696.96 F6000
G1 X527.97 Y453.48 Z35.12 nX0.000 nY0.000 nZ-1.000 E133699.59 F6000
G1 X526.96 Y453.61 Z35.12 nX0.000 nY0.000 nZ-1.000 E133701.94 F6000
G1 X525.96 Y453.82 Z35.12 nX0.000 nY0.000 nZ-1.000 E133704.29 F6000
G1 X524.98 Y454.12 Z35.12 nX0.000 nY0.000 nZ-1.000 E133706.64 F6000
G1 X524.02 Y454.49 Z35.12 nX0.000 nY0.000 nZ-1.000 E133708.99 F6000
G1 X523.11 Y454.95 Z35.12 nX0.000 nY0.000 nZ-1.000 E133711.33 F6000
G1 X522.23 Y455.48 Z35.12 nX0.000 nY0.000 nZ-1.000 E133713.68 F6000
G1 X521.31 Y456.16 Z35.12 nX0.000 nY0.000 nZ-1.000 E133716.31 F6000
G1 X479.58 Y489.35 Z35.15 nX0.000 nY0.000 nZ-1.000 E133838.62 F6000
G1 X477.78 Y490.54 Z35.16 nX0.000 nY0.000 nZ-1.000 E133843.57 F6000
G1 X476.51 Y486.82 Z35.16 nX0.000 nY0.000 nZ-1.000 E133852.58 F6000
G1 X477.34 Y486.27 Z35.16 nX0.000 nY0.000 nZ-1.000 E133854.87 F6000
G1 X519.00 Y453.13 Z35.19 nX0.000 nY0.000 nZ-1.000 E133976.98 F6000
G1 X520.12 Y452.32 Z35.19 nX0.000 nY0.000 nZ-1.000 E133980.16 F6000
G1 X521.27 Y451.62 Z35.19 nX0.000 nY0.000 nZ-1.000 E133983.24 F6000
G1 X522.47 Y451.02 Z35.19 nX0.000 nY0.000 nZ-1.000 E133986.32 F6000
G1 X523.72 Y450.53 Z35.20 nX0.000 nY0.000 nZ-1.000 E133989.40 F6000
G1 X525.01 Y450.14 Z35.20 nX0.000 nY0.000 nZ-1.000 E133992.48 F6000
G1 X526.32 Y449.86 Z35.20 nX0.000 nY0.000 nZ-1.000 E133995.56 F6000
G1 X527.65 Y449.69 Z35.20 nX0.000 nY0.000 nZ-1.000 E133998.65 F6000
G1 X529.04 Y449.63 Z35.20 nX0.000 nY0.000 nZ-1.000 E134001.82 F6000
G1 X567.51 Y449.63 Z35.22 nX0.000 nY0.000 nZ-1.000 E134090.07 F6000
G1 X569.86 Y449.69 Z35.22 nX0.000 nY0.000 nZ-1.000 E134095.47 F6000
G1 X571.19 Y449.86 Z35.23 nX0.000 nY0.000 nZ-1.000 E134098.55 F6000
G1 X572.51 Y450.14 Z35.23 nX0.000 nY0.000 nZ-1.000 E134101.63 F6000
G1 X573.79 Y450.53 Z35.23 nX0.000 nY0.000 nZ-1.000 E134104.71 F6000
G1 X575.04 Y451.02 Z35.23 nX0.000 nY0.000 nZ-1.000 E134107.79 F6000
G1 X576.25 Y451.62 Z35.23 nX0.000 nY0.000 nZ-1.000 E134110.87 F6000
G1 X577.39 Y452.32 Z35.23 nX0.000 nY0.000 nZ-1.000 E134113.95 F6000
G1 X578.51 Y453.13 Z35.23 nX0.000 nY0.000 nZ-1.000 E134117.13 F6000
G1 X620.18 Y486.27 Z35.26 nX0.000 nY0.000 nZ-1.000 E134239.24 F6000
G1 X622.14 Y487.57 Z35.27 nX0.000 nY0.000 nZ-1.000 E134244.64 F6000
G1 X624.38 Y488.55 Z35.27 nX0.000 nY0.000 nZ-1.000 E134250.24 F6000
G1 X626.75 Y489.12 Z35.27 nX0.000 nY0.000 nZ-1.000 E134255.84 F6000
G1 X629.10 Y489.26 Z35.27 nX0.000 nY0.000 nZ-1.000 E134261.24 F6000
G1 X796.73 Y484.87 Z35.38 nX0.000 nY0.000 nZ-1.000 E134645.88 F6000
G1 X796.76 Y485.84 Z35.38 nX0.000 nY0.000 nZ-1.000 E134648.11 F6000
G1 X796.76 Y568.63 Z35.43 nX0.000 nY0.000 nZ-1.000 E134838.00 F6000
G1 X598.19 Y568.63 Z35.55 nX0.000 nY0.000 nZ-1.000 E135293.47 F6000
G1 X567.69 Y461.43 Z35.62 nX0.000 nY0.000 nZ-1.000 E135549.12 F6000
G1 X529.83 Y461.43 Z35.65 nX0.000 nY0.000 nZ-1.000 E135635.95 F6000
G1 X499.33 Y568.63 Z35.72 nX0.000 nY0.000 nZ-1.000 E135891.60 F6000
G1 X300.76 Y568.63 Z35.84 nX0.000 nY0.000 nZ-1.000 E136347.08 F6000
G1 X300.76 Y485.84 Z35.89 nX0.000 nY0.000 nZ-1.000 E136536.96 F6000
G1 X300.78 Y484.87 Z35.89 nX0.000 nY0.000 nZ-1.000 E136539.20 F6000
G1 X468.41 Y489.26 Z36.00 nX0.000 nY0.000 nZ-1.000 E136923.83 F6000
G1 X470.76 Y489.12 Z36.00 nX0.000 nY0.000 nZ-1.000 E136929.23 F6000
G1 X473.14 Y488.55 Z36.00 nX0.000 nY0.000 nZ-1.000 E136934.83 F6000
G1 X474.35 Y492.16 Z36.01 nX0.000 nY0.000 nZ-1.000 E136943.58 F6000
G1 X471.33 Y492.89 Z36.01 nX0.000 nY0.000 nZ-1.000 E136950.71 F6000
G1 X468.48 Y493.06 Z36.01 nX0.000 nY0.000 nZ-1.000 E136957.25 F6000
G1 X304.56 Y488.77 Z36.11 nX0.000 nY0.000 nZ-1.000 E137333.38 F6000
G1 X304.56 Y492.62 Z36.11 nX0.000 nY0.000 nZ-1.000 E137342.22 F6000
G1 X306.51 Y492.62 Z36.12 nX0.000 nY0.000 nZ-1.000 E137346.70 F6000
G1 X306.51 Y492.82 Z36.12 nX0.000 nY0.000 nZ-1.000 E137347.15 F6000
G1 X468.55 Y497.07 Z36.22 nX0.000 nY0.000 nZ-1.000 E137718.97 F6000
G1 X471.92 Y496.86 Z36.22 nX0.000 nY0.000 nZ-1.000 E137726.72 F6000
G1 X475.62 Y495.97 Z36.22 nX0.000 nY0.000 nZ-1.000 E137735.45 F6000
G1 X479.11 Y494.45 Z36.22 nX0.000 nY0.000 nZ-1.000 E137744.18 F6000
G1 X481.93 Y492.59 Z36.23 nX0.000 nY0.000 nZ-1.000 E137751.93 F6000
G1 X523.73 Y459.34 Z36.26 nX0.000 nY0.000 nZ-1.000 E137874.44 F6000
G1 X524.45 Y458.81 Z36.26 nX0.000 nY0.000 nZ-1.000 E137876.50 F6000
G1 X525.04 Y458.46 Z36.26 nX0.000 nY0.000 nZ-1.000 E137878.07 F6000
G1 X525.66 Y458.15 Z36.26 nX0.000 nY0.000 nZ-1.000 E137879.65 F6000
G1 X526.30 Y457.90 Z36.26 nX0.000 nY0.000 nZ-1.000 E137881.23 F6000
G1 X526.95 Y457.70 Z36.26 nX0.000 nY0.000 nZ-1.000 E137882.81 F6000
G1 X527.63 Y457.55 Z36.26 nX0.000 nY0.000 nZ-1.000 E137884.38 F6000
G1 X528.31 Y457.47 Z36.26 nX0.000 nY0.000 nZ-1.000 E137885.96 F6000
G1 X529.20 Y457.43 Z36.26 nX0.000 nY0.000 nZ-1.000 E137888.01 F6000
G1 X568.31 Y457.43 Z36.29 nX0.000 nY0.000 nZ-1.000 E137977.72 F6000
G1 X569.21 Y457.47 Z36.29 nX0.000 nY0.000 nZ-1.000 E137979.78 F6000
G1 X569.89 Y457.55 Z36.29 nX0.000 nY0.000 nZ-1.000 E137981.35 F6000
G1 X570.56 Y457.70 Z36.29 nX0.000 nY0.000 nZ-1.000 E137982.93 F6000
G1 X571.22 Y457.90 Z36.29 nX0.000 nY0.000 nZ-1.000 E137984.51 F6000
G1 X571.86 Y458.15 Z36.29 nX0.000 nY0.000 nZ-1.000 E137986.09 F6000
G1 X572.48 Y458.46 Z36.29 nX0.000 nY0.000 nZ-1.000 E137987.66 F6000
G1 X573.06 Y458.81 Z36.29 nX0.000 nY0.000 nZ-1.000 E137989.24 F6000
G1 X573.79 Y459.34 Z36.29 nX0.000 nY0.000 nZ-1.000 E137991.29 F6000
G1 X615.59 Y492.59 Z36.33 nX0.000 nY0.000 nZ-1.000 E138113.81 F6000
G1 X618.40 Y494.45 Z36.33 nX0.000 nY0.000 nZ-1.000 E138121.55 F6000
G1 X621.89 Y495.97 Z36.33 nX0.000 nY0.000 nZ-1.000 E138130.29 F6000
G1 X625.60 Y496.86 Z36.33 nX0.000 nY0.000 nZ-1.000 E138139.02 F6000
G1 X628.97 Y497.07 Z36.34 nX0.000 nY0.000 nZ-1.000 E138146.76 F6000
G1 X791.01 Y492.82 Z36.44 nX0.000 nY0.000 nZ-1.000 E138518.58 F6000
G1 X791.01 Y492.62 Z36.44 nX0.000 nY0.000 nZ-1.000 E138519.04 F6000
G1 X792.96 Y492.62 Z36.44 nX0.000 nY0.000 nZ-1.000 E138523.52 F6000
G1 X792.96 Y488.77 Z36.44 nX0.000 nY0.000 nZ-1.000 E138532.36 F6000
G1 X701.27 Y491.17 Z36.50 nX0.000 nY0.000 nZ-1.000 E138742.75 F6000
;Layer 26
G1 X629.04 Y493.06 Z36.54 nX0.000 nY0.000 nZ-1.000 E138908.48 F6000
G1 X626.88 Y492.93 Z36.55 nX0.000 nY0.000 nZ-1.000 E138913.44 F6000
G1 X628.11 Y489.20 Z36.55 nX0.000 nY0.000 nZ-1.000 E138922.45 F6000
G1 X629.10 Y489.26 Z36.55 nX0.000 nY0.000 nZ-1.000 E138924.73 F6000
G1 X796.73 Y484.87 Z36.65 nX0.000 nY0.000 nZ-1.000 E139309.37 F6000
G1 X796.76 Y485.84 Z36.65 nX0.000 nY0.000 nZ-1.000 E139311.60 F6000
G1 X796.76 Y568.63 Z36.71 nX0.000 nY0.000 nZ-1.000 E139501.49 F6000
G1 X598.19 Y568.63 Z36.83 nX0.000 nY0.000 nZ-1.000 E139956.96 F6000
G1 X567.69 Y461.43 Z36.90 nX0.000 nY0.000 nZ-1.000 E140212.61 F6000
G1 X529.83 Y461.43 Z36.93 nX0.000 nY0.000 nZ-1.000 E140299.44 F6000
G1 X499.33 Y568.63 Z37.00 nX0.000 nY0.000 nZ-1.000 E140555.09 F6000
G1 X300.76 Y568.63 Z37.12 nX0.000 nY0.000 nZ-1.000 E141010.56 F6000
G1 X300.76 Y485.84 Z37.17 nX0.000 nY0.000 nZ-1.000 E141200.45 F6000
G1 X300.78 Y484.87 Z37.17 nX0.000 nY0.000 nZ-1.000 E141202.69 F6000
G1 X468.41 Y489.26 Z37.28 nX0.000 nY0.000 nZ-1.000 E141587.32 F6000
G1 X470.76 Y489.12 Z37.28 nX0.000 nY0.000 nZ-1.000 E141592.72 F6000
G1 X473.14 Y488.55 Z37.28 nX0.000 nY0.000 nZ-1.000 E141598.32 F6000
G1 X475.97 Y487.37 Z37.28 nX0.000 nY0.000 nZ-1.000 E141605.36 F6000
G1 X477.34 Y486.27 Z37.28 nX0.000 nY0.000 nZ-1.000 E141609.38 F6000
G1 X519.00 Y453.13 Z37.32 nX0.000 nY0.000 nZ-1.000 E141731.49 F6000
G1 X520.12 Y452.32 Z37.32 nX0.000 nY0.000 nZ-1.000 E141734.67 F6000
G1 X521.27 Y451.62 Z37.32 nX0.000 nY0.000 nZ-1.000 E141737.75 F6000
G1 X522.47 Y451.02 Z37.32 nX0.000 nY0.000 nZ-1.000 E141740.83 F6000
G1 X523.72 Y450.53 Z37.32 nX0.000 nY0.000 nZ-1.000 E141743.92 F6000
G1 X525.01 Y450.14 Z37.32 nX0.000 nY0.000 nZ-1.000 E141747.00 F6000
G1 X526.32 Y449.86 Z37.32 nX0.000 nY0.000 nZ-1.000 E141750.08 F6000
G1 X527.65 Y449.69 Z37.32 nX0.000 nY0.000 nZ-1.000 E141753.16 F6000
G1 X529.04 Y449.63 Z37.32 nX0.000 nY0.000 nZ-1.000 E141756.34 F6000
G1 X567.51 Y449.63 Z37.35 nX0.000 nY0.000 nZ-1.000 E141844.58 F6000
G1 X569.86 Y449.69 Z37.35 nX0.000 nY0.000 nZ-1.000 E141849.98 F6000
G1 X571.19 Y449.86 Z37.35 nX0.000 nY0.000 nZ-1.000 E141853.06 F6000
G1 X572.51 Y450.14 Z37.35 nX0.000 nY0.000 nZ-1.000 E141856.14 F6000
G1 X573.79 Y450.53 Z37.35 nX0.000 nY0.000 nZ-1.000 E141859.22 F6000
G1 X575.04 Y451.02 Z37.35 nX0.000 nY0.000 nZ-1.000 E141862.30 F6000
G1 X576.25 Y451.62 Z37.35 nX0.000 nY0.000 nZ-1.000 E141865.39 F6000
G1 X577.39 Y452.32 Z37.36 nX0.000 nY0.000 nZ-1.000 E141868.47 F6000
G1 X578.51 Y453.13 Z37.36 nX0.000 nY0.000 nZ-1.000 E141871.64 F6000
G1 X620.18 Y486.27 Z37.39 nX0.000 nY0.000 nZ-1.000 E141993.76 F6000
G1 X622.14 Y487.57 Z37.39 nX0.000 nY0.000 nZ-1.000 E141999.16 F6000
G1 X624.38 Y488.55 Z37.39 nX0.000 nY0.000 nZ-1.000 E142004.76 F6000
G1 X623.17 Y492.16 Z37.40 nX0.000 nY0.000 nZ-1.000 E142013.51 F6000
G1 X620.32 Y490.93 Z37.40 nX0.000 nY0.000 nZ-1.000 E142020.63 F6000
G1 X617.94 Y489.35 Z37.40 nX0.000 nY0.000 nZ-1.000 E142027.17 F6000
G1 X576.21 Y456.16 Z37.43 nX0.000 nY0.000 nZ-1.000 E142149.48 F6000
G1 X575.28 Y455.48 Z37.43 nX0.000 nY0.000 nZ-1.000 E142152.11 F6000
G1 X574.41 Y454.95 Z37.43 nX0.000 nY0.000 nZ-1.000 E142154.46 F6000
G1 X573.49 Y454.49 Z37.43 nX0.000 nY0.000 nZ-1.000 E142156.81 F6000
G1 X572.54 Y454.12 Z37.44 nX0.000 nY0.000 nZ-1.000 E142159.16 F6000
G1 X571.56 Y453.82 Z37.44 nX0.000 nY0.000 nZ-1.000 E142161.51 F6000
G1 X570.56 Y453.61 Z37.44 nX0.000 nY0.000 nZ-1.000 E142163.86 F6000
G1 X569.54 Y453.48 Z37.44 nX0.000 nY0.000 nZ-1.000 E142166.21 F6000
G1 X568.40 Y453.43 Z37.44 nX0.000 nY0.000 nZ-1.000 E142168.83 F6000
G1 X529.12 Y453.43 Z37.46 nX0.000 nY0.000 nZ-1.000 E142258.93 F6000
G1 X527.97 Y453.48 Z37.46 nX0.000 nY0.000 nZ-1.000 E142261.56 F6000
G1 X526.96 Y453.61 Z37.46 nX0.000 nY0.000 nZ-1.000 E142263.91 F6000
G1 X525.96 Y453.82 Z37.46 nX0.000 nY0.000 nZ-1.000 E142266.26 F6000
G1 X524.98 Y454.12 Z37.47 nX0.000 nY0.000 nZ-1.000 E142268.61 F6000
G1 X524.02 Y454.49 Z37.47 nX0.000 nY0.000 nZ-1.000 E142270.96 F6000
G1 X523.11 Y454.95 Z37.47 nX0.000 nY0.000 nZ-1.000 E142273.31 F6000
G1 X522.23 Y455.48 Z37.47 nX0.000 nY0.000 nZ-1.000 E142275.65 F6000
G1 X521.31 Y456.16 Z37.47 nX0.000 nY0.000 nZ-1.000 E142278.28 F6000
G1 X479.58 Y489.35 Z37.50 nX0.000 nY0.000 nZ-1.000 E142400.59 F6000
G1 X477.39 Y490.80 Z37.50 nX0.000 nY0.000 nZ-1.000 E142406.61 F6000
G1 X474.35 Y492.16 Z37.51 nX0.000 nY0.000 nZ-1.000 E142414.25 F6000
G1 X471.33 Y492.89 Z37.51 nX0.000 nY0.000 nZ-1.000 E142421.38 F6000
G1 X468.48 Y493.06 Z37.51 nX0.000 nY0.000 nZ-1.000 E142427.92 F6000
G1 X304.56 Y488.77 Z37.61 nX0.000 nY0.000 nZ-1.000 E142804.05 F6000
G1 X304.56 Y492.62 Z37.61 nX0.000 nY0.000 nZ-1.000 E142812.89 F6000
G1 X306.51 Y492.62 Z37.62 nX0.000 nY0.000 nZ-1.000 E142817.37 F6000
G1 X306.51 Y492.82 Z37.62 nX0.000 nY0.000 nZ-1.000 E142817.82 F6000
G1 X468.55 Y497.07 Z37.72 nX0.000 nY0.000 nZ-1.000 E143189.64 F6000
G1 X471.92 Y496.86 Z37.72 nX0.000 nY0.000 nZ-1.000 E143197.39 F6000
G1 X475.62 Y495.97 Z37.72 nX0.000 nY0.000 nZ-1.000 E143206.12 F6000
G1 X479.11 Y494.45 Z37.72 nX0.000 nY0.000 nZ-1.000 E143214.85 F6000
G1 X481.93 Y492.59 Z37.73 nX0.000 nY0.000 nZ-1.000 E143222.60 F6000
G1 X523.73 Y459.34 Z37.76 nX0.000 nY0.000 nZ-1.000 E143345.11 F6000
G1 X524.45 Y458.81 Z37.76 nX0.000 nY0.000 nZ-1.000 E143347.17 F6000
G1 X525.04 Y458.46 Z37.76 nX0.000 nY0.000 nZ-1.000 E143348.74 F6000
G1 X525.66 Y458.15 Z37.76 nX0.000 nY0.000 nZ-1.000 E143350.32 F6000
G1 X526.30 Y457.90 Z37.76 nX0.000 nY0.000 nZ-1.000 E143351.90 F6000
G1 X526.95 Y457.70 Z37.76 nX0.000 nY0.000 nZ-1.000 E143353.48 F6000
G1 X527.63 Y457.55 Z37.76 nX0.000 nY0.000 nZ-1.000 E143355.05 F6000
G1 X528.31 Y457.47 Z37.76 nX0.000 nY0.000 nZ-1.000 E143356.63 F6000
G1 X529.20 Y457.43 Z37.76 nX0.000 nY0.000 nZ-1.000 E143358.68 F6000
G1 X568.31 Y457.43 Z37.79 nX0.000 nY0.000 nZ-1.000 E143448.39 F6000
G1 X569.21 Y457.47 Z37.79 nX0.000 nY0.000 nZ-1.000 E143450.44 F6000
G1 X569.89 Y457.55 Z37.79 nX0.000 nY0.000 nZ-1.000 E143452.02 F6000
G1 X570.56 Y457.70 Z37.79 nX0.000 nY0.000 nZ-1.000 E143453.60 F6000
G1 X571.22 Y457.90 Z37.79 nX0.000 nY0.000 nZ-1.000 E143455.18 F6000
G1 X571.86 Y458.15 Z37.79 nX0.000 nY0.000 nZ-1.000 E143456.76 F6000
G1 X572.48 Y458.46 Z37.79 nX0.000 nY0.000 nZ-1.000 E143458.33 F6000
G1 X573.06 Y458.81 Z37.79 nX0.000 nY0.000 nZ-1.000 E143459.91 F6000
G1 X573.79 Y459.34 Z37.79 nX0.000 nY0.000 nZ-1.000 E143461.96 F6000
G1 X615.59 Y492.59 Z37.83 nX0.000 nY0.000 nZ-1.000 E143584.48 F6000
G1 X618.40 Y494.45 Z37.83 nX0.000 nY0.000 nZ-1.000 E143592.22 F6000
G1 X621.89 Y495.97 Z37.83 nX0.000 nY0.000 nZ-1.000 E143600.96 F6000
G1 X625.60 Y496.86 Z37.83 nX0.000 nY0.000 nZ-1.000 E143609.69 F6000
G1 X628.97 Y497.07 Z37.84 nX0.000 nY0.000 nZ-1.000 E143617.43 F6000
G1 X791.01 Y492.82 Z37.94 nX0.000 nY0.000 nZ-1.000 E143989.25 F6000
G1 X791.01 Y492.62 Z37.94 nX0.000 nY0.000 nZ-1.000 E143989.71 F6000
G1 X792.96 Y492.62 Z37.94 nX0.000 nY0.000 nZ-1.000 E143994.19 F6000
G1 X792.96 Y488.77 Z37.94 nX0.000 nY0.000 nZ-1.000 E144003.03 F6000
G1 X701.27 Y491.17 Z38.00 nX0.000 nY0.000 nZ-1.000 E144213.42 F6000
;Layer 27
G1 X629.04 Y493.06 Z38.04 nX0.000 nY0.000 nZ-1.000 E144379.15 F6000
G1 X626.88 Y492.93 Z38.05 nX0.000 nY0.000 nZ-1.000 E144384.11 F6000
G1 X628.11 Y489.20 Z38.05 nX0.000 nY0.000 nZ-1.000 E144393.12 F6000
G1 X629.10 Y489.26 Z38.05 nX0.000 nY0.000 nZ-1.000 E144395.40 F6000
G1 X796.73 Y484.87 Z38.15 nX0.000 nY0.000 nZ-1.000 E144780.04 F6000
G1 X796.76 Y485.84 Z38.15 nX0.000 nY0.000 nZ-1.000 E144782.27 F6000
G1 X796.76 Y568.63 Z38.21 nX0.000 nY0.000 nZ-1.000 E144972.16 F6000
G1 X598.19 Y568.63 Z38.33 nX0.000 nY0.000 nZ-1.000 E145427.63 F6000
G1 X567.69 Y461.43 Z38.40 nX0.000 nY0.000 nZ-1.000 E145683.28 F6000
G1 X529.83 Y461.43 Z38.43 nX0.000 nY0.000 nZ-1.000 E145770.11 F6000
G1 X499.33 Y568.63 Z38.50 nX0.000 nY0.000 nZ-1.000 E146025.76 F6000
G1 X300.76 Y568.63 Z38.62 nX0.000 nY0.000 nZ-1.000 E146481.23 F6000
G1 X300.76 Y485.84 Z38.67 nX0.000 nY0.000 nZ-1.000 E146671.12 F6000
G1 X300.78 Y484.87 Z38.67 nX0.000 nY0.000 nZ-1.000 E146673.35 F6000
G1 X468.41 Y489.26 Z38.78 nX0.000 nY0.000 nZ-1.000 E147057.99 F6000
G1 X470.76 Y489.12 Z38.78 nX0.000 nY0.000 nZ-1.000 E147063.39 F6000
G1 X473.14 Y488.55 Z38.78 nX0.000 nY0.000 nZ-1.000 E147068.99 F6000
G1 X475.38 Y487.57 Z38.78 nX0.000 nY0.000 nZ-1.000 E147074.59 F6000
G1 X477.34 Y486.27 Z38.78 nX0.000 nY0.000 nZ-1.000 E147079.99 F6000
G1 X519.00 Y453.13 Z38.82 nX0.000 nY0.000 nZ-1.000 E147202.10 F6000
G1 X520.12 Y452.32 Z38.82 nX0.000 nY0.000 nZ-1.000 E147205.28 F6000
G1 X521.27 Y451.62 Z38.82 nX0.000 nY0.000 nZ-1.000 E147208.36 F6000
G1 X522.47 Y451.02 Z38.82 nX0.000 nY0.000 nZ-1.000 E147211.44 F6000
G1 X523.72 Y450.53 Z38.82 nX0.000 nY0.000 nZ-1.000 E147214.52 F6000
G1 X525.01 Y450.14 Z38.82 nX0.000 nY0.000 nZ-1.000 E147217.61 F6000
G1 X526.32 Y449.86 Z38.82 nX0.000 nY0.000 nZ-1.000 E147220.69 F6000
G1 X527.65 Y449.69 Z38.82 nX0.000 nY0.000 nZ-1.000 E147223.77 F6000
G1 X529.04 Y449.63 Z38.82 nX0.000 nY0.000 nZ-1.000 E147226.95 F6000
G1 X567.51 Y449.63 Z38.85 nX0.000 nY0.000 nZ-1.000 E147315.19 F6000
G1 X569.86 Y449.69 Z38.85 nX0.000 nY0.000 nZ-1.000 E147320.59 F6000
G1 X571.19 Y449.86 Z38.85 nX0.000 nY0.000 nZ-1.000 E147323.67 F6000
G1 X572.51 Y450.14 Z38.85 nX0.000 nY0.000 nZ-1.000 E147326.75 F6000
G1 X573.79 Y450.53 Z38.85 nX0.000 nY0.000 nZ-1.000 E147329.83 F6000
G1 X575.04 Y451.02 Z38.85 nX0.000 nY0.000 nZ-1.000 E147332.91 F6000
G1 X576.25 Y451.62 Z38.85 nX0.000 nY0.000 nZ-1.000 E147335.99 F6000
G1 X577.39 Y452.32 Z38.86 nX0.000 nY0.000 nZ-1.000 E147339.08 F6000
G1 X578.51 Y453.13 Z38.86 nX0.000 nY0.000 nZ-1.000 E147342.25 F6000
G1 X620.18 Y486.27 Z38.89 nX0.000 nY0.000 nZ-1.000 E147464.37 F6000
G1 X622.14 Y487.57 Z38.89 nX0.000 nY0.000 nZ-1.000 E147469.77 F6000
G1 X624.38 Y488.55 Z38.89 nX0.000 nY0.000 nZ-1.000 E147475.37 F6000
G1 X623.17 Y492.16 Z38.90 nX0.000 nY0.000 nZ-1.000 E147484.12 F6000
G1 X620.32 Y490.93 Z38.90 nX0.000 nY0.000 nZ-1.000 E147491.24 F6000
G1 X617.94 Y489.35 Z38.90 nX0.000 nY0.000 nZ-1.000 E147497.78 F6000
G1 X576.21 Y456.16 Z38.93 nX0.000 nY0.000 nZ-1.000 E147620.09 F6000
G1 X575.28 Y455.48 Z38.93 nX0.000 nY0.000 nZ-1.000 E147622.72 F6000
G1 X574.41 Y454.95 Z38.93 nX0.000 nY0.000 nZ-1.000 E147625.07 F6000
G1 X573.49 Y454.49 Z38.93 nX0.000 nY0.000 nZ-1.000 E147627.42 F6000
G1 X572.54 Y454.12 Z38.94 nX0.000 nY0.000 nZ-1.000 E147629.77 F6000
G1 X571.56 Y453.82 Z38.94 nX0.000 nY0.000 nZ-1.000 E147632.12 F6000
G1 X570.56 Y453.61 Z38.94 nX0.000 nY0.000 nZ-1.000 E147634.47 F6000
G1 X569.54 Y453.48 Z38.94 nX0.000 nY0.000 nZ-1.000 E147636.81 F6000
G1 X568.40 Y453.43 Z38.94 nX0.000 nY0.000 nZ-1.000 E147639.44 F6000
G1 X529.12 Y453.43 Z38.96 nX0.000 nY0.000 nZ-1.000 E147729.54 F6000
G1 X527.97 Y453.48 Z38.96 nX0.000 nY0.000 nZ-1.000 E147732.17 F6000
G1 X526.96 Y453.61 Z38.96 nX0.000 nY0.000 nZ-1.000 E147734.52 F6000
G1 X525.96 Y453.82 Z38.96 nX0.000 nY0.000 nZ-1.000 E147736.87 F6000
G1 X524.98 Y454.12 Z38.97 nX0.000 nY0.000 nZ-1.000 E147739.22 F6000
G1 X524.02 Y454.49 Z38.97 nX0.000 nY0.000 nZ-1.000 E147741.57 F6000
G1 X523.11 Y454.95 Z38.97 nX0.000 nY0.000 nZ-1.000 E147743.91 F6000
G1 X522.23 Y455.48 Z38.97 nX0.000 nY0.000 nZ-1.000 E147746.26 F6000
G1 X521.31 Y456.16 Z38.97 nX0.000 nY0.000 nZ-1.000 E147748.89 F6000
G1 X479.58 Y489.35 Z39.00 nX0.000 nY0.000 nZ-1.000 E147871.20 F6000
G1 X477.20 Y490.93 Z39.00 nX0.000 nY0.000 nZ-1.000 E147877.74 F6000
G1 X474.35 Y492.16 Z39.01 nX0.000 nY0.000 nZ-1.000 E147884.87 F6000
G1 X471.33 Y492.89 Z39.01 nX0.000 nY0.000 nZ-1.000 E147892.00 F6000
G1 X468.48 Y493.06 Z39.01 nX0.000 nY0.000 nZ-1.000 E147898.54 F6000
G1 X304.56 Y488.77 Z39.11 nX0.000 nY0.000 nZ-1.000 E148274.67 F6000
G1 X304.56 Y492.62 Z39.11 nX0.000 nY0.000 nZ-1.000 E148283.50 F6000
G1 X306.51 Y492.62 Z39.12 nX0.000 nY0.000 nZ-1.000 E148287.98 F6000
G1 X306.51 Y492.82 Z39.12 nX0.000 nY0.000 nZ-1.000 E148288.44 F6000
G1 X468.55 Y497.07 Z39.22 nX0.000 nY0.000 nZ-1.000 E148660.26 F6000
G1 X471.92 Y496.86 Z39.22 nX0.000 nY0.000 nZ-1.000 E148668.00 F6000
G1 X475.62 Y495.97 Z39.22 nX0.000 nY0.000 nZ-1.000 E148676.74 F6000
G1 X479.11 Y494.45 Z39.22 nX0.000 nY0.000 nZ-1.000 E148685.47 F6000
G1 X481.93 Y492.59 Z39.23 nX0.000 nY0.000 nZ-1.000 E148693.21 F6000
G1 X523.73 Y459.34 Z39.26 nX0.000 nY0.000 nZ-1.000 E148815.73 F6000
G1 X524.45 Y458.81 Z39.26 nX0.000 nY0.000 nZ-1.000 E148817.78 F6000
G1 X525.04 Y458.46 Z39.26 nX0.000 nY0.000 nZ-1.000 E148819.36 F6000
G1 X525.66 Y458.15 Z39.26 nX0.000 nY0.000 nZ-1.000 E148820.94 F6000
G1 X526.30 Y457.90 Z39.26 nX0.000 nY0.000 nZ-1.000 E148822.51 F6000
G1 X526.95 Y457.70 Z39.26 nX0.000 nY0.000 nZ-1.000 E148824.09 F6000
G1 X527.63 Y457.55 Z39.26 nX0.000 nY0.000 nZ-1.000 E148825.67 F6000
G1 X528.31 Y457.47 Z39.26 nX0.000 nY0.000 nZ-1.000 E148827.25 F6000
G1 X529.20 Y457.43 Z39.26 nX0.000 nY0.000 nZ-1.000 E148829.30 F6000
G1 X568.31 Y457.43 Z39.29 nX0.000 nY0.000 nZ-1.000 E148919.01 F6000
G1 X569.21 Y457.47 Z39.29 nX0.000 nY0.000 nZ-1.000 E148921.06 F6000
G1 X569.89 Y457.55 Z39.29 nX0.000 nY0.000 nZ-1.000 E148922.64 F6000
G1 X570.56 Y457.70 Z39.29 nX0.000 nY0.000 nZ-1.000 E148924.22 F6000
G1 X571.22 Y457.90 Z39.29 nX0.000 nY0.000 nZ-1.000 E148925.79 F6000
G1 X571.86 Y458.15 Z39.29 nX0.000 nY0.000 nZ-1.000 E148927.37 F6000
G1 X572.48 Y458.46 Z39.29 nX0.000 nY0.000 nZ-1.000 E148928.95 F6000
G1 X573.06 Y458.81 Z39.29 nX0.000 nY0.000 nZ-1.000 E148930.53 F6000
G1 X573.79 Y459.34 Z39.29 nX0.000 nY0.000 nZ-1.000 E148932.58 F6000
G1 X615.59 Y492.59 Z39.33 nX0.000 nY0.000 nZ-1.000 E149055.09 F6000
G1 X618.40 Y494.45 Z39.33 nX0.000 nY0.000 nZ-1.000 E149062.84 F6000
G1 X621.89 Y495.97 Z39.33 nX0.000 nY0.000 nZ-1.000 E149071.57 F6000
G1 X625.60 Y496.86 Z39.33 nX0.000 nY0.000 nZ-1.000 E149080.30 F6000
G1 X628.97 Y497.07 Z39.34 nX0.000 nY0.000 nZ-1.000 E149088.05 F6000
G1 X791.01 Y492.82 Z39.44 nX0.000 nY0.000 nZ-1.000 E149459.87 F6000
G1 X791.01 Y492.62 Z39.44 nX0.000 nY0.000 nZ-1.000 E149460.32 F6000
G1 X792.96 Y492.62 Z39.44 nX0.000 nY0.000 nZ-1.000 E149464.80 F6000
G1 X792.96 Y488.77 Z39.44 nX0.000 nY0.000 nZ-1.000 E149473.64 F6000
G1 X701.27 Y491.17 Z39.50 nX0.000 nY0.000 nZ-1.000 E149684.03 F6000
;Layer 28
G1 X629.04 Y493.06 Z39.54 nX0.000 nY0.000 nZ-1.000 E149849.77 F6000
G1 X626.88 Y492.93 Z39.55 nX0.000 nY0.000 nZ-1.000 E149854.72 F6000
G1 X628.11 Y489.20 Z39.55 nX0.000 nY0.000 nZ-1.000 E149863.73 F6000
G1 X629.10 Y489.26 Z39.55 nX0.000 nY0.000 nZ-1.000 E149866.02 F6000
G1 X796.73 Y484.87 Z39.65 nX0.000 nY0.000 nZ-1.000 E150250.65 F6000
G1 X796.76 Y485.84 Z39.65 nX0.000 nY0.000 nZ-1.000 E150252.89 F6000
G1 X796.76 Y568.63 Z39.71 nX0.000 nY0.000 nZ-1.000 E150442.78 F6000
G1 X598.19 Y568.63 Z39.83 nX0.000 nY0.000 nZ-1.000 E150898.24 F6000
G1 X567.69 Y461.43 Z39.90 nX0.000 nY0.000 nZ-1.000 E151153.90 F6000
G1 X529.83 Y461.43 Z39.93 nX0.000 nY0.000 nZ-1.000 E151240.72 F6000
G1 X499.33 Y568.63 Z40.00 nX0.000 nY0.000 nZ-1.000 E151496.38 F6000
G1 X300.76 Y568.63 Z40.12 nX0.000 nY0.000 nZ-1.000 E151951.85 F6000
G1 X300.76 Y485.84 Z40.17 nX0.000 nY0.000 nZ-1.000 E152141.74 F6000
G1 X300.78 Y484.87 Z40.17 nX0.000 nY0.000 nZ-1.000 E152143.97 F6000
G1 X468.41 Y489.26 Z40.28 nX0.000 nY0.000 nZ-1.000 E152528.61 F6000
G1 X470.76 Y489.12 Z40.28 nX0.000 nY0.000 nZ-1.000 E152534.01 F6000
G1 X473.14 Y488.55 Z40.28 nX0.000 nY0.000 nZ-1.000 E152539.61 F6000
G1 X475.38 Y487.57 Z40.28 nX0.000 nY0.000 nZ-1.000 E152545.21 F6000
G1 X477.34 Y486.27 Z40.28 nX0.000 nY0.000 nZ-1.000 E152550.61 F6000
G1 X519.00 Y453.13 Z40.32 nX0.000 nY0.000 nZ-1.000 E152672.72 F6000
G1 X520.12 Y452.32 Z40.32 nX0.000 nY0.000 nZ-1.000 E152675.90 F6000
G1 X521.27 Y451.62 Z40.32 nX0.000 nY0.000 nZ-1.000 E152678.98 F6000
G1 X522.47 Y451.02 Z40.32 nX0.000 nY0.000 nZ-1.000 E152682.06 F6000
G1 X523.72 Y450.53 Z40.32 nX0.000 nY0.000 nZ-1.000 E152685.14 F6000
G1 X525.01 Y450.14 Z40.32 nX0.000 nY0.000 nZ-1.000 E152688.22 F6000
G1 X526.32 Y449.86 Z40.32 nX0.000 nY0.000 nZ-1.000 E152691.30 F6000
G1 X527.65 Y449.69 Z40.32 nX0.000 nY0.000 nZ-1.000 E152694.39 F6000
G1 X529.04 Y449.63 Z40.32 nX0.000 nY0.000 nZ-1.000 E152697.56 F6000
G1 X567.51 Y449.63 Z40.35 nX0.000 nY0.000 nZ-1.000 E152785.81 F6000
G1 X569.86 Y449.69 Z40.35 nX0.000 nY0.000 nZ-1.000 E152791.21 F6000
G1 X571.19 Y449.86 Z40.35 nX0.000 nY0.000 nZ-1.000 E152794.29 F6000
G1 X572.51 Y450.14 Z40.35 nX0.000 nY0.000 nZ-1.000 E152797.37 F6000
G1 X573.79 Y450.53 Z40.35 nX0.000 nY0.000 nZ-1.000 E152800.45 F6000
G1 X575.04 Y451.02 Z40.35 nX0.000 nY0.000 nZ-1.000 E152803.53 F6000
G1 X576.25 Y451.62 Z40.35 nX0.000 nY0.000 nZ-1.000 E152806.61 F6000
G1 X577.39 Y452.32 Z40.36 nX0.000 nY0.000 nZ-1.000 E152809.69 F6000
G1 X578.51 Y453.13 Z40.36 nX0.000 nY0.000 nZ-1.000 E152812.87 F6000
G1 X620.18 Y486.27 Z40.39 nX0.000 nY0.000 nZ-1.000 E152934.98 F6000
G1 X622.14 Y487.57 Z40.39 nX0.000 nY0.000 nZ-1.000 E152940.38 F6000
G1 X624.38 Y488.55 Z40.39 nX0.000 nY0.000 nZ-1.000 E152945.98 F6000
G1 X623.17 Y492.16 Z40.40 nX0.000 nY0.000 nZ-1.000 E152954.73 F6000
G1 X620.32 Y490.93 Z40.40 nX0.000 nY0.000 nZ-1.000 E152961.86 F6000
G1 X617.94 Y489.35 Z40.40 nX0.000 nY0.000 nZ-1.000 E152968.40 F6000
G1 X576.21 Y456.16 Z40.43 nX0.000 nY0.000 nZ-1.000 E153090.71 F6000
G1 X575.28 Y455.48 Z40.43 nX0.000 nY0.000 nZ-1.000 E153093.34 F6000
G1 X574.41 Y454.95 Z40.43 nX0.000 nY0.000 nZ-1.000 E153095.69 F6000
G1 X573.49 Y454.49 Z40.43 nX0.000 nY0.000 nZ-1.000 E153098.04 F6000
G1 X572.54 Y454.12 Z40.44 nX0.000 nY0.000 nZ-1.000 E153100.39 F6000
G1 X571.56 Y453.82 Z40.44 nX0.000 nY0.000 nZ-1.000 E153102.73 F6000
G1 X570.56 Y453.61 Z40.44 nX0.000 nY0.000 nZ-1.000 E153105.08 F6000
G1 X569.54 Y453.48 Z40.44 nX0.000 nY0.000 nZ-1.000 E153107.43 F6000
G1 X568.40 Y453.43 Z40.44 nX0.000 nY0.000 nZ-1.000 E153110.06 F6000
G1 X529.12 Y453.43 Z40.46 nX0.000 nY0.000 nZ-1.000 E153200.16 F6000
G1 X527.97 Y453.48 Z40.46 nX0.000 nY0.000 nZ-1.000 E153202.79 F6000
G1 X526.96 Y453.61 Z40.46 nX0.000 nY0.000 nZ-1.000 E153205.14 F6000
G1 X525.96 Y453.82 Z40.46 nX0.000 nY0.000 nZ-1.000 E153207.49 F6000
G1 X524.98 Y454.12 Z40.47 nX0.000 nY0.000 nZ-1.000 E153209.83 F6000
G1 X524.02 Y454.49 Z40.47 nX0.000 nY0.000 nZ-1.000 E153212.18 F6000
G1 X523.11 Y454.95 Z40.47 nX0.000 nY0.000 nZ-1.000 E153214.53 F6000
G1 X522.23 Y455.48 Z40.47 nX0.000 nY0.000 nZ-1.000 E153216.88 F6000
G1 X521.31 Y456.16 Z40.47 nX0.000 nY0.000 nZ-1.000 E153219.51 F6000
G1 X479.58 Y489.35 Z40.50 nX0.000 nY0.000 nZ-1.000 E153341.82 F6000
G1 X477.20 Y490.93 Z40.50 nX0.000 nY0.000 nZ-1.000 E153348.36 F6000
G1 X474.35 Y492.16 Z40.51 nX0.000 nY0.000 nZ-1.000 E153355.49 F6000
G1 X471.33 Y492.89 Z40.51 nX0.000 nY0.000 nZ-1.000 E153362.61 F6000
G1 X468.48 Y493.06 Z40.51 nX0.000 nY0.000 nZ-1.000 E153369.16 F6000
G1 X304.56 Y488.77 Z40.61 nX0.000 nY0.000 nZ-1.000 E153745.28 F6000
G1 X304.56 Y492.62 Z40.61 nX0.000 nY0.000 nZ-1.000 E153754.12 F6000
G1 X306.51 Y492.62 Z40.62 nX0.000 nY0.000 nZ-1.000 E153758.60 F6000
G1 X306.51 Y492.82 Z40.62 nX0.000 nY0.000 nZ-1.000 E153759.06 F6000
G1 X468.55 Y497.07 Z40.72 nX0.000 nY0.000 nZ-1.000 E154130.88 F6000
G1 X471.92 Y496.86 Z40.72 nX0.000 nY0.000 nZ-1.000 E154138.62 F6000
G1 X475.62 Y495.97 Z40.72 nX0.000 nY0.000 nZ-1.000 E154147.35 F6000
G1 X479.11 Y494.45 Z40.72 nX0.000 nY0.000 nZ-1.000 E154156.08 F6000
G1 X481.93 Y492.59 Z40.73 nX0.000 nY0.000 nZ-1.000 E154163.83 F6000
G1 X523.73 Y459.34 Z40.76 nX0.000 nY0.000 nZ-1.000 E154286.35 F6000
G1 X524.45 Y458.81 Z40.76 nX0.000 nY0.000 nZ-1.000 E154288.40 F6000
G1 X525.04 Y458.46 Z40.76 nX0.000 nY0.000 nZ-1.000 E154289.98 F6000
G1 X525.66 Y458.15 Z40.76 nX0.000 nY0.000 nZ-1.000 E154291.55 F6000
G1 X526.30 Y457.90 Z40.76 nX0.000 nY0.000 nZ-1.000 E154293.13 F6000
G1 X526.95 Y457.70 Z40.76 nX0.000 nY0.000 nZ-1.000 E154294.71 F6000
G1 X527.63 Y457.55 Z40.76 nX0.000 nY0.000 nZ-1.000 E154296.29 F6000
G1 X528.31 Y457.47 Z40.76 nX0.000 nY0.000 nZ-1.000 E154297.86 F6000
G1 X529.20 Y457.43 Z40.76 nX0.000 nY0.000 nZ-1.000 E154299.91 F6000
G1 X568.31 Y457.43 Z40.79 nX0.000 nY0.000 nZ-1.000 E154389.63 F6000
G1 X569.21 Y457.47 Z40.79 nX0.000 nY0.000 nZ-1.000 E154391.68 F6000
G1 X569.89 Y457.55 Z40.79 nX0.000 nY0.000 nZ-1.000 E154393.26 F6000
G1 X570.56 Y457.70 Z40.79 nX0.000 nY0.000 nZ-1.000 E154394.83 F6000
G1 X571.22 Y457.90 Z40.79 nX0.000 nY0.000 nZ-1.000 E154396.41 F6000
G1 X571.86 Y458.15 Z40.79 nX0.000 nY0.000 nZ-1.000 E154397.99 F6000
G1 X572.48 Y458.46 Z40.79 nX0.000 nY0.000 nZ-1.000 E154399.57 F6000
G1 X573.06 Y458.81 Z40.79 nX0.000 nY0.000 nZ-1.000 E154401.14 F6000
G1 X573.79 Y459.34 Z40.79 nX0.000 nY0.000 nZ-1.000 E154403.19 F6000
G1 X615.59 Y492.59 Z40.83 nX0.000 nY0.000 nZ-1.000 E154525.71 F6000
G1 X618.40 Y494.45 Z40.83 nX0.000 nY0.000 nZ-1.000 E154533.46 F6000
G1 X621.89 Y495.97 Z40.83 nX0.000 nY0.000 nZ-1.000 E154542.19 F6000
G1 X625.60 Y496.86 Z40.83 nX0.000 nY0.000 nZ-1.000 E154550.92 F6000
G1 X628.97 Y497.07 Z40.84 nX0.000 nY0.000 nZ-1.000 E154558.67 F6000
G1 X791.01 Y492.82 Z40.94 nX0.000 nY0.000 nZ-1.000 E154930.49 F6000
G1 X791.01 Y492.62 Z40.94 nX0.000 nY0.000 nZ-1.000 E154930.94 F6000
G1 X792.96 Y492.62 Z40.94 nX0.000 nY0.000 nZ-1.000 E154935.42 F6000
G1 X792.96 Y488.77 Z40.94 nX0.000 nY0.000 nZ-1.000 E154944.26 F6000
G1 X701.27 Y491.17 Z41.00 nX0.000 nY0.000 nZ-1.000 E155154.65 F6000
;Layer 29
G1 X629.04 Y493.06 Z41.04 nX0.000 nY0.000 nZ-1.000 E155320.39 F6000
G1 X626.88 Y492.93 Z41.05 nX0.000 nY0.000 nZ-1.000 E155325.34 F6000
G1 X628.11 Y489.20 Z41.05 nX0.000 nY0.000 nZ-1.000 E155334.35 F6000
G1 X629.10 Y489.26 Z41.05 nX0.000 nY0.000 nZ-1.000 E155336.64 F6000
G1 X796.73 Y484.87 Z41.15 nX0.000 nY0.000 nZ-1.000 E155721.27 F6000
G1 X796.76 Y485.84 Z41.15 nX0.000 nY0.000 nZ-1.000 E155723.51 F6000
G1 X796.76 Y568.63 Z41.21 nX0.000 nY0.000 nZ-1.000 E155913.39 F6000
G1 X598.19 Y568.63 Z41.33 nX0.000 nY0.000 nZ-1.000 E156368.86 F6000
G1 X567.69 Y461.43 Z41.40 nX0.000 nY0.000 nZ-1.000 E156624.51 F6000
G1 X529.83 Y461.43 Z41.43 nX0.000 nY0.000 nZ-1.000 E156711.34 F6000
G1 X499.33 Y568.63 Z41.50 nX0.000 nY0.000 nZ-1.000 E156966.99 F6000
G1 X300.76 Y568.63 Z41.62 nX0.000 nY0.000 nZ-1.000 E157422.47 F6000
G1 X300.76 Y485.84 Z41.67 nX0.000 nY0.000 nZ-1.000 E157612.36 F6000
G1 X300.78 Y484.87 Z41.67 nX0.000 nY0.000 nZ-1.000 E157614.59 F6000
G1 X468.41 Y489.26 Z41.78 nX0.000 nY0.000 nZ-1.000 E157999.23 F6000
G1 X470.76 Y489.12 Z41.78 nX0.000 nY0.000 nZ-1.000 E158004.62 F6000
G1 X473.14 Y488.55 Z41.78 nX0.000 nY0.000 nZ-1.000 E158010.23 F6000
G1 X475.38 Y487.57 Z41.78 nX0.000 nY0.000 nZ-1.000 E158015.83 F6000
G1 X477.34 Y486.27 Z41.78 nX0.000 nY0.000 nZ-1.000 E158021.23 F6000
G1 X519.00 Y453.13 Z41.82 nX0.000 nY0.000 nZ-1.000 E158143.34 F6000
G1 X520.12 Y452.32 Z41.82 nX0.000 nY0.000 nZ-1.000 E158146.52 F6000
G1 X521.27 Y451.62 Z41.82 nX0.000 nY0.000 nZ-1.000 E158149.60 F6000
G1 X522.47 Y451.02 Z41.82 nX0.000 nY0.000 nZ-1.000 E158152.68 F6000
G1 X523.72 Y450.53 Z41.82 nX0.000 nY0.000 nZ-1.000 E158155.76 F6000
G1 X525.01 Y450.14 Z41.82 nX0.000 nY0.000 nZ-1.000 E158158.84 F6000
G1 X526.32 Y449.86 Z41.82 nX0.000 nY0.000 nZ-1.000 E158161.92 F6000
G1 X527.65 Y449.69 Z41.82 nX0.000 nY0.000 nZ-1.000 E158165.00 F6000
G1 X529.04 Y449.63 Z41.82 nX0.000 nY0.000 nZ-1.000 E158168.18 F6000
G1 X567.51 Y449.63 Z41.85 nX0.000 nY0.000 nZ-1.000 E158256.43 F6000
G1 X569.86 Y449.69 Z41.85 nX0.000 nY0.000 nZ-1.000 E158261.82 F6000
G1 X571.19 Y449.86 Z41.85 nX0.000 nY0.000 nZ-1.000 E158264.90 F6000
G1 X572.51 Y450.14 Z41.85 nX0.000 nY0.000 nZ-1.000 E158267.99 F6000
G1 X573.79 Y450.53 Z41.85 nX0.000 nY0.000 nZ-1.000 E158271.07 F6000
G1 X575.04 Y451.02 Z41.85 nX0.000 nY0.000 nZ-1.000 E158274.15 F6000
G1 X576.25 Y451.62 Z41.85 nX0.000 nY0.000 nZ-1.000 E158277.23 F6000
G1 X577.39 Y452.32 Z41.86 nX0.000 nY0.000 nZ-1.000 E158280.31 F6000
G1 X578.51 Y453.13 Z41.86 nX0.000 nY0.000 nZ-1.000 E158283.49 F6000
G1 X620.18 Y486.27 Z41.89 nX0.000 nY0.000 nZ-1.000 E158405.60 F6000
G1 X622.14 Y487.57 Z41.89 nX0.000 nY0.000 nZ-1.000 E158411.00 F6000
G1 X624.38 Y488.55 Z41.89 nX0.000 nY0.000 nZ-1.000 E158416.60 F6000
G1 X623.17 Y492.16 Z41.90 nX0.000 nY0.000 nZ-1.000 E158425.35 F6000
G1 X620.32 Y490.93 Z41.90 nX0.000 nY0.000 nZ-1.000 E158432.48 F6000
G1 X617.94 Y489.35 Z41.90 nX0.000 nY0.000 nZ-1.000 E158439.02 F6000
G1 X576.21 Y456.16 Z41.93 nX0.000 nY0.000 nZ-1.000 E158561.33 F6000
G1 X575.28 Y455.48 Z41.93 nX0.000 nY0.000 nZ-1.000 E158563.96 F6000
G1 X574.41 Y454.95 Z41.93 nX0.000 nY0.000 nZ-1.000 E158566.30 F6000
G1 X573.49 Y454.49 Z41.93 nX0.000 nY0.000 nZ-1.000 E158568.65 F6000
G1 X572.54 Y454.12 Z41.94 nX0.000 nY0.000 nZ-1.000 E158571.00 F6000
G1 X571.56 Y453.82 Z41.94 nX0.000 nY0.000 nZ-1.000 E158573.35 F6000
G1 X570.56 Y453.61 Z41.94 nX0.000 nY0.000 nZ-1.000 E158575.70 F6000
G1 X569.54 Y453.48 Z41.94 nX0.000 nY0.000 nZ-1.000 E158578.05 F6000
G1 X568.40 Y453.43 Z41.94 nX0.000 nY0.000 nZ-1.000 E158580.68 F6000
G1 X529.12 Y453.43 Z41.96 nX0.000 nY0.000 nZ-1.000 E158670.78 F6000
G1 X527.97 Y453.48 Z41.96 nX0.000 nY0.000 nZ-1.000 E158673.40 F6000
G1 X526.96 Y453.61 Z41.96 nX0.000 nY0.000 nZ-1.000 E158675.75 F6000
G1 X525.96 Y453.82 Z41.96 nX0.000 nY0.000 nZ-1.000 E158678.10 F6000
G1 X524.98 Y454.12 Z41.97 nX0.000 nY0.000 nZ-1.000 E158680.45 F6000
G1 X524.02 Y454.49 Z41.97 nX0.000 nY0.000 nZ-1.000 E158682.80 F6000
G1 X523.11 Y454.95 Z41.97 nX0.000 nY0.000 nZ-1.000 E158685.15 F6000
G1 X522.23 Y455.48 Z41.97 nX0.000 nY0.000 nZ-1.000 E158687.50 F6000
G1 X521.31 Y456.16 Z41.97 nX0.000 nY0.000 nZ-1.000 E158690.13 F6000
G1 X479.58 Y489.35 Z42.00 nX0.000 nY0.000 nZ-1.000 E158812.44 F6000
G1 X477.20 Y490.93 Z42.00 nX0.000 nY0.000 nZ-1.000 E158818.98 F6000
G1 X474.35 Y492.16 Z42.01 nX0.000 nY0.000 nZ-1.000 E158826.10 F6000
G1 X471.33 Y492.89 Z42.01 nX0.000 nY0.000 nZ-1.000 E158833.23 F6000
G1 X468.48 Y493.06 Z42.01 nX0.000 nY0.000 nZ-1.000 E158839.77 F6000
G1 X304.56 Y488.77 Z42.11 nX0.000 nY0.000 nZ-1.000 E159215.90 F6000
G1 X304.56 Y492.62 Z42.11 nX0.000 nY0.000 nZ-1.000 E159224.74 F6000
G1 X306.51 Y492.62 Z42.12 nX0.000 nY0.000 nZ-1.000 E159229.22 F6000
G1 X306.51 Y492.82 Z42.12 nX0.000 nY0.000 nZ-1.000 E159229.67 F6000
G1 X468.55 Y497.07 Z42.22 nX0.000 nY0.000 nZ-1.000 E159601.49 F6000
G1 X471.92 Y496.86 Z42.22 nX0.000 nY0.000 nZ-1.000 E159609.24 F6000
G1 X475.62 Y495.97 Z42.22 nX0.000 nY0.000 nZ-1.000 E159617.97 F6000
G1 X479.11 Y494.45 Z42.22 nX0.000 nY0.000 nZ-1.000 E159626.70 F6000
G1 X481.93 Y492.59 Z42.23 nX0.000 nY0.000 nZ-1.000 E159634.45 F6000
G1 X523.73 Y459.34 Z42.26 nX0.000 nY0.000 nZ-1.000 E159756.97 F6000
G1 X524.45 Y458.81 Z42.26 nX0.000 nY0.000 nZ-1.000 E159759.02 F6000
G1 X525.04 Y458.46 Z42.26 nX0.000 nY0.000 nZ-1.000 E159760.59 F6000
G1 X525.66 Y458.15 Z42.26 nX0.000 nY0.000 nZ-1.000 E159762.17 F6000
G1 X526.30 Y457.90 Z42.26 nX0.000 nY0.000 nZ-1.000 E159763.75 F6000
G1 X526.95 Y457.70 Z42.26 nX0.000 nY0.000 nZ-1.000 E159765.33 F6000
G1 X527.63 Y457.55 Z42.26 nX0.000 nY0.000 nZ-1.000 E159766.90 F6000
G1 X528.31 Y457.47 Z42.26 nX0.000 nY0.000 nZ-1.000 E159768.48 F6000
G1 X529.20 Y457.43 Z42.26 nX0.000 nY0.000 nZ-1.000 E159770.53 F6000
G1 X568.31 Y457.43 Z42.29 nX0.000 nY0.000 nZ-1.000 E159860.25 F6000
G1 X569.21 Y457.47 Z42.29 nX0.000 nY0.000 nZ-1.000 E159862.30 F6000
G1 X569.89 Y457.55 Z42.29 nX0.000 nY0.000 nZ-1.000 E159863.87 F6000
G1 X570.56 Y457.70 Z42.29 nX0.000 nY0.000 nZ-1.000 E159865.45 F6000
G1 X571.22 Y457.90 Z42.29 nX0.000 nY0.000 nZ-1.000 E159867.03 F6000
G1 X571.86 Y458.15 Z42.29 nX0.000 nY0.000 nZ-1.000 E159868.61 F6000
G1 X572.48 Y458.46 Z42.29 nX0.000 nY0.000 nZ-1.000 E159870.18 F6000
G1 X573.06 Y458.81 Z42.29 nX0.000 nY0.000 nZ-1.000 E159871.76 F6000
G1 X573.79 Y459.34 Z42.29 nX0.000 nY0.000 nZ-1.000 E159873.81 F6000
G1 X615.59 Y492.59 Z42.33 nX0.000 nY0.000 nZ-1.000 E159996.33 F6000
G1 X618.40 Y494.45 Z42.33 nX0.000 nY0.000 nZ-1.000 E160004.08 F6000
G1 X621.89 Y495.97 Z42.33 nX0.000 nY0.000 nZ-1.000 E160012.81 F6000
G1 X625.60 Y496.86 Z42.33 nX0.000 nY0.000 nZ-1.000 E160021.54 F6000
G1 X628.97 Y497.07 Z42.34 nX0.000 nY0.000 nZ-1.000 E160029.28 F6000
G1 X791.01 Y492.82 Z42.44 nX0.000 nY0.000 nZ-1.000 E160401.10 F6000
G1 X791.01 Y492.62 Z42.44 nX0.000 nY0.000 nZ-1.000 E160401.56 F6000
G1 X792.96 Y492.62 Z42.44 nX0.000 nY0.000 nZ-1.000 E160406.04 F6000
G1 X792.96 Y488.77 Z42.44 nX0.000 nY0.000 nZ-1.000 E160414.88 F6000
G1 X701.27 Y491.17 Z42.50 nX0.000 nY0.000 nZ-1.000 E160625.27 F6000
;Layer 30
G1 X629.04 Y493.06 Z42.54 nX0.000 nY0.000 nZ-1.000 E160791.01 F6000
G1 X626.86 Y492.93 Z42.55 nX0.000 nY0.000 nZ-1.000 E160796.01 F6000
G1 X623.17 Y492.16 Z42.55 nX0.000 nY0.000 nZ-1.000 E160804.65 F6000
G1 X620.32 Y490.93 Z42.55 nX0.000 nY0.000 nZ-1.000 E160811.78 F6000
G1 X617.94 Y489.35 Z42.55 nX0.000 nY0.000 nZ-1.000 E160818.32 F6000
G1 X576.21 Y456.16 Z42.59 nX0.000 nY0.000 nZ-1.000 E160940.63 F6000
G1 X575.28 Y455.48 Z42.59 nX0.000 nY0.000 nZ-1.000 E160943.26 F6000
G1 X574.41 Y454.95 Z42.59 nX0.000 nY0.000 nZ-1.000 E160945.61 F6000
G1 X573.49 Y454.49 Z42.59 nX0.000 nY0.000 nZ-1.000 E160947.96 F6000
G1 X572.54 Y454.12 Z42.59 nX0.000 nY0.000 nZ-1.000 E160950.31 F6000
G1 X571.56 Y453.82 Z42.59 nX0.000 nY0.000 nZ-1.000 E160952.66 F6000
G1 X570.56 Y453.61 Z42.59 nX0.000 nY0.000 nZ-1.000 E160955.00 F6000
G1 X569.54 Y453.48 Z42.59 nX0.000 nY0.000 nZ-1.000 E160957.35 F6000
G1 X568.40 Y453.43 Z42.59 nX0.000 nY0.000 nZ-1.000 E160959.98 F6000
G1 X529.12 Y453.43 Z42.62 nX0.000 nY0.000 nZ-1.000 E161050.08 F6000
G1 X527.97 Y453.48 Z42.62 nX0.000 nY0.000 nZ-1.000 E161052.71 F6000
G1 X526.96 Y453.61 Z42.62 nX0.000 nY0.000 nZ-1.000 E161055.06 F6000
G1 X525.96 Y453.82 Z42.62 nX0.000 nY0.000 nZ-1.000 E161057.41 F6000
G1 X524.98 Y454.12 Z42.62 nX0.000 nY0.000 nZ-1.000 E161059.76 F6000
G1 X524.02 Y454.49 Z42.62 nX0.000 nY0.000 nZ-1.000 E161062.10 F6000
G1 X523.11 Y454.95 Z42.62 nX0.000 nY0.000 nZ-1.000 E161064.45 F6000
G1 X522.23 Y455.48 Z42.62 nX0.000 nY0.000 nZ-1.000 E161066.80 F6000
G1 X521.31 Y456.16 Z42.62 nX0.000 nY0.000 nZ-1.000 E161069.43 F6000
G1 X479.58 Y489.35 Z42.65 nX0.000 nY0.000 nZ-1.000 E161191.74 F6000
G1 X477.78 Y490.54 Z42.66 nX0.000 nY0.000 nZ-1.000 E161196.69 F6000
G1 X476.51 Y486.82 Z42.66 nX0.000 nY0.000 nZ-1.000 E161205.70 F6000
G1 X477.34 Y486.27 Z42.66 nX0.000 nY0.000 nZ-1.000 E161207.99 F6000
G1 X519.00 Y453.13 Z42.69 nX0.000 nY0.000 nZ-1.000 E161330.10 F6000
G1 X520.12 Y452.32 Z42.69 nX0.000 nY0.000 nZ-1.000 E161333.28 F6000
G1 X521.27 Y451.62 Z42.69 nX0.000 nY0.000 nZ-1.000 E161336.36 F6000
G1 X522.47 Y451.02 Z42.69 nX0.000 nY0.000 nZ-1.000 E161339.44 F6000
G1 X523.72 Y450.53 Z42.70 nX0.000 nY0.000 nZ-1.000 E161342.52 F6000
G1 X525.01 Y450.14 Z42.70 nX0.000 nY0.000 nZ-1.000 E161345.60 F6000
G1 X526.32 Y449.86 Z42.70 nX0.000 nY0.000 nZ-1.000 E161348.68 F6000
G1 X527.65 Y449.69 Z42.70 nX0.000 nY0.000 nZ-1.000 E161351.77 F6000
G1 X529.04 Y449.63 Z42.70 nX0.000 nY0.000 nZ-1.000 E161354.94 F6000
G1 X567.51 Y449.63 Z42.72 nX0.000 nY0.000 nZ-1.000 E161443.19 F6000
G1 X569.86 Y449.69 Z42.72 nX0.000 nY0.000 nZ-1.000 E161448.58 F6000
G1 X571.19 Y449.86 Z42.73 nX0.000 nY0.000 nZ-1.000 E161451.67 F6000
G1 X572.51 Y450.14 Z42.73 nX0.000 nY0.000 nZ-1.000 E161454.75 F6000
G1 X573.79 Y450.53 Z42.73 nX0.000 nY0.000 nZ-1.000 E161457.83 F6000
G1 X575.04 Y451.02 Z42.73 nX0.000 nY0.000 nZ-1.000 E161460.91 F6000
G1 X576.25 Y451.62 Z42.73 nX0.000 nY0.000 nZ-1.000 E161463.99 F6000
G1 X577.39 Y452.32 Z42.73 nX0.000 nY0.000 nZ-1.000 E161467.07 F6000
G1 X578.51 Y453.13 Z42.73 nX0.000 nY0.000 nZ-1.000 E161470.25 F6000
G1 X620.18 Y486.27 Z42.76 nX0.000 nY0.000 nZ-1.000 E161592.36 F6000
G1 X622.14 Y487.57 Z42.77 nX0.000 nY0.000 nZ-1.000 E161597.76 F6000
G1 X624.38 Y488.55 Z42.77 nX0.000 nY0.000 nZ-1.000 E161603.36 F6000
G1 X627.78 Y489.45 Z42.77 nX0.000 nY0.000 nZ-1.000 E161611.43 F6000
G1 X629.10 Y489.26 Z42.77 nX0.000 nY0.000 nZ-1.000 E161614.50 F6000
G1 X796.73 Y484.87 Z42.88 nX0.000 nY0.000 nZ-1.000 E161999.14 F6000
G1 X796.76 Y485.84 Z42.88 nX0.000 nY0.000 nZ-1.000 E162001.37 F6000
G1 X796.76 Y568.63 Z42.93 nX0.000 nY0.000 nZ-1.000 E162191.26 F6000
G1 X598.19 Y568.63 Z43.05 nX0.000 nY0.000 nZ-1.000 E162646.73 F6000
G1 X567.69 Y461.43 Z43.12 nX0.000 nY0.000 nZ-1.000 E162902.38 F6000
G1 X529.83 Y461.43 Z43.15 nX0.000 nY0.000 nZ-1.000 E162989.21 F6000
G1 X499.33 Y568.63 Z43.22 nX0.000 nY0.000 nZ-1.000 E163244.86 F6000
G1 X300.76 Y568.63 Z43.34 nX0.000 nY0.000 nZ-1.000 E163700.33 F6000
G1 X300.76 Y485.84 Z43.39 nX0.000 nY0.000 nZ-1.000 E163890.22 F6000
G1 X300.78 Y484.87 Z43.39 nX0.000 nY0.000 nZ-1.000 E163892.46 F6000
G1 X468.41 Y489.26 Z43.50 nX0.000 nY0.000 nZ-1.000 E164277.09 F6000
G1 X470.76 Y489.12 Z43.50 nX0.000 nY0.000 nZ-1.000 E164282.49 F6000
G1 X473.14 Y488.55 Z43.50 nX0.000 nY0.000 nZ-1.000 E164288.09 F6000
G1 X474.35 Y492.16 Z43.51 nX0.000 nY0.000 nZ-1.000 E164296.84 F6000
G1 X471.33 Y492.89 Z43.51 nX0.000 nY0.000 nZ-1.000 E164303.97 F6000
G1 X468.48 Y493.06 Z43.51 nX0.000 nY0.000 nZ-1.000 E164310.51 F6000
G1 X304.56 Y488.77 Z43.61 nX0.000 nY0.000 nZ-1.000 E164686.64 F6000
G1 X304.56 Y492.62 Z43.61 nX0.000 nY0.000 nZ-1.000 E164695.48 F6000
G1 X306.51 Y492.62 Z43.62 nX0.000 nY0.000 nZ-1.000 E164699.96 F6000
G1 X306.51 Y492.82 Z43.62 nX0.000 nY0.000 nZ-1.000 E164700.41 F6000
G1 X468.55 Y497.07 Z43.72 nX0.000 nY0.000 nZ-1.000 E165072.23 F6000
G1 X471.92 Y496.86 Z43.72 nX0.000 nY0.000 nZ-1.000 E165079.98 F6000
G1 X475.62 Y495.97 Z43.72 nX0.000 nY0.000 nZ-1.000 E165088.71 F6000
G1 X479.11 Y494.45 Z43.72 nX0.000 nY0.000 nZ-1.000 E165097.44 F6000
G1 X481.93 Y492.59 Z43.73 nX0.000 nY0.000 nZ-1.000 E165105.19 F6000
G1 X523.73 Y459.34 Z43.76 nX0.000 nY0.000 nZ-1.000 E165227.70 F6000
G1 X524.45 Y458.81 Z43.76 nX0.000 nY0.000 nZ-1.000 E165229.75 F6000
G1 X525.04 Y458.46 Z43.76 nX0.000 nY0.000 nZ-1.000 E165231.33 F6000
G1 X525.66 Y458.15 Z43.76 nX0.000 nY0.000 nZ-1.000 E165232.91 F6000
G1 X526.30 Y457.90 Z43.76 nX0.000 nY0.000 nZ-1.000 E165234.49 F6000
G1 X526.95 Y457.70 Z43.76 nX0.000 nY0.000 nZ-1.000 E165236.06 F6000
G1 X527.63 Y457.55 Z43.76 nX0.000 nY0.000 nZ-1.000 E165237.64 F6000
G1 X528.31 Y457.47 Z43.76 nX0.000 nY0.000 nZ-1.000 E165239.22 F6000
G1 X529.20 Y457.43 Z43.76 nX0.000 nY0.000 nZ-1.000 E165241.27 F6000
G1 X568.31 Y457.43 Z43.79 nX0.000 nY0.000 nZ-1.000 E165330.98 F6000
G1 X569.21 Y457.47 Z43.79 nX0.000 nY0.000 nZ-1.000 E165333.03 F6000
G1 X569.89 Y457.55 Z43.79 nX0.000 nY0.000 nZ-1.000 E165334.61 F6000
G1 X570.56 Y457.70 Z43.79 nX0.000 nY0.000 nZ-1.000 E165336.19 F6000
G1 X571.22 Y457.90 Z43.79 nX0.000 nY0.000 nZ-1.000 E165337.77 F6000
G1 X571.86 Y458.15 Z43.79 nX0.000 nY0.000 nZ-1.000 E165339.34 F6000
G1 X572.48 Y458.46 Z43.79 nX0.000 nY0.000 nZ-1.000 E165340.92 F6000
G1 X573.06 Y458.81 Z43.79 nX0.000 nY0.000 nZ-1.000 E165342.50 F6000
G1 X573.79 Y459.34 Z43.79 nX0.000 nY0.000 nZ-1.000 E165344.55 F6000
G1 X615.59 Y492.59 Z43.83 nX0.000 nY0.000 nZ-1.000 E165467.07 F6000
G1 X618.40 Y494.45 Z43.83 nX0.000 nY0.000 nZ-1.000 E165474.81 F6000
G1 X621.89 Y495.97 Z43.83 nX0.000 nY0.000 nZ-1.000 E165483.54 F6000
G1 X625.60 Y496.86 Z43.83 nX0.000 nY0.000 nZ-1.000 E165492.28 F6000
G1 X628.97 Y497.07 Z43.84 nX0.000 nY0.000 nZ-1.000 E165500.02 F6000
G1 X791.01 Y492.82 Z43.94 nX0.000 nY0.000 nZ-1.000 E165871.84 F6000
G1 X791.01 Y492.62 Z43.94 nX0.000 nY0.000 nZ-1.000 E165872.30 F6000
G1 X792.96 Y492.62 Z43.94 nX0.000 nY0.000 nZ-1.000 E165876.78 F6000
G1 X792.96 Y488.77 Z43.94 nX0.000 nY0.000 nZ-1.000 E165885.62 F6000
G1 X701.27 Y491.17 Z44.00 nX0.000 nY0.000 nZ-1.000 E166096.01 F6000
;Layer 31
G1 X629.04 Y493.06 Z44.04 nX0.000 nY0.000 nZ-1.000 E166261.74 F6000
G1 X626.19 Y492.89 Z44.05 nX0.000 nY0.000 nZ-1.000 E166268.29 F6000
G1 X623.17 Y492.16 Z44.05 nX0.000 nY0.000 nZ-1.000 E166275.41 F6000
G1 X620.32 Y490.93 Z44.05 nX0.000 nY0.000 nZ-1.000 E166282.54 F6000
G1 X617.94 Y489.35 Z44.05 nX0.000 nY0.000 nZ-1.000 E166289.08 F6000
G1 X576.21 Y456.16 Z44.09 nX0.000 nY0.000 nZ-1.000 E166411.39 F6000
G1 X575.28 Y455.48 Z44.09 nX0.000 nY0.000 nZ-1.000 E166414.02 F6000
G1 X574.41 Y454.95 Z44.09 nX0.000 nY0.000 nZ-1.000 E166416.37 F6000
G1 X573.49 Y454.49 Z44.09 nX0.000 nY0.000 nZ-1.000 E166418.72 F6000
G1 X572.54 Y454.12 Z44.09 nX0.000 nY0.000 nZ-1.000 E166421.06 F6000
G1 X571.56 Y453.82 Z44.09 nX0.000 nY0.000 nZ-1.000 E166423.41 F6000
G1 X570.56 Y453.61 Z44.09 nX0.000 nY0.000 nZ-1.000 E166425.76 F6000
G1 X569.54 Y453.48 Z44.09 nX0.000 nY0.000 nZ-1.000 E166428.11 F6000
G1 X568.40 Y453.43 Z44.09 nX0.000 nY0.000 nZ-1.000 E166430.74 F6000
G1 X529.12 Y453.43 Z44.12 nX0.000 nY0.000 nZ-1.000 E166520.84 F6000
G1 X527.97 Y453.48 Z44.12 nX0.000 nY0.000 nZ-1.000 E166523.47 F6000
G1 X526.96 Y453.61 Z44.12 nX0.000 nY0.000 nZ-1.000 E166525.82 F6000
G1 X525.96 Y453.82 Z44.12 nX0.000 nY0.000 nZ-1.000 E166528.16 F6000
G1 X524.98 Y454.12 Z44.12 nX0.000 nY0.000 nZ-1.000 E166530.51 F6000
G1 X524.02 Y454.49 Z44.12 nX0.000 nY0.000 nZ-1.000 E166532.86 F6000
G1 X523.11 Y454.95 Z44.12 nX0.000 nY0.000 nZ-1.000 E166535.21 F6000
G1 X522.23 Y455.48 Z44.12 nX0.000 nY0.000 nZ-1.000 E166537.56 F6000
G1 X521.31 Y456.16 Z44.12 nX0.000 nY0.000 nZ-1.000 E166540.19 F6000
G1 X479.58 Y489.35 Z44.15 nX0.000 nY0.000 nZ-1.000 E166662.50 F6000
G1 X477.78 Y490.54 Z44.16 nX0.000 nY0.000 nZ-1.000 E166667.45 F6000
G1 X476.51 Y486.82 Z44.16 nX0.000 nY0.000 nZ-1.000 E166676.46 F6000
G1 X477.34 Y486.27 Z44.16 nX0.000 nY0.000 nZ-1.000 E166678.74 F6000
G1 X519.00 Y453.13 Z44.19 nX0.000 nY0.000 nZ-1.000 E166800.86 F6000
G1 X520.12 Y452.32 Z44.19 nX0.000 nY0.000 nZ-1.000 E166804.03 F6000
G1 X521.27 Y451.62 Z44.19 nX0.000 nY0.000 nZ-1.000 E166807.12 F6000
G1 X522.47 Y451.02 Z44.19 nX0.000 nY0.000 nZ-1.000 E166810.20 F6000
G1 X523.72 Y450.53 Z44.20 nX0.000 nY0.000 nZ-1.000 E166813.28 F6000
G1 X525.01 Y450.14 Z44.20 nX0.000 nY0.000 nZ-1.000 E166816.36 F6000
G1 X526.32 Y449.86 Z44.20 nX0.000 nY0.000 nZ-1.000 E166819.44 F6000
G1 X527.65 Y449.69 Z44.20 nX0.000 nY0.000 nZ-1.000 E166822.52 F6000
G1 X529.04 Y449.63 Z44.20 nX0.000 nY0.000 nZ-1.000 E166825.70 F6000
G1 X567.51 Y449.63 Z44.22 nX0.000 nY0.000 nZ-1.000 E166913.95 F6000
G1 X569.86 Y449.69 Z44.22 nX0.000 nY0.000 nZ-1.000 E166919.34 F6000
G1 X571.19 Y449.86 Z44.23 nX0.000 nY0.000 nZ-1.000 E166922.42 F6000
G1 X572.51 Y450.14 Z44.23 nX0.000 nY0.000 nZ-1.000 E166925.50 F6000
G1 X573.79 Y450.53 Z44.23 nX0.000 nY0.000 nZ-1.000 E166928.59 F6000
G1 X575.04 Y451.02 Z44.23 nX0.000 nY0.000 nZ-1.000 E166931.67 F6000
G1 X576.25 Y451.62 Z44.23 nX0.000 nY0.000 nZ-1.000 E166934.75 F6000
G1 X577.39 Y452.32 Z44.23 nX0.000 nY0.000 nZ-1.000 E166937.83 F6000
G1 X578.51 Y453.13 Z44.23 nX0.000 nY0.000 nZ-1.000 E166941.01 F6000
G1 X620.18 Y486.27 Z44.26 nX0.000 nY0.000 nZ-1.000 E167063.12 F6000
G1 X622.14 Y487.57 Z44.27 nX0.000 nY0.000 nZ-1.000 E167068.52 F6000
G1 X624.38 Y488.55 Z44.27 nX0.000 nY0.000 nZ-1.000 E167074.12 F6000
G1 X626.75 Y489.12 Z44.27 nX0.000 nY0.000 nZ-1.000 E167079.72 F6000
G1 X629.10 Y489.26 Z44.27 nX0.000 nY0.000 nZ-1.000 E167085.12 F6000
G1 X796.73 Y484.87 Z44.38 nX0.000 nY0.000 nZ-1.000 E167469.76 F6000
G1 X796.76 Y485.84 Z44.38 nX0.000 nY0.000 nZ-1.000 E167471.99 F6000
G1 X796.76 Y568.63 Z44.43 nX0.000 nY0.000 nZ-1.000 E167661.88 F6000
G1 X598.19 Y568.63 Z44.55 nX0.000 nY0.000 nZ-1.000 E168117.35 F6000
G1 X567.69 Y461.43 Z44.62 nX0.000 nY0.000 nZ-1.000 E168373.00 F6000
G1 X529.83 Y461.43 Z44.65 nX0.000 nY0.000 nZ-1.000 E168459.83 F6000
G1 X499.33 Y568.63 Z44.72 nX0.000 nY0.000 nZ-1.000 E168715.48 F6000
G1 X300.76 Y568.63 Z44.84 nX0.000 nY0.000 nZ-1.000 E169170.95 F6000
G1 X300.76 Y485.84 Z44.89 nX0.000 nY0.000 nZ-1.000 E169360.84 F6000
G1 X300.78 Y484.87 Z44.89 nX0.000 nY0.000 nZ-1.000 E169363.07 F6000
G1 X468.41 Y489.26 Z45.00 nX0.000 nY0.000 nZ-1.000 E169747.71 F6000
G1 X470.76 Y489.12 Z45.00 nX0.000 nY0.000 nZ-1.000 E169753.11 F6000
G1 X473.14 Y488.55 Z45.00 nX0.000 nY0.000 nZ-1.000 E169758.71 F6000
G1 X474.35 Y492.16 Z45.01 nX0.000 nY0.000 nZ-1.000 E169767.46 F6000
G1 X471.33 Y492.89 Z45.01 nX0.000 nY0.000 nZ-1.000 E169774.59 F6000
G1 X468.48 Y493.06 Z45.01 nX0.000 nY0.000 nZ-1.000 E169781.13 F6000
G1 X304.56 Y488.77 Z45.11 nX0.000 nY0.000 nZ-1.000 E170157.26 F6000
G1 X304.56 Y492.62 Z45.11 nX0.000 nY0.000 nZ-1.000 E170166.09 F6000
G1 X306.51 Y492.62 Z45.12 nX0.000 nY0.000 nZ-1.000 E170170.57 F6000
G1 X306.51 Y492.82 Z45.12 nX0.000 nY0.000 nZ-1.000 E170171.03 F6000
G1 X468.55 Y497.07 Z45.22 nX0.000 nY0.000 nZ-1.000 E170542.85 F6000
G1 X471.92 Y496.86 Z45.22 nX0.000 nY0.000 nZ-1.000 E170550.60 F6000
G1 X475.62 Y495.97 Z45.22 nX0.000 nY0.000 nZ-1.000 E170559.33 F6000
G1 X479.11 Y494.45 Z45.22 nX0.000 nY0.000 nZ-1.000 E170568.06 F6000
G1 X481.93 Y492.59 Z45.23 nX0.000 nY0.000 nZ-1.000 E170575.80 F6000
G1 X523.73 Y459.34 Z45.26 nX0.000 nY0.000 nZ-1.000 E170698.32 F6000
G1 X524.45 Y458.81 Z45.26 nX0.000 nY0.000 nZ-1.000 E170700.37 F6000
G1 X525.04 Y458.46 Z45.26 nX0.000 nY0.000 nZ-1.000 E170701.95 F6000
G1 X525.66 Y458.15 Z45.26 nX0.000 nY0.000 nZ-1.000 E170703.53 F6000
G1 X526.30 Y457.90 Z45.26 nX0.000 nY0.000 nZ-1.000 E170705.10 F6000
G1 X526.95 Y457.70 Z45.26 nX0.000 nY0.000 nZ-1.000 E170706.68 F6000
G1 X527.63 Y457.55 Z45.26 nX0.000 nY0.000 nZ-1.000 E170708.26 F6000
G1 X528.31 Y457.47 Z45.26 nX0.000 nY0.000 nZ-1.000 E170709.84 F6000
G1 X529.20 Y457.43 Z45.26 nX0.000 nY0.000 nZ-1.000 E170711.89 F6000
G1 X568.31 Y457.43 Z45.29 nX0.000 nY0.000 nZ-1.000 E170801.60 F6000
G1 X569.21 Y457.47 Z45.29 nX0.000 nY0.000 nZ-1.000 E170803.65 F6000
G1 X569.89 Y457.55 Z45.29 nX0.000 nY0.000 nZ-1.000 E170805.23 F6000
G1 X570.56 Y457.70 Z45.29 nX0.000 nY0.000 nZ-1.000 E170806.81 F6000
G1 X571.22 Y457.90 Z45.29 nX0.000 nY0.000 nZ-1.000 E170808.38 F6000
G1 X571.86 Y458.15 Z45.29 nX0.000 nY0.000 nZ-1.000 E170809.96 F6000
G1 X572.48 Y458.46 Z45.29 nX0.000 nY0.000 nZ-1.000 E170811.54 F6000
G1 X573.06 Y458.81 Z45.29 nX0.000 nY0.000 nZ-1.000 E170813.12 F6000
G1 X573.79 Y459.34 Z45.29 nX0.000 nY0.000 nZ-1.000 E170815.17 F6000
G1 X615.59 Y492.59 Z45.33 nX0.000 nY0.000 nZ-1.000 E170937.68 F6000
G1 X618.40 Y494.45 Z45.33 nX0.000 nY0.000 nZ-1.000 E170945.43 F6000
G1 X621.89 Y495.97 Z45.33 nX0.000 nY0.000 nZ-1.000 E170954.16 F6000
G1 X625.60 Y496.86 Z45.33 nX0.000 nY0.000 nZ-1.000 E170962.89 F6000
G1 X628.97 Y497.07 Z45.34 nX0.000 nY0.000 nZ-1.000 E170970.64 F6000
G1 X791.01 Y492.82 Z45.44 nX0.000 nY0.000 nZ-1.000 E171342.46 F6000
G1 X791.01 Y492.62 Z45.44 nX0.000 nY0.000 nZ-1.000 E171342.91 F6000
G1 X792.96 Y492.62 Z45.44 nX0.000 nY0.000 nZ-1.000 E171347.39 F6000
G1 X792.96 Y488.77 Z45.44 nX0.000 nY0.000 nZ-1.000 E171356.23 F6000
G1 X701.27 Y491.17 Z45.50 nX0.000 nY0.000 nZ-1.000 E171566.62 F6000
;Layer 32
G1 X629.04 Y493.06 Z45.54 nX0.000 nY0.000 nZ-1.000 E171732.36 F6000
G1 X626.88 Y492.93 Z45.55 nX0.000 nY0.000 nZ-1.000 E171737.31 F6000
G1 X628.11 Y489.20 Z45.55 nX0.000 nY0.000 nZ-1.000 E171746.32 F6000
G1 X629.10 Y489.26 Z45.55 nX0.000 nY0.000 nZ-1.000 E171748.61 F6000
G1 X796.73 Y484.87 Z45.65 nX0.000 nY0.000 nZ-1.000 E172133.24 F6000
G1 X796.76 Y485.84 Z45.65 nX0.000 nY0.000 nZ-1.000 E172135.48 F6000
G1 X796.76 Y568.63 Z45.71 nX0.000 nY0.000 nZ-1.000 E172325.37 F6000
G1 X598.19 Y568.63 Z45.83 nX0.000 nY0.000 nZ-1.000 E172780.83 F6000
G1 X567.69 Y461.43 Z45.90 nX0.000 nY0.000 nZ-1.000 E173036.49 F6000
G1 X529.83 Y461.43 Z45.93 nX0.000 nY0.000 nZ-1.000 E173123.31 F6000
G1 X499.33 Y568.63 Z46.00 nX0.000 nY0.000 nZ-1.000 E173378.97 F6000
G1 X300.76 Y568.63 Z46.12 nX0.000 nY0.000 nZ-1.000 E173834.44 F6000
G1 X300.76 Y485.84 Z46.17 nX0.000 nY0.000 nZ-1.000 E174024.33 F6000
G1 X300.78 Y484.87 Z46.17 nX0.000 nY0.000 nZ-1.000 E174026.56 F6000
G1 X468.41 Y489.26 Z46.28 nX0.000 nY0.000 nZ-1.000 E174411.20 F6000
G1 X470.76 Y489.12 Z46.28 nX0.000 nY0.000 nZ-1.000 E174416.60 F6000
G1 X473.14 Y488.55 Z46.28 nX0.000 nY0.000 nZ-1.000 E174422.20 F6000
G1 X475.97 Y487.37 Z46.28 nX0.000 nY0.000 nZ-1.000 E174429.23 F6000
G1 X477.34 Y486.27 Z46.28 nX0.000 nY0.000 nZ-1.000 E174433.26 F6000
G1 X519.00 Y453.13 Z46.32 nX0.000 nY0.000 nZ-1.000 E174555.37 F6000
G1 X520.12 Y452.32 Z46.32 nX0.000 nY0.000 nZ-1.000 E174558.55 F6000
G1 X521.27 Y451.62 Z46.32 nX0.000 nY0.000 nZ-1.000 E174561.63 F6000
G1 X522.47 Y451.02 Z46.32 nX0.000 nY0.000 nZ-1.000 E174564.71 F6000
G1 X523.72 Y450.53 Z46.32 nX0.000 nY0.000 nZ-1.000 E174567.79 F6000
G1 X525.01 Y450.14 Z46.32 nX0.000 nY0.000 nZ-1.000 E174570.87 F6000
G1 X526.32 Y449.86 Z46.32 nX0.000 nY0.000 nZ-1.000 E174573.95 F6000
G1 X527.65 Y449.69 Z46.32 nX0.000 nY0.000 nZ-1.000 E174577.04 F6000
G1 X529.04 Y449.63 Z46.32 nX0.000 nY0.000 nZ-1.000 E174580.21 F6000
G1 X567.51 Y449.63 Z46.35 nX0.000 nY0.000 nZ-1.000 E174668.46 F6000
G1 X569.86 Y449.69 Z46.35 nX0.000 nY0.000 nZ-1.000 E174673.85 F6000
G1 X571.19 Y449.86 Z46.35 nX0.000 nY0.000 nZ-1.000 E174676.94 F6000
G1 X572.51 Y450.14 Z46.35 nX0.000 nY0.000 nZ-1.000 E174680.02 F6000
G1 X573.79 Y450.53 Z46.35 nX0.000 nY0.000 nZ-1.000 E174683.10 F6000
G1 X575.04 Y451.02 Z46.35 nX0.000 nY0.000 nZ-1.000 E174686.18 F6000
G1 X576.25 Y451.62 Z46.35 nX0.000 nY0.000 nZ-1.000 E174689.26 F6000
G1 X577.39 Y452.32 Z46.36 nX0.000 nY0.000 nZ-1.000 E174692.34 F6000
G1 X578.51 Y453.13 Z46.36 nX0.000 nY0.000 nZ-1.000 E174695.52 F6000
G1 X620.18 Y486.27 Z46.39 nX0.000 nY0.000 nZ-1.000 E174817.63 F6000
G1 X622.14 Y487.57 Z46.39 nX0.000 nY0.000 nZ-1.000 E174823.03 F6000
G1 X624.38 Y488.55 Z46.39 nX0.000 nY0.000 nZ-1.000 E174828.63 F6000
G1 X623.17 Y492.16 Z46.40 nX0.000 nY0.000 nZ-1.000 E174837.38 F6000
G1 X620.32 Y490.93 Z46.40 nX0.000 nY0.000 nZ-1.000 E174844.51 F6000
G1 X617.94 Y489.35 Z46.40 nX0.000 nY0.000 nZ-1.000 E174851.05 F6000
G1 X576.21 Y456.16 Z46.43 nX0.000 nY0.000 nZ-1.000 E174973.36 F6000
G1 X575.28 Y455.48 Z46.43 nX0.000 nY0.000 nZ-1.000 E174975.99 F6000
G1 X574.41 Y454.95 Z46.43 nX0.000 nY0.000 nZ-1.000 E174978.34 F6000
G1 X573.49 Y454.49 Z46.43 nX0.000 nY0.000 nZ-1.000 E174980.69 F6000
G1 X572.54 Y454.12 Z46.44 nX0.000 nY0.000 nZ-1.000 E174983.04 F6000
G1 X571.56 Y453.82 Z46.44 nX0.000 nY0.000 nZ-1.000 E174985.38 F6000
G1 X570.56 Y453.61 Z46.44 nX0.000 nY0.000 nZ-1.000 E174987.73 F6000
G1 X569.54 Y453.48 Z46.44 nX0.000 nY0.000 nZ-1.000 E174990.08 F6000
G1 X568.40 Y453.43 Z46.44 nX0.000 nY0.000 nZ-1.000 E174992.71 F6000
G1 X529.12 Y453.43 Z46.46 nX0.000 nY0.000 nZ-1.000 E175082.81 F6000
G1 X527.97 Y453.48 Z46.46 nX0.000 nY0.000 nZ-1.000 E175085.44 F6000
G1 X526.96 Y453.61 Z46.46 nX0.000 nY0.000 nZ-1.000 E175087.79 F6000
G1 X525.96 Y453.82 Z46.46 nX0.000 nY0.000 nZ-1.000 E175090.13 F6000
G1 X524.98 Y454.12 Z46.47 nX0.000 nY0.000 nZ-1.000 E175092.48 F6000
G1 X524.02 Y454.49 Z46.47 nX0.000 nY0.000 nZ-1.000 E175094.83 F6000
G1 X523.11 Y454.95 Z46.47 nX0.000 nY0.000 nZ-1.000 E175097.18 F6000
G1 X522.23 Y455.48 Z46.47 nX0.000 nY0.000 nZ-1.000 E175099.53 F6000
G1 X521.31 Y456.16 Z46.47 nX0.000 nY0.000 nZ-1.000 E175102.16 F6000
G1 X479.58 Y489.35 Z46.50 nX0.000 nY0.000 nZ-1.000 E175224.47 F6000
G1 X477.39 Y490.80 Z46.50 nX0.000 nY0.000 nZ-1.000 E175230.49 F6000
G1 X474.35 Y492.16 Z46.51 nX0.000 nY0.000 nZ-1.000 E175238.13 F6000
G1 X471.33 Y492.89 Z46.51 nX0.000 nY0.000 nZ-1.000 E175245.25 F6000
G1 X468.48 Y493.06 Z46.51 nX0.000 nY0.000 nZ-1.000 E175251.80 F6000
G1 X304.56 Y488.77 Z46.61 nX0.000 nY0.000 nZ-1.000 E175627.93 F6000
G1 X304.56 Y492.62 Z46.61 nX0.000 nY0.000 nZ-1.000 E175636.76 F6000
G1 X306.51 Y492.62 Z46.62 nX0.000 nY0.000 nZ-1.000 E175641.24 F6000
G1 X306.51 Y492.82 Z46.62 nX0.000 nY0.000 nZ-1.000 E175641.70 F6000
G1 X468.55 Y497.07 Z46.72 nX0.000 nY0.000 nZ-1.000 E176013.52 F6000
G1 X471.92 Y496.86 Z46.72 nX0.000 nY0.000 nZ-1.000 E176021.26 F6000
G1 X475.62 Y495.97 Z46.72 nX0.000 nY0.000 nZ-1.000 E176030.00 F6000
G1 X479.11 Y494.45 Z46.72 nX0.000 nY0.000 nZ-1.000 E176038.73 F6000
G1 X481.93 Y492.59 Z46.73 nX0.000 nY0.000 nZ-1.000 E176046.47 F6000
G1 X523.73 Y459.34 Z46.76 nX0.000 nY0.000 nZ-1.000 E176168.99 F6000
G1 X524.45 Y458.81 Z46.76 nX0.000 nY0.000 nZ-1.000 E176171.04 F6000
G1 X525.04 Y458.46 Z46.76 nX0.000 nY0.000 nZ-1.000 E176172.62 F6000
G1 X525.66 Y458.15 Z46.76 nX0.000 nY0.000 nZ-1.000 E176174.20 F6000
G1 X526.30 Y457.90 Z46.76 nX0.000 nY0.000 nZ-1.000 E176175.77 F6000
G1 X526.95 Y457.70 Z46.76 nX0.000 nY0.000 nZ-1.000 E176177.35 F6000
G1 X527.63 Y457.55 Z46.76 nX0.000 nY0.000 nZ-1.000 E176178.93 F6000
G1 X528.31 Y457.47 Z46.76 nX0.000 nY0.000 nZ-1.000 E176180.51 F6000
G1 X529.20 Y457.43 Z46.76 nX0.000 nY0.000 nZ-1.000 E176182.56 F6000
G1 X568.31 Y457.43 Z46.79 nX0.000 nY0.000 nZ-1.000 E176272.27 F6000
G1 X569.21 Y457.47 Z46.79 nX0.000 nY0.000 nZ-1.000 E176274.32 F6000
G1 X569.89 Y457.55 Z46.79 nX0.000 nY0.000 nZ-1.000 E176275.90 F6000
G1 X570.56 Y457.70 Z46.79 nX0.000 nY0.000 nZ-1.000 E176277.48 F6000
G1 X571.22 Y457.90 Z46.79 nX0.000 nY0.000 nZ-1.000 E176279.05 F6000
G1 X571.86 Y458.15 Z46.79 nX0.000 nY0.000 nZ-1.000 E176280.63 F6000
G1 X572.48 Y458.46 Z46.79 nX0.000 nY0.000 nZ-1.000 E176282.21 F6000
G1 X573.06 Y458.81 Z46.79 nX0.000 nY0.000 nZ-1.000 E176283.79 F6000
G1 X573.79 Y459.34 Z46.79 nX0.000 nY0.000 nZ-1.000 E176285.84 F6000
G1 X615.59 Y492.59 Z46.83 nX0.000 nY0.000 nZ-1.000 E176408.35 F6000
G1 X618.40 Y494.45 Z46.83 nX0.000 nY0.000 nZ-1.000 E176416.10 F6000
G1 X621.89 Y495.97 Z46.83 nX0.000 nY0.000 nZ-1.000 E176424.83 F6000
G1 X625.60 Y496.86 Z46.83 nX0.000 nY0.000 nZ-1.000 E176433.56 F6000
G1 X628.97 Y497.07 Z46.84 nX0.000 nY0.000 nZ-1.000 E176441.31 F6000
G1 X791.01 Y492.82 Z46.94 nX0.000 nY0.000 nZ-1.000 E176813.13 F6000
G1 X791.01 Y492.62 Z46.94 nX0.000 nY0.000 nZ-1.000 E176813.58 F6000
G1 X792.96 Y492.62 Z46.94 nX0.000 nY0.000 nZ-1.000 E176818.06 F6000
G1 X792.96 Y488.77 Z46.94 nX0.000 nY0.000 nZ-1.000 E176826.90 F6000
G1 X701.27 Y491.17 Z47.00 nX0.000 nY0.000 nZ-1.000 E177037.29 F6000
;Layer 33
G1 X629.04 Y493.06 Z47.04 nX0.000 nY0.000 nZ-1.000 E177203.03 F6000
G1 X626.88 Y492.93 Z47.05 nX0.000 nY0.000 nZ-1.000 E177207.98 F6000
G1 X628.11 Y489.20 Z47.05 nX0.000 nY0.000 nZ-1.000 E177216.99 F6000
G1 X629.10 Y489.26 Z47.05 nX0.000 nY0.000 nZ-1.000 E177219.28 F6000
G1 X796.73 Y484.87 Z47.15 nX0.000 nY0.000 nZ-1.000 E177603.91 F6000
G1 X796.76 Y485.84 Z47.15 nX0.000 nY0.000 nZ-1.000 E177606.15 F6000
G1 X796.76 Y568.63 Z47.21 nX0.000 nY0.000 nZ-1.000 E177796.04 F6000
G1 X598.19 Y568.63 Z47.33 nX0.000 nY0.000 nZ-1.000 E178251.50 F6000
G1 X567.69 Y461.43 Z47.40 nX0.000 nY0.000 nZ-1.000 E178507.16 F6000
G1 X529.83 Y461.43 Z47.43 nX0.000 nY0.000 nZ-1.000 E178593.98 F6000
G1 X499.33 Y568.63 Z47.50 nX0.000 nY0.000 nZ-1.000 E178849.64 F6000
G1 X300.76 Y568.63 Z47.62 nX0.000 nY0.000 nZ-1.000 E179305.11 F6000
G1 X300.76 Y485.84 Z47.67 nX0.000 nY0.000 nZ-1.000 E179495.00 F6000
G1 X300.78 Y484.87 Z47.67 nX0.000 nY0.000 nZ-1.000 E179497.23 F6000
G1 X468.41 Y489.26 Z47.78 nX0.000 nY0.000 nZ-1.000 E179881.87 F6000
G1 X470.76 Y489.12 Z47.78 nX0.000 nY0.000 nZ-1.000 E179887.27 F6000
G1 X473.14 Y488.55 Z47.78 nX0.000 nY0.000 nZ-1.000 E179892.87 F6000
G1 X475.38 Y487.57 Z47.78 nX0.000 nY0.000 nZ-1.000 E179898.47 F6000
G1 X477.34 Y486.27 Z47.78 nX0.000 nY0.000 nZ-1.000 E179903.87 F6000
G1 X519.00 Y453.13 Z47.82 nX0.000 nY0.000 nZ-1.000 E180025.98 F6000
G1 X520.12 Y452.32 Z47.82 nX0.000 nY0.000 nZ-1.000 E180029.16 F6000
G1 X521.27 Y451.62 Z47.82 nX0.000 nY0.000 nZ-1.000 E180032.24 F6000
G1 X522.47 Y451.02 Z47.82 nX0.000 nY0.000 nZ-1.000 E180035.32 F6000
G1 X523.72 Y450.53 Z47.82 nX0.000 nY0.000 nZ-1.000 E180038.40 F6000
G1 X525.01 Y450.14 Z47.82 nX0.000 nY0.000 nZ-1.000 E180041.48 F6000
G1 X526.32 Y449.86 Z47.82 nX0.000 nY0.000 nZ-1.000 E180044.56 F6000
G1 X527.65 Y449.69 Z47.82 nX0.000 nY0.000 nZ-1.000 E180047.65 F6000
G1 X529.04 Y449.63 Z47.82 nX0.000 nY0.000 nZ-1.000 E180050.82 F6000
G1 X567.51 Y449.63 Z47.85 nX0.000 nY0.000 nZ-1.000 E180139.07 F6000
G1 X569.86 Y449.69 Z47.85 nX0.000 nY0.000 nZ-1.000 E180144.46 F6000
G1 X571.19 Y449.86 Z47.85 nX0.000 nY0.000 nZ-1.000 E180147.55 F6000
G1 X572.51 Y450.14 Z47.85 nX0.000 nY0.000 nZ-1.000 E180150.63 F6000
G1 X573.79 Y450.53 Z47.85 nX0.000 nY0.000 nZ-1.000 E180153.71 F6000
G1 X575.04 Y451.02 Z47.85 nX0.000 nY0.000 nZ-1.000 E180156.79 F6000
G1 X576.25 Y451.62 Z47.85 nX0.000 nY0.000 nZ-1.000 E180159.87 F6000
G1 X577.39 Y452.32 Z47.86 nX0.000 nY0.000 nZ-1.000 E180162.95 F6000
G1 X578.51 Y453.13 Z47.86 nX0.000 nY0.000 nZ-1.000 E180166.13 F6000
G1 X620.18 Y486.27 Z47.89 nX0.000 nY0.000 nZ-1.000 E180288.24 F6000
G1 X622.14 Y487.57 Z47.89 nX0.000 nY0.000 nZ-1.000 E180293.64 F6000
G1 X624.38 Y488.55 Z47.89 nX0.000 nY0.000 nZ-1.000 E180299.24 F6000
G1 X623.17 Y492.16 Z47.90 nX0.000 nY0.000 nZ-1.000 E180307.99 F6000
G1 X620.32 Y490.93 Z47.90 nX0.000 nY0.000 nZ-1.000 E180315.12 F6000
G1 X617.94 Y489.35 Z47.90 nX0.000 nY0.000 nZ-1.000 E180321.66 F6000
G1 X576.21 Y456.16 Z47.93 nX0.000 nY0.000 nZ-1.000 E180443.97 F6000
G1 X575.28 Y455.48 Z47.93 nX0.000 nY0.000 nZ-1.000 E180446.60 F6000
G1 X574.41 Y454.95 Z47.93 nX0.000 nY0.000 nZ-1.000 E180448.95 F6000
G1 X573.49 Y454.49 Z47.93 nX0.000 nY0.000 nZ-1.000 E180451.30 F6000
G1 X572.54 Y454.12 Z47.94 nX0.000 nY0.000 nZ-1.000 E180453.65 F6000
G1 X571.56 Y453.82 Z47.94 nX0.000 nY0.000 nZ-1.000 E180455.99 F6000
G1 X570.56 Y453.61 Z47.94 nX0.000 nY0.000 nZ-1.000 E180458.34 F6000
G1 X569.54 Y453.48 Z47.94 nX0.000 nY0.000 nZ-1.000 E180460.69 F6000
G1 X568.40 Y453.43 Z47.94 nX0.000 nY0.000 nZ-1.000 E180463.32 F6000
G1 X529.12 Y453.43 Z47.96 nX0.000 nY0.000 nZ-1.000 E180553.42 F6000
G1 X527.97 Y453.48 Z47.96 nX0.000 nY0.000 nZ-1.000 E180556.05 F6000
G1 X526.96 Y453.61 Z47.96 nX0.000 nY0.000 nZ-1.000 E180558.40 F6000
G1 X525.96 Y453.82 Z47.96 nX0.000 nY0.000 nZ-1.000 E180560.74 F6000
G1 X524.98 Y454.12 Z47.97 nX0.000 nY0.000 nZ-1.000 E180563.09 F6000
G1 X524.02 Y454.49 Z47.97 nX0.000 nY0.000 nZ-1.000 E180565.44 F6000
G1 X523.11 Y454.95 Z47.97 nX0.000 nY0.000 nZ-1.000 E180567.79 F6000
G1 X522.23 Y455.48 Z47.97 nX0.000 nY0.000 nZ-1.000 E180570.14 F6000
G1 X521.31 Y456.16 Z47.97 nX0.000 nY0.000 nZ-1.000 E180572.77 F6000
G1 X479.58 Y489.35 Z48.00 nX0.000 nY0.000 nZ-1.000 E180695.08 F6000
G1 X477.20 Y490.93 Z48.00 nX0.000 nY0.000 nZ-1.000 E180701.62 F6000
G1 X474.35 Y492.16 Z48.01 nX0.000 nY0.000 nZ-1.000 E180708.75 F6000
G1 X471.33 Y492.89 Z48.01 nX0.000 nY0.000 nZ-1.000 E180715.87 F6000
G1 X468.48 Y493.06 Z48.01 nX0.000 nY0.000 nZ-1.000 E180722.41 F6000
G1 X304.56 Y488.77 Z48.11 nX0.000 nY0.000 nZ-1.000 E181098.54 F6000
G1 X304.56 Y492.62 Z48.11 nX0.000 nY0.000 nZ-1.000 E181107.38 F6000
G1 X306.51 Y492.62 Z48.12 nX0.000 nY0.000 nZ-1.000 E181111.86 F6000
G1 X306.51 Y492.82 Z48.12 nX0.000 nY0.000 nZ-1.000 E181112.32 F6000
G1 X468.55 Y497.07 Z48.22 nX0.000 nY0.000 nZ-1.000 E181484.14 F6000
G1 X471.92 Y496.86 Z48.22 nX0.000 nY0.000 nZ-1.000 E181491.88 F6000
G1 X475.62 Y495.97 Z48.22 nX0.000 nY0.000 nZ-1.000 E181500.61 F6000
G1 X479.11 Y494.45 Z48.22 nX0.000 nY0.000 nZ-1.000 E181509.34 F6000
G1 X481.93 Y492.59 Z48.23 nX0.000 nY0.000 nZ-1.000 E181517.09 F6000
G1 X523.73 Y459.34 Z48.26 nX0.000 nY0.000 nZ-1.000 E181639.61 F6000
G1 X524.45 Y458.81 Z48.26 nX0.000 nY0.000 nZ-1.000 E181641.66 F6000
G1 X525.04 Y458.46 Z48.26 nX0.000 nY0.000 nZ-1.000 E181643.24 F6000
G1 X525.66 Y458.15 Z48.26 nX0.000 nY0.000 nZ-1.000 E181644.81 F6000
G1 X526.30 Y457.90 Z48.26 nX0.000 nY0.000 nZ-1.000 E181646.39 F6000
G1 X526.95 Y457.70 Z48.26 nX0.000 nY0.000 nZ-1.000 E181647.97 F6000
G1 X527.63 Y457.55 Z48.26 nX0.000 nY0.000 nZ-1.000 E181649.55 F6000
G1 X528.31 Y457.47 Z48.26 nX0.000 nY0.000 nZ-1.000 E181651.12 F6000
G1 X529.20 Y457.43 Z48.26 nX0.000 nY0.000 nZ-1.000 E181653.17 F6000
G1 X568.31 Y457.43 Z48.29 nX0.000 nY0.000 nZ-1.000 E181742.89 F6000
G1 X569.21 Y457.47 Z48.29 nX0.000 nY0.000 nZ-1.000 E181744.94 F6000
G1 X569.89 Y457.55 Z48.29 nX0.000 nY0.000 nZ-1.000 E181746.52 F6000
G1 X570.56 Y457.70 Z48.29 nX0.000 nY0.000 nZ-1.000 E181748.09 F6000
G1 X571.22 Y457.90 Z48.29 nX0.000 nY0.000 nZ-1.000 E181749.67 F6000
G1 X571.86 Y458.15 Z48.29 nX0.000 nY0.000 nZ-1.000 E181751.25 F6000
G1 X572.48 Y458.46 Z48.29 nX0.000 nY0.000 nZ-1.000 E181752.83 F6000
G1 X573.06 Y458.81 Z48.29 nX0.000 nY0.000 nZ-1.000 E181754.40 F6000
G1 X573.79 Y459.34 Z48.29 nX0.000 nY0.000 nZ-1.000 E181756.45 F6000
G1 X615.59 Y492.59 Z48.33 nX0.000 nY0.000 nZ-1.000 E181878.97 F6000
G1 X618.40 Y494.45 Z48.33 nX0.000 nY0.000 nZ-1.000 E181886.72 F6000
G1 X621.89 Y495.97 Z48.33 nX0.000 nY0.000 nZ-1.000 E181895.45 F6000
G1 X625.60 Y496.86 Z48.33 nX0.000 nY0.000 nZ-1.000 E181904.18 F6000
G1 X628.97 Y497.07 Z48.34 nX0.000 nY0.000 nZ-1.000 E181911.93 F6000
G1 X791.01 Y492.82 Z48.44 nX0.000 nY0.000 nZ-1.000 E182283.75 F6000
G1 X791.01 Y492.62 Z48.44 nX0.000 nY0.000 nZ-1.000 E182284.20 F6000
G1 X792.96 Y492.62 Z48.44 nX0.000 nY0.000 nZ-1.000 E182288.68 F6000
G1 X792.96 Y488.77 Z48.44 nX0.000 nY0.000 nZ-1.000 E182297.52 F6000
G1 X701.27 Y491.17 Z48.50 nX0.000 nY0.000 nZ-1.000 E182507.91 F6000
;Layer 34
G1 X629.04 Y493.06 Z48.54 nX0.000 nY0.000 nZ-1.000 E182673.65 F6000
G1 X626.88 Y492.93 Z48.55 nX0.000 nY0.000 nZ-1.000 E182678.60 F6000
G1 X628.11 Y489.20 Z48.55 nX0.000 nY0.000 nZ-1.000 E182687.61 F6000
G1 X629.10 Y489.26 Z48.55 nX0.000 nY0.000 nZ-1.000 E182689.90 F6000
G1 X796.73 Y484.87 Z48.65 nX0.000 nY0.000 nZ-1.000 E183074.53 F6000
G1 X796.76 Y485.84 Z48.65 nX0.000 nY0.000 nZ-1.000 E183076.76 F6000
G1 X796.76 Y568.63 Z48.71 nX0.000 nY0.000 nZ-1.000 E183266.65 F6000
G1 X598.19 Y568.63 Z48.83 nX0.000 nY0.000 nZ-1.000 E183722.12 F6000
G1 X567.69 Y461.43 Z48.90 nX0.000 nY0.000 nZ-1.000 E183977.77 F6000
G1 X529.83 Y461.43 Z48.93 nX0.000 nY0.000 nZ-1.000 E184064.60 F6000
G1 X499.33 Y568.63 Z49.00 nX0.000 nY0.000 nZ-1.000 E184320.25 F6000
G1 X300.76 Y568.63 Z49.12 nX0.000 nY0.000 nZ-1.000 E184775.73 F6000
G1 X300.76 Y485.84 Z49.17 nX0.000 nY0.000 nZ-1.000 E184965.61 F6000
G1 X300.78 Y484.87 Z49.17 nX0.000 nY0.000 nZ-1.000 E184967.85 F6000
G1 X468.41 Y489.26 Z49.28 nX0.000 nY0.000 nZ-1.000 E185352.48 F6000
G1 X470.76 Y489.12 Z49.28 nX0.000 nY0.000 nZ-1.000 E185357.88 F6000
G1 X473.14 Y488.55 Z49.28 nX0.000 nY0.000 nZ-1.000 E185363.48 F6000
G1 X475.38 Y487.57 Z49.28 nX0.000 nY0.000 nZ-1.000 E185369.09 F6000
G1 X477.34 Y486.27 Z49.28 nX0.000 nY0.000 nZ-1.000 E185374.48 F6000
G1 X519.00 Y453.13 Z49.32 nX0.000 nY0.000 nZ-1.000 E185496.60 F6000
G1 X520.12 Y452.32 Z49.32 nX0.000 nY0.000 nZ-1.000 E185499.77 F6000
G1 X521.27 Y451.62 Z49.32 nX0.000 nY0.000 nZ-1.000 E185502.86 F6000
G1 X522.47 Y451.02 Z49.32 nX0.000 nY0.000 nZ-1.000 E185505.94 F6000
G1 X523.72 Y450.53 Z49.32 nX0.000 nY0.000 nZ-1.000 E185509.02 F6000
G1 X525.01 Y450.14 Z49.32 nX0.000 nY0.000 nZ-1.000 E185512.10 F6000
G1 X526.32 Y449.86 Z49.32 nX0.000 nY0.000 nZ-1.000 E185515.18 F6000
G1 X527.65 Y449.69 Z49.32 nX0.000 nY0.000 nZ-1.000 E185518.26 F6000
G1 X529.04 Y449.63 Z49.32 nX0.000 nY0.000 nZ-1.000 E185521.44 F6000
G1 X567.51 Y449.63 Z49.35 nX0.000 nY0.000 nZ-1.000 E185609.69 F6000
G1 X569.86 Y449.69 Z49.35 nX0.000 nY0.000 nZ-1.000 E185615.08 F6000
G1 X571.19 Y449.86 Z49.35 nX0.000 nY0.000 nZ-1.000 E185618.16 F6000
G1 X572.51 Y450.14 Z49.35 nX0.000 nY0.000 nZ-1.000 E185621.24 F6000
G1 X573.79 Y450.53 Z49.35 nX0.000 nY0.000 nZ-1.000 E185624.33 F6000
G1 X575.04 Y451.02 Z49.35 nX0.000 nY0.000 nZ-1.000 E185627.41 F6000
G1 X576.25 Y451.62 Z49.35 nX0.000 nY0.000 nZ-1.000 E185630.49 F6000
G1 X577.39 Y452.32 Z49.36 nX0.000 nY0.000 nZ-1.000 E185633.57 F6000
G1 X578.51 Y453.13 Z49.36 nX0.000 nY0.000 nZ-1.000 E185636.75 F6000
G1 X620.18 Y486.27 Z49.39 nX0.000 nY0.000 nZ-1.000 E185758.86 F6000
G1 X622.14 Y487.57 Z49.39 nX0.000 nY0.000 nZ-1.000 E185764.26 F6000
G1 X624.38 Y488.55 Z49.39 nX0.000 nY0.000 nZ-1.000 E185769.86 F6000
G1 X623.17 Y492.16 Z49.40 nX0.000 nY0.000 nZ-1.000 E185778.61 F6000
G1 X620.32 Y490.93 Z49.40 nX0.000 nY0.000 nZ-1.000 E185785.74 F6000
G1 X617.94 Y489.35 Z49.40 nX0.000 nY0.000 nZ-1.000 E185792.28 F6000
G1 X576.21 Y456.16 Z49.43 nX0.000 nY0.000 nZ-1.000 E185914.59 F6000
G1 X575.28 Y455.48 Z49.43 nX0.000 nY0.000 nZ-1.000 E185917.22 F6000
G1 X574.41 Y454.95 Z49.43 nX0.000 nY0.000 nZ-1.000 E185919.56 F6000
G1 X573.49 Y454.49 Z49.43 nX0.000 nY0.000 nZ-1.000 E185921.91 F6000
G1 X572.54 Y454.12 Z49.44 nX0.000 nY0.000 nZ-1.000 E185924.26 F6000
G1 X571.56 Y453.82 Z49.44 nX0.000 nY0.000 nZ-1.000 E185926.61 F6000
G1 X570.56 Y453.61 Z49.44 nX0.000 nY0.000 nZ-1.000 E185928.96 F6000
G1 X569.54 Y453.48 Z49.44 nX0.000 nY0.000 nZ-1.000 E185931.31 F6000
G1 X568.40 Y453.43 Z49.44 nX0.000 nY0.000 nZ-1.000 E185933.94 F6000
G1 X529.12 Y453.43 Z49.46 nX0.000 nY0.000 nZ-1.000 E186024.04 F6000
G1 X527.97 Y453.48 Z49.46 nX0.000 nY0.000 nZ-1.000 E186026.66 F6000
G1 X526.96 Y453.61 Z49.46 nX0.000 nY0.000 nZ-1.000 E186029.01 F6000
G1 X525.96 Y453.82 Z49.46 nX0.000 nY0.000 nZ-1.000 E186031.36 F6000
G1 X524.98 Y454.12 Z49.47 nX0.000 nY0.000 nZ-1.000 E186033.71 F6000
G1 X524.02 Y454.49 Z49.47 nX0.000 nY0.000 nZ-1.000 E186036.06 F6000
G1 X523.11 Y454.95 Z49.47 nX0.000 nY0.000 nZ-1.000 E186038.41 F6000
G1 X522.23 Y455.48 Z49.47 nX0.000 nY0.000 nZ-1.000 E186040.76 F6000
G1 X521.31 Y456.16 Z49.47 nX0.000 nY0.000 nZ-1.000 E186043.39 F6000
G1 X479.58 Y489.35 Z49.50 nX0.000 nY0.000 nZ-1.000 E186165.70 F6000
G1 X477.20 Y490.93 Z49.50 nX0.000 nY0.000 nZ-1.000 E186172.24 F6000
G1 X474.35 Y492.16 Z49.51 nX0.000 nY0.000 nZ-1.000 E186179.36 F6000
G1 X471.33 Y492.89 Z49.51 nX0.000 nY0.000 nZ-1.000 E186186.49 F6000
G1 X468.48 Y493.06 Z49.51 nX0.000 nY0.000 nZ-1.000 E186193.03 F6000
G1 X304.56 Y488.77 Z49.61 nX0.000 nY0.000 nZ-1.000 E186569.16 F6000
G1 X304.56 Y492.62 Z49.61 nX0.000 nY0.000 nZ-1.000 E186578.00 F6000
G1 X306.51 Y492.62 Z49.62 nX0.000 nY0.000 nZ-1.000 E186582.48 F6000
G1 X306.51 Y492.82 Z49.62 nX0.000 nY0.000 nZ-1.000 E186582.93 F6000
G1 X468.55 Y497.07 Z49.72 nX0.000 nY0.000 nZ-1.000 E186954.75 F6000
G1 X471.92 Y496.86 Z49.72 nX0.000 nY0.000 nZ-1.000 E186962.50 F6000
G1 X475.62 Y495.97 Z49.72 nX0.000 nY0.000 nZ-1.000 E186971.23 F6000
G1 X479.11 Y494.45 Z49.72 nX0.000 nY0.000 nZ-1.000 E186979.96 F6000
G1 X481.93 Y492.59 Z49.73 nX0.000 nY0.000 nZ-1.000 E186987.71 F6000
G1 X523.73 Y459.34 Z49.76 nX0.000 nY0.000 nZ-1.000 E187110.23 F6000
G1 X524.45 Y458.81 Z49.76 nX0.000 nY0.000 nZ-1.000 E187112.28 F6000
G1 X525.04 Y458.46 Z49.76 nX0.000 nY0.000 nZ-1.000 E187113.85 F6000
G1 X525.66 Y458.15 Z49.76 nX0.000 nY0.000 nZ-1.000 E187115.43 F6000
G1 X526.30 Y457.90 Z49.76 nX0.000 nY0.000 nZ-1.000 E187117.01 F6000
G1 X526.95 Y457.70 Z49.76 nX0.000 nY0.000 nZ-1.000 E187118.59 F6000
G1 X527.63 Y457.55 Z49.76 nX0.000 nY0.000 nZ-1.000 E187120.16 F6000
G1 X528.31 Y457.47 Z49.76 nX0.000 nY0.000 nZ-1.000 E187121.74 F6000
G1 X529.20 Y457.43 Z49.76 nX0.000 nY0.000 nZ-1.000 E187123.79 F6000
G1 X568.31 Y457.43 Z49.79 nX0.000 nY0.000 nZ-1.000 E187213.50 F6000
G1 X569.21 Y457.47 Z49.79 nX0.000 nY0.000 nZ-1.000 E187215.56 F6000
G1 X569.89 Y457.55 Z49.79 nX0.000 nY0.000 nZ-1.000 E187217.13 F6000
G1 X570.56 Y457.70 Z49.79 nX0.000 nY0.000 nZ-1.000 E187218.71 F6000
G1 X571.22 Y457.90 Z49.79 nX0.000 nY0.000 nZ-1.000 E187220.29 F6000
G1 X571.86 Y458.15 Z49.79 nX0.000 nY0.000 nZ-1.000 E187221.87 F6000
G1 X572.48 Y458.46 Z49.79 nX0.000 nY0.000 nZ-1.000 E187223.44 F6000
G1 X573.06 Y458.81 Z49.79 nX0.000 nY0.000 nZ-1.000 E187225.02 F6000
G1 X573.79 Y459.34 Z49.79 nX0.000 nY0.000 nZ-1.000 E187227.07 F6000
G1 X615.59 Y492.59 Z49.83 nX0.000 nY0.000 nZ-1.000 E187349.59 F6000
G1 X618.40 Y494.45 Z49.83 nX0.000 nY0.000 nZ-1.000 E187357.33 F6000
G1 X621.89 Y495.97 Z49.83 nX0.000 nY0.000 nZ-1.000 E187366.07 F6000
G1 X625.60 Y496.86 Z49.83 nX0.000 nY0.000 nZ-1.000 E187374.80 F6000
G1 X628.97 Y497.07 Z49.84 nX0.000 nY0.000 nZ-1.000 E187382.54 F6000
G1 X791.01 Y492.82 Z49.94 nX0.000 nY0.000 nZ-1.000 E187754.36 F6000
G1 X791.01 Y492.62 Z49.94 nX0.000 nY0.000 nZ-1.000 E187754.82 F6000
G1 X792.96 Y492.62 Z49.94 nX0.000 nY0.000 nZ-1.000 E187759.30 F6000
G1 X792.96 Y488.77 Z49.94 nX0.000 nY0.000 nZ-1.000 E187768.14 F6000
G1 X701.27 Y491.17 Z50.00 nX0.000 nY0.000 nZ-1.000 E187978.53 F6000
;Layer 35
G1 X629.04 Y493.06 Z50.04 nX0.000 nY0.000 nZ-1.000 E188144.26 F6000
G1 X626.86 Y492.93 Z50.05 nX0.000 nY0.000 nZ-1.000 E188149.27 F6000
G1 X623.17 Y492.16 Z50.05 nX0.000 nY0.000 nZ-1.000 E188157.91 F6000
G1 X620.32 Y490.93 Z50.05 nX0.000 nY0.000 nZ-1.000 E188165.04 F6000
G1 X617.94 Y489.35 Z50.05 nX0.000 nY0.000 nZ-1.000 E188171.58 F6000
G1 X576.21 Y456.16 Z50.09 nX0.000 nY0.000 nZ-1.000 E188293.89 F6000
G1 X575.28 Y455.48 Z50.09 nX0.000 nY0.000 nZ-1.000 E188296.52 F6000
G1 X574.41 Y454.95 Z50.09 nX0.000 nY0.000 nZ-1.000 E188298.87 F6000
G1 X573.49 Y454.49 Z50.09 nX0.000 nY0.000 nZ-1.000 E188301.22 F6000
G1 X572.54 Y454.12 Z50.09 nX0.000 nY0.000 nZ-1.000 E188303.57 F6000
G1 X571.56 Y453.82 Z50.09 nX0.000 nY0.000 nZ-1.000 E188305.92 F6000
G1 X570.56 Y453.61 Z50.09 nX0.000 nY0.000 nZ-1.000 E188308.26 F6000
G1 X569.54 Y453.48 Z50.09 nX0.000 nY0.000 nZ-1.000 E188310.61 F6000
G1 X568.40 Y453.43 Z50.09 nX0.000 nY0.000 nZ-1.000 E188313.24 F6000
G1 X529.12 Y453.43 Z50.12 nX0.000 nY0.000 nZ-1.000 E188403.34 F6000
G1 X527.97 Y453.48 Z50.12 nX0.000 nY0.000 nZ-1.000 E188405.97 F6000
G1 X526.96 Y453.61 Z50.12 nX0.000 nY0.000 nZ-1.000 E188408.32 F6000
G1 X525.96 Y453.82 Z50.12 nX0.000 nY0.000 nZ-1.000 E188410.67 F6000
G1 X524.98 Y454.12 Z50.12 nX0.000 nY0.000 nZ-1.000 E188413.01 F6000
G1 X524.02 Y454.49 Z50.12 nX0.000 nY0.000 nZ-1.000 E188415.36 F6000
G1 X523.11 Y454.95 Z50.12 nX0.000 nY0.000 nZ-1.000 E188417.71 F6000
G1 X522.23 Y455.48 Z50.12 nX0.000 nY0.000 nZ-1.000 E188420.06 F6000
G1 X521.31 Y456.16 Z50.12 nX0.000 nY0.000 nZ-1.000 E188422.69 F6000
G1 X479.58 Y489.35 Z50.15 nX0.000 nY0.000 nZ-1.000 E188545.00 F6000
G1 X477.78 Y490.54 Z50.16 nX0.000 nY0.000 nZ-1.000 E188549.95 F6000
G1 X476.51 Y486.82 Z50.16 nX0.000 nY0.000 nZ-1.000 E188558.96 F6000
G1 X477.34 Y486.27 Z50.16 nX0.000 nY0.000 nZ-1.000 E188561.25 F6000
G1 X519.00 Y453.13 Z50.19 nX0.000 nY0.000 nZ-1.000 E188683.36 F6000
G1 X520.12 Y452.32 Z50.19 nX0.000 nY0.000 nZ-1.000 E188686.54 F6000
G1 X521.27 Y451.62 Z50.19 nX0.000 nY0.000 nZ-1.000 E188689.62 F6000
G1 X522.47 Y451.02 Z50.19 nX0.000 nY0.000 nZ-1.000 E188692.70 F6000
G1 X523.72 Y450.53 Z50.20 nX0.000 nY0.000 nZ-1.000 E188695.78 F6000
G1 X525.01 Y450.14 Z50.20 nX0.000 nY0.000 nZ-1.000 E188698.86 F6000
G1 X526.32 Y449.86 Z50.20 nX0.000 nY0.000 nZ-1.000 E188701.94 F6000
G1 X527.65 Y449.69 Z50.20 nX0.000 nY0.000 nZ-1.000 E188705.02 F6000
G1 X529.04 Y449.63 Z50.20 nX0.000 nY0.000 nZ-1.000 E188708.20 F6000
G1 X567.51 Y449.63 Z50.22 nX0.000 nY0.000 nZ-1.000 E188796.45 F6000
G1 X569.86 Y449.69 Z50.22 nX0.000 nY0.000 nZ-1.000 E188801.84 F6000
G1 X571.19 Y449.86 Z50.23 nX0.000 nY0.000 nZ-1.000 E188804.93 F6000
G1 X572.51 Y450.14 Z50.23 nX0.000 nY0.000 nZ-1.000 E188808.01 F6000
G1 X573.79 Y450.53 Z50.23 nX0.000 nY0.000 nZ-1.000 E188811.09 F6000
G1 X575.04 Y451.02 Z50.23 nX0.000 nY0.000 nZ-1.000 E188814.17 F6000
G1 X576.25 Y451.62 Z50.23 nX0.000 nY0.000 nZ-1.000 E188817.25 F6000
G1 X577.39 Y452.32 Z50.23 nX0.000 nY0.000 nZ-1.000 E188820.33 F6000
G1 X578.51 Y453.13 Z50.23 nX0.000 nY0.000 nZ-1.000 E188823.51 F6000
G1 X620.18 Y486.27 Z50.26 nX0.000 nY0.000 nZ-1.000 E188945.62 F6000
G1 X622.14 Y487.57 Z50.27 nX0.000 nY0.000 nZ-1.000 E188951.02 F6000
G1 X624.38 Y488.55 Z50.27 nX0.000 nY0.000 nZ-1.000 E188956.62 F6000
G1 X627.78 Y489.45 Z50.27 nX0.000 nY0.000 nZ-1.000 E188964.69 F6000
G1 X629.10 Y489.26 Z50.27 nX0.000 nY0.000 nZ-1.000 E188967.76 F6000
G1 X796.73 Y484.87 Z50.38 nX0.000 nY0.000 nZ-1.000 E189352.40 F6000
G1 X796.76 Y485.84 Z50.38 nX0.000 nY0.000 nZ-1.000 E189354.63 F6000
G1 X796.76 Y568.63 Z50.43 nX0.000 nY0.000 nZ-1.000 E189544.52 F6000
G1 X598.19 Y568.63 Z50.55 nX0.000 nY0.000 nZ-1.000 E189999.99 F6000
G1 X567.69 Y461.43 Z50.62 nX0.000 nY0.000 nZ-1.000 E190255.64 F6000
G1 X529.83 Y461.43 Z50.65 nX0.000 nY0.000 nZ-1.000 E190342.47 F6000
G1 X499.33 Y568.63 Z50.72 nX0.000 nY0.000 nZ-1.000 E190598.12 F6000
G1 X300.76 Y568.63 Z50.84 nX0.000 nY0.000 nZ-1.000 E191053.59 F6000
G1 X300.76 Y485.84 Z50.89 nX0.000 nY0.000 nZ-1.000 E191243.48 F6000
G1 X300.78 Y484.87 Z50.89 nX0.000 nY0.000 nZ-1.000 E191245.72 F6000
G1 X468.41 Y489.26 Z51.00 nX0.000 nY0.000 nZ-1.000 E191630.35 F6000
G1 X470.76 Y489.12 Z51.00 nX0.000 nY0.000 nZ-1.000 E191635.75 F6000
G1 X473.14 Y488.55 Z51.00 nX0.000 nY0.000 nZ-1.000 E191641.35 F6000
G1 X474.35 Y492.16 Z51.01 nX0.000 nY0.000 nZ-1.000 E191650.10 F6000
G1 X471.33 Y492.89 Z51.01 nX0.000 nY0.000 nZ-1.000 E191657.23 F6000
G1 X468.48 Y493.06 Z51.01 nX0.000 nY0.000 nZ-1.000 E191663.77 F6000
G1 X304.56 Y488.77 Z51.11 nX0.000 nY0.000 nZ-1.000 E192039.90 F6000
G1 X304.56 Y492.62 Z51.11 nX0.000 nY0.000 nZ-1.000 E192048.74 F6000
G1 X306.51 Y492.62 Z51.12 nX0.000 nY0.000 nZ-1.000 E192053.22 F6000
G1 X306.51 Y492.82 Z51.12 nX0.000 nY0.000 nZ-1.000 E192053.67 F6000
G1 X468.55 Y497.07 Z51.22 nX0.000 nY0.000 nZ-1.000 E192425.49 F6000
G1 X471.92 Y496.86 Z51.22 nX0.000 nY0.000 nZ-1.000 E192433.24 F6000
G1 X475.62 Y495.97 Z51.22 nX0.000 nY0.000 nZ-1.000 E192441.97 F6000
G1 X479.11 Y494.45 Z51.22 nX0.000 nY0.000 nZ-1.000 E192450.70 F6000
G1 X481.93 Y492.59 Z51.23 nX0.000 nY0.000 nZ-1.000 E192458.45 F6000
G1 X523.73 Y459.34 Z51.26 nX0.000 nY0.000 nZ-1.000 E192580.96 F6000
G1 X524.45 Y458.81 Z51.26 nX0.000 nY0.000 nZ-1.000 E192583.01 F6000
G1 X525.04 Y458.46 Z51.26 nX0.000 nY0.000 nZ-1.000 E192584.59 F6000
G1 X525.66 Y458.15 Z51.26 nX0.000 nY0.000 nZ-1.000 E192586.17 F6000
G1 X526.30 Y457.90 Z51.26 nX0.000 nY0.000 nZ-1.000 E192587.75 F6000
G1 X526.95 Y457.70 Z51.26 nX0.000 nY0.000 nZ-1.000 E192589.32 F6000
G1 X527.63 Y457.55 Z51.26 nX0.000 nY0.000 nZ-1.000 E192590.90 F6000
G1 X528.31 Y457.47 Z51.26 nX0.000 nY0.000 nZ-1.000 E192592.48 F6000
G1 X529.20 Y457.43 Z51.26 nX0.000 nY0.000 nZ-1.000 E192594.53 F6000
G1 X568.31 Y457.43 Z51.29 nX0.000 nY0.000 nZ-1.000 E192684.24 F6000
G1 X569.21 Y457.47 Z51.29 nX0.000 nY0.000 nZ-1.000 E192686.29 F6000
G1 X569.89 Y457.55 Z51.29 nX0.000 nY0.000 nZ-1.000 E192687.87 F6000
G1 X570.56 Y457.70 Z51.29 nX0.000 nY0.000 nZ-1.000 E192689.45 F6000
G1 X571.22 Y457.90 Z51.29 nX0.000 nY0.000 nZ-1.000 E192691.03 F6000
G1 X571.86 Y458.15 Z51.29 nX0.000 nY0.000 nZ-1.000 E192692.60 F6000
G1 X572.48 Y458.46 Z51.29 nX0.000 nY0.000 nZ-1.000 E192694.18 F6000
G1 X573.06 Y458.81 Z51.29 nX0.000 nY0.000 nZ-1.000 E192695.76 F6000
G1 X573.79 Y459.34 Z51.29 nX0.000 nY0.000 nZ-1.000 E192697.81 F6000
G1 X615.59 Y492.59 Z51.33 nX0.000 nY0.000 nZ-1.000 E192820.33 F6000
G1 X618.40 Y494.45 Z51.33 nX0.000 nY0.000 nZ-1.000 E192828.07 F6000
G1 X621.89 Y495.97 Z51.33 nX0.000 nY0.000 nZ-1.000 E192836.80 F6000
G1 X625.60 Y496.86 Z51.33 nX0.000 nY0.000 nZ-1.000 E192845.54 F6000
G1 X628.97 Y497.07 Z51.34 nX0.000 nY0.000 nZ-1.000 E192853.28 F6000
G1 X791.01 Y492.82 Z51.44 nX0.000 nY0.000 nZ-1.000 E193225.10 F6000
G1 X791.01 Y492.62 Z51.44 nX0.000 nY0.000 nZ-1.000 E193225.56 F6000
G1 X792.96 Y492.62 Z51.44 nX0.000 nY0.000 nZ-1.000 E193230.04 F6000
G1 X792.96 Y488.77 Z51.44 nX0.000 nY0.000 nZ-1.000 E193238.88 F6000
G1 X701.27 Y491.17 Z51.50 nX0.000 nY0.000 nZ-1.000 E193449.27 F6000
;Layer 36
G1 X629.04 Y493.06 Z51.54 nX0.000 nY0.000 nZ-1.000 E193615.00 F6000
G1 X626.19 Y492.89 Z51.55 nX0.000 nY0.000 nZ-1.000 E193621.55 F6000
G1 X623.17 Y492.16 Z51.55 nX0.000 nY0.000 nZ-1.000 E193628.67 F6000
G1 X620.32 Y490.93 Z51.55 nX0.000 nY0.000 nZ-1.000 E193635.80 F6000
G1 X617.94 Y489.35 Z51.55 nX0.000 nY0.000 nZ-1.000 E193642.34 F6000
G1 X576.21 Y456.16 Z51.59 nX0.000 nY0.000 nZ-1.000 E193764.65 F6000
G1 X575.28 Y455.48 Z51.59 nX0.000 nY0.000 nZ-1.000 E193767.28 F6000
G1 X574.41 Y454.95 Z51.59 nX0.000 nY0.000 nZ-1.000 E193769.63 F6000
G1 X573.49 Y454.49 Z51.59 nX0.000 nY0.000 nZ-1.000 E193771.97 F6000
G1 X572.54 Y454.12 Z51.59 nX0.000 nY0.000 nZ-1.000 E193774.32 F6000
G1 X571.56 Y453.82 Z51.59 nX0.000 nY0.000 nZ-1.000 E193776.67 F6000
G1 X570.56 Y453.61 Z51.59 nX0.000 nY0.000 nZ-1.000 E193779.02 F6000
G1 X569.54 Y453.48 Z51.59 nX0.000 nY0.000 nZ-1.000 E193781.37 F6000
G1 X568.40 Y453.43 Z51.59 nX0.000 nY0.000 nZ-1.000 E193784.00 F6000
G1 X529.12 Y453.43 Z51.62 nX0.000 nY0.000 nZ-1.000 E193874.10 F6000
G1 X527.97 Y453.48 Z51.62 nX0.000 nY0.000 nZ-1.000 E193876.73 F6000
G1 X526.96 Y453.61 Z51.62 nX0.000 nY0.000 nZ-1.000 E193879.08 F6000
G1 X525.96 Y453.82 Z51.62 nX0.000 nY0.000 nZ-1.000 E193881.42 F6000
G1 X524.98 Y454.12 Z51.62 nX0.000 nY0.000 nZ-1.000 E193883.77 F6000
G1 X524.02 Y454.49 Z51.62 nX0.000 nY0.000 nZ-1.000 E193886.12 F6000
G1 X523.11 Y454.95 Z51.62 nX0.000 nY0.000 nZ-1.000 E193888.47 F6000
G1 X522.23 Y455.48 Z51.62 nX0.000 nY0.000 nZ-1.000 E193890.82 F6000
G1 X521.31 Y456.16 Z51.62 nX0.000 nY0.000 nZ-1.000 E193893.45 F6000
G1 X479.58 Y489.35 Z51.65 nX0.000 nY0.000 nZ-1.000 E194015.76 F6000
G1 X477.78 Y490.54 Z51.66 nX0.000 nY0.000 nZ-1.000 E194020.71 F6000
G1 X476.51 Y486.82 Z51.66 nX0.000 nY0.000 nZ-1.000 E194029.72 F6000
G1 X477.34 Y486.27 Z51.66 nX0.000 nY0.000 nZ-1.000 E194032.00 F6000
G1 X519.00 Y453.13 Z51.69 nX0.000 nY0.000 nZ-1.000 E194154.12 F6000
G1 X520.12 Y452.32 Z51.69 nX0.000 nY0.000 nZ-1.000 E194157.29 F6000
G1 X521.27 Y451.62 Z51.69 nX0.000 nY0.000 nZ-1.000 E194160.37 F6000
G1 X522.47 Y451.02 Z51.69 nX0.000 nY0.000 nZ-1.000 E194163.46 F6000
G1 X523.72 Y450.53 Z51.70 nX0.000 nY0.000 nZ-1.000 E194166.54 F6000
G1 X525.01 Y450.14 Z51.70 nX0.000 nY0.000 nZ-1.000 E194169.62 F6000
G1 X526.32 Y449.86 Z51.70 nX0.000 nY0.000 nZ-1.000 E194172.70 F6000
G1 X527.65 Y449.69 Z51.70 nX0.000 nY0.000 nZ-1.000 E194175.78 F6000
G1 X529.04 Y449.63 Z51.70 nX0.000 nY0.000 nZ-1.000 E194178.96 F6000
G1 X567.51 Y449.63 Z51.72 nX0.000 nY0.000 nZ-1.000 E194267.21 F6000
G1 X569.86 Y449.69 Z51.72 nX0.000 nY0.000 nZ-1.000 E194272.60 F6000
G1 X571.19 Y449.86 Z51.73 nX0.000 nY0.000 nZ-1.000 E194275.68 F6000
G1 X572.51 Y450.14 Z51.73 nX0.000 nY0.000 nZ-1.000 E194278.76 F6000
G1 X573.79 Y450.53 Z51.73 nX0.000 nY0.000 nZ-1.000 E194281.84 F6000
G1 X575.04 Y451.02 Z51.73 nX0.000 nY0.000 nZ-1.000 E194284.93 F6000
G1 X576.25 Y451.62 Z51.73 nX0.000 nY0.000 nZ-1.000 E194288.01 F6000
G1 X577.39 Y452.32 Z51.73 nX0.000 nY0.000 nZ-1.000 E194291.09 F6000
G1 X578.51 Y453.13 Z51.73 nX0.000 nY0.000 nZ-1.000 E194294.27 F6000
G1 X620.18 Y486.27 Z51.76 nX0.000 nY0.000 nZ-1.000 E194416.38 F6000
G1 X622.14 Y487.57 Z51.77 nX0.000 nY0.000 nZ-1.000 E194421.78 F6000
G1 X624.38 Y488.55 Z51.77 nX0.000 nY0.000 nZ-1.000 E194427.38 F6000
G1 X626.75 Y489.12 Z51.77 nX0.000 nY0.000 nZ-1.000 E194432.98 F6000
G1 X629.10 Y489.26 Z51.77 nX0.000 nY0.000 nZ-1.000 E194438.38 F6000
G1 X796.73 Y484.87 Z51.88 nX0.000 nY0.000 nZ-1.000 E194823.02 F6000
G1 X796.76 Y485.84 Z51.88 nX0.000 nY0.000 nZ-1.000 E194825.25 F6000
G1 X796.76 Y568.63 Z51.93 nX0.000 nY0.000 nZ-1.000 E195015.14 F6000
G1 X598.19 Y568.63 Z52.05 nX0.000 nY0.000 nZ-1.000 E195470.61 F6000
G1 X567.69 Y461.43 Z52.12 nX0.000 nY0.000 nZ-1.000 E195726.26 F6000
G1 X529.83 Y461.43 Z52.15 nX0.000 nY0.000 nZ-1.000 E195813.09 F6000
G1 X499.33 Y568.63 Z52.22 nX0.000 nY0.000 nZ-1.000 E196068.74 F6000
G1 X300.76 Y568.63 Z52.34 nX0.000 nY0.000 nZ-1.000 E196524.21 F6000
G1 X300.76 Y485.84 Z52.39 nX0.000 nY0.000 nZ-1.000 E196714.10 F6000
G1 X300.78 Y484.87 Z52.39 nX0.000 nY0.000 nZ-1.000 E196716.33 F6000
G1 X468.41 Y489.26 Z52.50 nX0.000 nY0.000 nZ-1.000 E197100.97 F6000
G1 X470.76 Y489.12 Z52.50 nX0.000 nY0.000 nZ-1.000 E197106.37 F6000
G1 X473.14 Y488.55 Z52.50 nX0.000 nY0.000 nZ-1.000 E197111.97 F6000
G1 X474.35 Y492.16 Z52.51 nX0.000 nY0.000 nZ-1.000 E197120.72 F6000
G1 X471.33 Y492.89 Z52.51 nX0.000 nY0.000 nZ-1.000 E197127.84 F6000
G1 X468.48 Y493.06 Z52.51 nX0.000 nY0.000 nZ-1.000 E197134.39 F6000
G1 X304.56 Y488.77 Z52.61 nX0.000 nY0.000 nZ-1.000 E197510.51 F6000
G1 X304.56 Y492.62 Z52.61 nX0.000 nY0.000 nZ-1.000 E197519.35 F6000
G1 X306.51 Y492.62 Z52.62 nX0.000 nY0.000 nZ-1.000 E197523.83 F6000
G1 X306.51 Y492.82 Z52.62 nX0.000 nY0.000 nZ-1.000 E197524.29 F6000
G1 X468.55 Y497.07 Z52.72 nX0.000 nY0.000 nZ-1.000 E197896.11 F6000
G1 X471.92 Y496.86 Z52.72 nX0.000 nY0.000 nZ-1.000 E197903.85 F6000
G1 X475.62 Y495.97 Z52.72 nX0.000 nY0.000 nZ-1.000 E197912.59 F6000
G1 X479.11 Y494.45 Z52.72 nX0.000 nY0.000 nZ-1.000 E197921.32 F6000
G1 X481.93 Y492.59 Z52.73 nX0.000 nY0.000 nZ-1.000 E197929.06 F6000
G1 X523.73 Y459.34 Z52.76 nX0.000 nY0.000 nZ-1.000 E198051.58 F6000
G1 X524.45 Y458.81 Z52.76 nX0.000 nY0.000 nZ-1.000 E198053.63 F6000
G1 X525.04 Y458.46 Z52.76 nX0.000 nY0.000 nZ-1.000 E198055.21 F6000
G1 X525.66 Y458.15 Z52.76 nX0.000 nY0.000 nZ-1.000 E198056.79 F6000
G1 X526.30 Y457.90 Z52.76 nX0.000 nY0.000 nZ-1.000 E198058.36 F6000
G1 X526.95 Y457.70 Z52.76 nX0.000 nY0.000 nZ-1.000 E198059.94 F6000
G1 X527.63 Y457.55 Z52.76 nX0.000 nY0.000 nZ-1.000 E198061.52 F6000
G1 X528.31 Y457.47 Z52.76 nX0.000 nY0.000 nZ-1.000 E198063.10 F6000
G1 X529.20 Y457.43 Z52.76 nX0.000 nY0.000 nZ-1.000 E198065.15 F6000
G1 X568.31 Y457.43 Z52.79 nX0.000 nY0.000 nZ-1.000 E198154.86 F6000
G1 X569.21 Y457.47 Z52.79 nX0.000 nY0.000 nZ-1.000 E198156.91 F6000
G1 X569.89 Y457.55 Z52.79 nX0.000 nY0.000 nZ-1.000 E198158.49 F6000
G1 X570.56 Y457.70 Z52.79 nX0.000 nY0.000 nZ-1.000 E198160.07 F6000
G1 X571.22 Y457.90 Z52.79 nX0.000 nY0.000 nZ-1.000 E198161.64 F6000
G1 X571.86 Y458.15 Z52.79 nX0.000 nY0.000 nZ-1.000 E198163.22 F6000
G1 X572.48 Y458.46 Z52.79 nX0.000 nY0.000 nZ-1.000 E198164.80 F6000
G1 X573.06 Y458.81 Z52.79 nX0.000 nY0.000 nZ-1.000 E198166.38 F6000
G1 X573.79 Y459.34 Z52.79 nX0.000 nY0.000 nZ-1.000 E198168.43 F6000
G1 X615.59 Y492.59 Z52.83 nX0.000 nY0.000 nZ-1.000 E198290.94 F6000
G1 X618.40 Y494.45 Z52.83 nX0.000 nY0.000 nZ-1.000 E198298.69 F6000
G1 X621.89 Y495.97 Z52.83 nX0.000 nY0.000 nZ-1.000 E198307.42 F6000
G1 X625.60 Y496.86 Z52.83 nX0.000 nY0.000 nZ-1.000 E198316.15 F6000
G1 X628.97 Y497.07 Z52.84 nX0.000 nY0.000 nZ-1.000 E198323.90 F6000
G1 X791.01 Y492.82 Z52.94 nX0.000 nY0.000 nZ-1.000 E198695.72 F6000
G1 X791.01 Y492.62 Z52.94 nX0.000 nY0.000 nZ-1.000 E198696.17 F6000
G1 X792.96 Y492.62 Z52.94 nX0.000 nY0.000 nZ-1.000 E198700.65 F6000
G1 X792.96 Y488.77 Z52.94 nX0.000 nY0.000 nZ-1.000 E198709.49 F6000
G1 X701.27 Y491.17 Z53.00 nX0.000 nY0.000 nZ-1.000 E198919.88 F6000
;Layer 37
G1 X629.04 Y493.06 Z53.04 nX0.000 nY0.000 nZ-1.000 E199085.62 F6000
G1 X626.88 Y492.93 Z53.05 nX0.000 nY0.000 nZ-1.000 E199090.57 F6000
G1 X628.11 Y489.20 Z53.05 nX0.000 nY0.000 nZ-1.000 E199099.58 F6000
G1 X629.10 Y489.26 Z53.05 nX0.000 nY0.000 nZ-1.000 E199101.87 F6000
G1 X796.73 Y484.87 Z53.15 nX0.000 nY0.000 nZ-1.000 E199486.50 F6000
G1 X796.76 Y485.84 Z53.15 nX0.000 nY0.000 nZ-1.000 E199488.74 F6000
G1 X796.76 Y568.63 Z53.21 nX0.000 nY0.000 nZ-1.000 E199678.63 F6000
G1 X598.19 Y568.63 Z53.33 nX0.000 nY0.000 nZ-1.000 E200134.09 F6000
G1 X567.69 Y461.43 Z53.40 nX0.000 nY0.000 nZ-1.000 E200389.75 F6000
G1 X529.83 Y461.43 Z53.43 nX0.000 nY0.000 nZ-1.000 E200476.57 F6000
G1 X499.33 Y568.63 Z53.50 nX0.000 nY0.000 nZ-1.000 E200732.23 F6000
G1 X300.76 Y568.63 Z53.62 nX0.000 nY0.000 nZ-1.000 E201187.70 F6000
G1 X300.76 Y485.84 Z53.67 nX0.000 nY0.000 nZ-1.000 E201377.59 F6000
G1 X300.78 Y484.87 Z53.67 nX0.000 nY0.000 nZ-1.000 E201379.82 F6000
G1 X468.41 Y489.26 Z53.78 nX0.000 nY0.000 nZ-1.000 E201764.46 F6000
G1 X470.76 Y489.12 Z53.78 nX0.000 nY0.000 nZ-1.000 E201769.86 F6000
G1 X473.14 Y488.55 Z53.78 nX0.000 nY0.000 nZ-1.000 E201775.46 F6000
G1 X475.97 Y487.37 Z53.78 nX0.000 nY0.000 nZ-1.000 E201782.49 F6000
G1 X477.34 Y486.27 Z53.78 nX0.000 nY0.000 nZ-1.000 E201786.52 F6000
G1 X519.00 Y453.13 Z53.82 nX0.000 nY0.000 nZ-1.000 E201908.63 F6000
G1 X520.12 Y452.32 Z53.82 nX0.000 nY0.000 nZ-1.000 E201911.81 F6000
G1 X521.27 Y451.62 Z53.82 nX0.000 nY0.000 nZ-1.000 E201914.89 F6000
G1 X522.47 Y451.02 Z53.82 nX0.000 nY0.000 nZ-1.000 E201917.97 F6000
G1 X523.72 Y450.53 Z53.82 nX0.000 nY0.000 nZ-1.000 E201921.05 F6000
G1 X525.01 Y450.14 Z53.82 nX0.000 nY0.000 nZ-1.000 E201924.13 F6000
G1 X526.32 Y449.86 Z53.82 nX0.000 nY0.000 nZ-1.000 E201927.21 F6000
G1 X527.65 Y449.69 Z53.82 nX0.000 nY0.000 nZ-1.000 E201930.29 F6000
G1 X529.04 Y449.63 Z53.82 nX0.000 nY0.000 nZ-1.000 E201933.47 F6000
G1 X567.51 Y449.63 Z53.85 nX0.000 nY0.000 nZ-1.000 E202021.72 F6000
G1 X569.86 Y449.69 Z53.85 nX0.000 nY0.000 nZ-1.000 E202027.11 F6000
G1 X571.19 Y449.86 Z53.85 nX0.000 nY0.000 nZ-1.000 E202030.20 F6000
G1 X572.51 Y450.14 Z53.85 nX0.000 nY0.000 nZ-1.000 E202033.28 F6000
G1 X573.79 Y450.53 Z53.85 nX0.000 nY0.000 nZ-1.000 E202036.36 F6000
G1 X575.04 Y451.02 Z53.85 nX0.000 nY0.000 nZ-1.000 E202039.44 F6000
G1 X576.25 Y451.62 Z53.85 nX0.000 nY0.000 nZ-1.000 E202042.52 F6000
G1 X577.39 Y452.32 Z53.86 nX0.000 nY0.000 nZ-1.000 E202045.60 F6000
G1 X578.51 Y453.13 Z53.86 nX0.000 nY0.000 nZ-1.000 E202048.78 F6000
G1 X620.18 Y486.27 Z53.89 nX0.000 nY0.000 nZ-1.000 E202170.89 F6000
G1 X622.14 Y487.57 Z53.89 nX0.000 nY0.000 nZ-1.000 E202176.29 F6000
G1 X624.38 Y488.55 Z53.89 nX0.000 nY0.000 nZ-1.000 E202181.89 F6000
G1 X623.17 Y492.16 Z53.90 nX0.000 nY0.000 nZ-1.000 E202190.64 F6000
G1 X620.32 Y490.93 Z53.90 nX0.000 nY0.000 nZ-1.000 E202197.77 F6000
G1 X617.94 Y489.35 Z53.90 nX0.000 nY0.000 nZ-1.000 E202204.31 F6000
G1 X576.21 Y456.16 Z53.93 nX0.000 nY0.000 nZ-1.000 E202326.62 F6000
G1 X575.28 Y455.48 Z53.93 nX0.000 nY0.000 nZ-1.000 E202329.25 F6000
G1 X574.41 Y454.95 Z53.93 nX0.000 nY0.000 nZ-1.000 E202331.60 F6000
G1 X573.49 Y454.49 Z53.93 nX0.000 nY0.000 nZ-1.000 E202333.95 F6000
G1 X572.54 Y454.12 Z53.94 nX0.000 nY0.000 nZ-1.000 E202336.29 F6000
G1 X571.56 Y453.82 Z53.94 nX0.000 nY0.000 nZ-1.000 E202338.64 F6000
G1 X570.56 Y453.61 Z53.94 nX0.000 nY0.000 nZ-1.000 E202340.99 F6000
G1 X569.54 Y453.48 Z53.94 nX0.000 nY0.000 nZ-1.000 E202343.34 F6000
G1 X568.40 Y453.43 Z53.94 nX0.000 nY0.000 nZ-1.000 E202345.97 F6000
G1 X529.12 Y453.43 Z53.96 nX0.000 nY0.000 nZ-1.000 E202436.07 F6000
G1 X527.97 Y453.48 Z53.96 nX0.000 nY0.000 nZ-1.000 E202438.70 F6000
G1 X526.96 Y453.61 Z53.96 nX0.000 nY0.000 nZ-1.000 E202441.05 F6000
G1 X525.96 Y453.82 Z53.96 nX0.000 nY0.000 nZ-1.000 E202443.39 F6000
G1 X524.98 Y454.12 Z53.97 nX0.000 nY0.000 nZ-1.000 E202445.74 F6000
G1 X524.02 Y454.49 Z53.97 nX0.000 nY0.000 nZ-1.000 E202448.09 F6000
G1 X523.11 Y454.95 Z53.97 nX0.000 nY0.000 nZ-1.000 E202450.44 F6000
G1 X522.23 Y455.48 Z53.97 nX0.000 nY0.000 nZ-1.000 E202452.79 F6000
G1 X521.31 Y456.16 Z53.97 nX0.000 nY0.000 nZ-1.000 E202455.42 F6000
G1 X479.58 Y489.35 Z54.00 nX0.000 nY0.000 nZ-1.000 E202577.73 F6000
G1 X477.39 Y490.80 Z54.00 nX0.000 nY0.000 nZ-1.000 E202583.74 F6000
G1 X474.35 Y492.16 Z54.01 nX0.000 nY0.000 nZ-1.000 E202591.39 F6000
G1 X471.33 Y492.89 Z54.01 nX0.000 nY0.000 nZ-1.000 E202598.51 F6000
G1 X468.48 Y493.06 Z54.01 nX0.000 nY0.000 nZ-1.000 E202605.06 F6000
G1 X304.56 Y488.77 Z54.11 nX0.000 nY0.000 nZ-1.000 E202981.18 F6000
G1 X304.56 Y492.62 Z54.11 nX0.000 nY0.000 nZ-1.000 E202990.02 F6000
G1 X306.51 Y492.62 Z54.12 nX0.000 nY0.000 nZ-1.000 E202994.50 F6000
G1 X306.51 Y492.82 Z54.12 nX0.000 nY0.000 nZ-1.000 E202994.96 F6000
G1 X468.55 Y497.07 Z54.22 nX0.000 nY0.000 nZ-1.000 E203366.78 F6000
G1 X471.92 Y496.86 Z54.22 nX0.000 nY0.000 nZ-1.000 E203374.52 F6000
G1 X475.62 Y495.97 Z54.22 nX0.000 nY0.000 nZ-1.000 E203383.26 F6000
G1 X479.11 Y494.45 Z54.22 nX0.000 nY0.000 nZ-1.000 E203391.99 F6000
G1 X481.93 Y492.59 Z54.23 nX0.000 nY0.000 nZ-1.000 E203399.73 F6000
G1 X523.73 Y459.34 Z54.26 nX0.000 nY0.000 nZ-1.000 E203522.25 F6000
G1 X524.45 Y458.81 Z54.26 nX0.000 nY0.000 nZ-1.000 E203524.30 F6000
G1 X525.04 Y458.46 Z54.26 nX0.000 nY0.000 nZ-1.000 E203525.88 F6000
G1 X525.66 Y458.15 Z54.26 nX0.000 nY0.000 nZ-1.000 E203527.46 F6000
G1 X526.30 Y457.90 Z54.26 nX0.000 nY0.000 nZ-1.000 E203529.03 F6000
G1 X526.95 Y457.70 Z54.26 nX0.000 nY0.000 nZ-1.000 E203530.61 F6000
G1 X527.63 Y457.55 Z54.26 nX0.000 nY0.000 nZ-1.000 E203532.19 F6000
G1 X528.31 Y457.47 Z54.26 nX0.000 nY0.000 nZ-1.000 E203533.77 F6000
G1 X529.20 Y457.43 Z54.26 nX0.000 nY0.000 nZ-1.000 E203535.82 F6000
G1 X568.31 Y457.43 Z54.29 nX0.000 nY0.000 nZ-1.000 E203625.53 F6000
G1 X569.21 Y457.47 Z54.29 nX0.000 nY0.000 nZ-1.000 E203627.58 F6000
G1 X569.89 Y457.55 Z54.29 nX0.000 nY0.000 nZ-1.000 E203629.16 F6000
G1 X570.56 Y457.70 Z54.29 nX0.000 nY0.000 nZ-1.000 E203630.74 F6000
G1 X571.22 Y457.90 Z54.29 nX0.000 nY0.000 nZ-1.000 E203632.31 F6000
G1 X571.86 Y458.15 Z54.29 nX0.000 nY0.000 nZ-1.000 E203633.89 F6000
G1 X572.48 Y458.46 Z54.29 nX0.000 nY0.000 nZ-1.000 E203635.47 F6000
G1 X573.06 Y458.81 Z54.29 nX0.000 nY0.000 nZ-1.000 E203637.05 F6000
G1 X573.79 Y459.34 Z54.29 nX0.000 nY0.000 nZ-1.000 E203639.10 F6000
G1 X615.59 Y492.59 Z54.33 nX0.000 nY0.000 nZ-1.000 E203761.61 F6000
G1 X618.40 Y494.45 Z54.33 nX0.000 nY0.000 nZ-1.000 E203769.36 F6000
G1 X621.89 Y495.97 Z54.33 nX0.000 nY0.000 nZ-1.000 E203778.09 F6000
G1 X625.60 Y496.86 Z54.33 nX0.000 nY0.000 nZ-1.000 E203786.82 F6000
G1 X628.97 Y497.07 Z54.34 nX0.000 nY0.000 nZ-1.000 E203794.57 F6000
G1 X791.01 Y492.82 Z54.44 nX0.000 nY0.000 nZ-1.000 E204166.39 F6000
G1 X791.01 Y492.62 Z54.44 nX0.000 nY0.000 nZ-1.000 E204166.84 F6000
G1 X792.96 Y492.62 Z54.44 nX0.000 nY0.000 nZ-1.000 E204171.32 F6000
G1 X792.96 Y488.77 Z54.44 nX0.000 nY0.000 nZ-1.000 E204180.16 F6000
G1 X701.27 Y491.17 Z54.50 nX0.000 nY0.000 nZ-1.000 E204390.55 F6000
;Layer 38
G1 X629.04 Y493.06 Z54.54 nX0.000 nY0.000 nZ-1.000 E204556.29 F6000
G1 X626.88 Y492.93 Z54.55 nX0.000 nY0.000 nZ-1.000 E204561.24 F6000
G1 X628.11 Y489.20 Z54.55 nX0.000 nY0.000 nZ-1.000 E204570.25 F6000
G1 X629.10 Y489.26 Z54.55 nX0.000 nY0.000 nZ-1.000 E204572.54 F6000
G1 X796.73 Y484.87 Z54.65 nX0.000 nY0.000 nZ-1.000 E204957.17 F6000
G1 X796.76 Y485.84 Z54.65 nX0.000 nY0.000 nZ-1.000 E204959.41 F6000
G1 X796.76 Y568.63 Z54.71 nX0.000 nY0.000 nZ-1.000 E205149.29 F6000
G1 X598.19 Y568.63 Z54.83 nX0.000 nY0.000 nZ-1.000 E205604.76 F6000
G1 X567.69 Y461.43 Z54.90 nX0.000 nY0.000 nZ-1.000 E205860.42 F6000
G1 X529.83 Y461.43 Z54.93 nX0.000 nY0.000 nZ-1.000 E205947.24 F6000
G1 X499.33 Y568.63 Z55.00 nX0.000 nY0.000 nZ-1.000 E206202.90 F6000
G1 X300.76 Y568.63 Z55.12 nX0.000 nY0.000 nZ-1.000 E206658.37 F6000
G1 X300.76 Y485.84 Z55.17 nX0.000 nY0.000 nZ-1.000 E206848.26 F6000
G1 X300.78 Y484.87 Z55.17 nX0.000 nY0.000 nZ-1.000 E206850.49 F6000
G1 X468.41 Y489.26 Z55.28 nX0.000 nY0.000 nZ-1.000 E207235.13 F6000
G1 X470.76 Y489.12 Z55.28 nX0.000 nY0.000 nZ-1.000 E207240.53 F6000
G1 X473.14 Y488.55 Z55.28 nX0.000 nY0.000 nZ-1.000 E207246.13 F6000
G1 X475.38 Y487.57 Z55.28 nX0.000 nY0.000 nZ-1.000 E207251.73 F6000
G1 X477.34 Y486.27 Z55.28 nX0.000 nY0.000 nZ-1.000 E207257.13 F6000
G1 X519.00 Y453.13 Z55.32 nX0.000 nY0.000 nZ-1.000 E207379.24 F6000
G1 X520.12 Y452.32 Z55.32 nX0.000 nY0.000 nZ-1.000 E207382.42 F6000
G1 X521.27 Y451.62 Z55.32 nX0.000 nY0.000 nZ-1.000 E207385.50 F6000
G1 X522.47 Y451.02 Z55.32 nX0.000 nY0.000 nZ-1.000 E207388.58 F6000
G1 X523.72 Y450.53 Z55.32 nX0.000 nY0.000 nZ-1.000 E207391.66 F6000
G1 X525.01 Y450.14 Z55.32 nX0.000 nY0.000 nZ-1.000 E207394.74 F6000
G1 X526.32 Y449.86 Z55.32 nX0.000 nY0.000 nZ-1.000 E207397.82 F6000
G1 X527.65 Y449.69 Z55.32 nX0.000 nY0.000 nZ-1.000 E207400.90 F6000
G1 X529.04 Y449.63 Z55.32 nX0.000 nY0.000 nZ-1.000 E207404.08 F6000
G1 X567.51 Y449.63 Z55.35 nX0.000 nY0.000 nZ-1.000 E207492.33 F6000
G1 X569.86 Y449.69 Z55.35 nX0.000 nY0.000 nZ-1.000 E207497.72 F6000
G1 X571.19 Y449.86 Z55.35 nX0.000 nY0.000 nZ-1.000 E207500.81 F6000
G1 X572.51 Y450.14 Z55.35 nX0.000 nY0.000 nZ-1.000 E207503.89 F6000
G1 X573.79 Y450.53 Z55.35 nX0.000 nY0.000 nZ-1.000 E207506.97 F6000
G1 X575.04 Y451.02 Z55.35 nX0.000 nY0.000 nZ-1.000 E207510.05 F6000
G1 X576.25 Y451.62 Z55.35 nX0.000 nY0.000 nZ-1.000 E207513.13 F6000
G1 X577.39 Y452.32 Z55.36 nX0.000 nY0.000 nZ-1.000 E207516.21 F6000
G1 X578.51 Y453.13 Z55.36 nX0.000 nY0.000 nZ-1.000 E207519.39 F6000
G1 X620.18 Y486.27 Z55.39 nX0.000 nY0.000 nZ-1.000 E207641.50 F6000
G1 X622.14 Y487.57 Z55.39 nX0.000 nY0.000 nZ-1.000 E207646.90 F6000
G1 X624.38 Y488.55 Z55.39 nX0.000 nY0.000 nZ-1.000 E207652.50 F6000
G1 X623.17 Y492.16 Z55.40 nX0.000 nY0.000 nZ-1.000 E207661.25 F6000
G1 X620.32 Y490.93 Z55.40 nX0.000 nY0.000 nZ-1.000 E207668.38 F6000
G1 X617.94 Y489.35 Z55.40 nX0.000 nY0.000 nZ-1.000 E207674.92 F6000
G1 X576.21 Y456.16 Z55.43 nX0.000 nY0.000 nZ-1.000 E207797.23 F6000
G1 X575.28 Y455.48 Z55.43 nX0.000 nY0.000 nZ-1.000 E207799.86 F6000
G1 X574.41 Y454.95 Z55.43 nX0.000 nY0.000 nZ-1.000 E207802.21 F6000
G1 X573.49 Y454.49 Z55.43 nX0.000 nY0.000 nZ-1.000 E207804.55 F6000
G1 X572.54 Y454.12 Z55.44 nX0.000 nY0.000 nZ-1.000 E207806.90 F6000
G1 X571.56 Y453.82 Z55.44 nX0.000 nY0.000 nZ-1.000 E207809.25 F6000
G1 X570.56 Y453.61 Z55.44 nX0.000 nY0.000 nZ-1.000 E207811.60 F6000
G1 X569.54 Y453.48 Z55.44 nX0.000 nY0.000 nZ-1.000 E207813.95 F6000
G1 X568.40 Y453.43 Z55.44 nX0.000 nY0.000 nZ-1.000 E207816.58 F6000
G1 X529.12 Y453.43 Z55.46 nX0.000 nY0.000 nZ-1.000 E207906.68 F6000
G1 X527.97 Y453.48 Z55.46 nX0.000 nY0.000 nZ-1.000 E207909.31 F6000
G1 X526.96 Y453.61 Z55.46 nX0.000 nY0.000 nZ-1.000 E207911.66 F6000
G1 X525.96 Y453.82 Z55.46 nX0.000 nY0.000 nZ-1.000 E207914.00 F6000
G1 X524.98 Y454.12 Z55.47 nX0.000 nY0.000 nZ-1.000 E207916.35 F6000
G1 X524.02 Y454.49 Z55.47 nX0.000 nY0.000 nZ-1.000 E207918.70 F6000
G1 X523.11 Y454.95 Z55.47 nX0.000 nY0.000 nZ-1.000 E207921.05 F6000
G1 X522.23 Y455.48 Z55.47 nX0.000 nY0.000 nZ-1.000 E207923.40 F6000
G1 X521.31 Y456.16 Z55.47 nX0.000 nY0.000 nZ-1.000 E207926.03 F6000
G1 X479.58 Y489.35 Z55.50 nX0.000 nY0.000 nZ-1.000 E208048.34 F6000
G1 X477.20 Y490.93 Z55.50 nX0.000 nY0.000 nZ-1.000 E208054.88 F6000
G1 X474.35 Y492.16 Z55.51 nX0.000 nY0.000 nZ-1.000 E208062.00 F6000
G1 X471.33 Y492.89 Z55.51 nX0.000 nY0.000 nZ-1.000 E208069.13 F6000
G1 X468.48 Y493.06 Z55.51 nX0.000 nY0.000 nZ-1.000 E208075.67 F6000
G1 X304.56 Y488.77 Z55.61 nX0.000 nY0.000 nZ-1.000 E208451.80 F6000
G1 X304.56 Y492.62 Z55.61 nX0.000 nY0.000 nZ-1.000 E208460.64 F6000
G1 X306.51 Y492.62 Z55.62 nX0.000 nY0.000 nZ-1.000 E208465.12 F6000
G1 X306.51 Y492.82 Z55.62 nX0.000 nY0.000 nZ-1.000 E208465.58 F6000
G1 X468.55 Y497.07 Z55.72 nX0.000 nY0.000 nZ-1.000 E208837.39 F6000
G1 X471.92 Y496.86 Z55.72 nX0.000 nY0.000 nZ-1.000 E208845.14 F6000
G1 X475.62 Y495.97 Z55.72 nX0.000 nY0.000 nZ-1.000 E208853.87 F6000
G1 X479.11 Y494.45 Z55.72 nX0.000 nY0.000 nZ-1.000 E208862.60 F6000
G1 X481.93 Y492.59 Z55.73 nX0.000 nY0.000 nZ-1.000 E208870.35 F6000
G1 X523.73 Y459.34 Z55.76 nX0.000 nY0.000 nZ-1.000 E208992.87 F6000
G1 X524.45 Y458.81 Z55.76 nX0.000 nY0.000 nZ-1.000 E208994.92 F6000
G1 X525.04 Y458.46 Z55.76 nX0.000 nY0.000 nZ-1.000 E208996.49 F6000
G1 X525.66 Y458.15 Z55.76 nX0.000 nY0.000 nZ-1.000 E208998.07 F6000
G1 X526.30 Y457.90 Z55.76 nX0.000 nY0.000 nZ-1.000 E208999.65 F6000
G1 X526.95 Y457.70 Z55.76 nX0.000 nY0.000 nZ-1.000 E209001.23 F6000
G1 X527.63 Y457.55 Z55.76 nX0.000 nY0.000 nZ-1.000 E209002.80 F6000
G1 X528.31 Y457.47 Z55.76 nX0.000 nY0.000 nZ-1.000 E209004.38 F6000
G1 X529.20 Y457.43 Z55.76 nX0.000 nY0.000 nZ-1.000 E209006.43 F6000
G1 X568.31 Y457.43 Z55.79 nX0.000 nY0.000 nZ-1.000 E209096.15 F6000
G1 X569.21 Y457.47 Z55.79 nX0.000 nY0.000 nZ-1.000 E209098.20 F6000
G1 X569.89 Y457.55 Z55.79 nX0.000 nY0.000 nZ-1.000 E209099.77 F6000
G1 X570.56 Y457.70 Z55.79 nX0.000 nY0.000 nZ-1.000 E209101.35 F6000
G1 X571.22 Y457.90 Z55.79 nX0.000 nY0.000 nZ-1.000 E209102.93 F6000
G1 X571.86 Y458.15 Z55.79 nX0.000 nY0.000 nZ-1.000 E209104.51 F6000
G1 X572.48 Y458.46 Z55.79 nX0.000 nY0.000 nZ-1.000 E209106.09 F6000
G1 X573.06 Y458.81 Z55.79 nX0.000 nY0.000 nZ-1.000 E209107.66 F6000
G1 X573.79 Y459.34 Z55.79 nX0.000 nY0.000 nZ-1.000 E209109.71 F6000
G1 X615.59 Y492.59 Z55.83 nX0.000 nY0.000 nZ-1.000 E209232.23 F6000
G1 X618.40 Y494.45 Z55.83 nX0.000 nY0.000 nZ-1.000 E209239.98 F6000
G1 X621.89 Y495.97 Z55.83 nX0.000 nY0.000 nZ-1.000 E209248.71 F6000
G1 X625.60 Y496.86 Z55.83 nX0.000 nY0.000 nZ-1.000 E209257.44 F6000
G1 X628.97 Y497.07 Z55.84 nX0.000 nY0.000 nZ-1.000 E209265.18 F6000
G1 X791.01 Y492.82 Z55.94 nX0.000 nY0.000 nZ-1.000 E209637.00 F6000
G1 X791.01 Y492.62 Z55.94 nX0.000 nY0.000 nZ-1.000 E209637.46 F6000
G1 X792.96 Y492.62 Z55.94 nX0.000 nY0.000 nZ-1.000 E209641.94 F6000
G1 X792.96 Y488.77 Z55.94 nX0.000 nY0.000 nZ-1.000 E209650.78 F6000
G1 X701.27 Y491.17 Z56.00 nX0.000 nY0.000 nZ-1.000 E209861.17 F6000
;Layer 39
G1 X629.04 Y493.06 Z56.04 nX0.000 nY0.000 nZ-1.000 E210026.91 F6000
G1 X626.88 Y492.93 Z56.05 nX0.000 nY0.000 nZ-1.000 E210031.86 F6000
G1 X628.11 Y489.20 Z56.05 nX0.000 nY0.000 nZ-1.000 E210040.87 F6000
G1 X629.10 Y489.26 Z56.05 nX0.000 nY0.000 nZ-1.000 E210043.15 F6000
G1 X796.73 Y484.87 Z56.15 nX0.000 nY0.000 nZ-1.000 E210427.79 F6000
G1 X796.76 Y485.84 Z56.15 nX0.000 nY0.000 nZ-1.000 E210430.02 F6000
G1 X796.76 Y568.63 Z56.21 nX0.000 nY0.000 nZ-1.000 E210619.91 F6000
G1 X598.19 Y568.63 Z56.33 nX0.000 nY0.000 nZ-1.000 E211075.38 F6000
G1 X567.69 Y461.43 Z56.40 nX0.000 nY0.000 nZ-1.000 E211331.03 F6000
G1 X529.83 Y461.43 Z56.43 nX0.000 nY0.000 nZ-1.000 E211417.86 F6000
G1 X499.33 Y568.63 Z56.50 nX0.000 nY0.000 nZ-1.000 E211673.51 F6000
G1 X300.76 Y568.63 Z56.62 nX0.000 nY0.000 nZ-1.000 E212128.99 F6000
G1 X300.76 Y485.84 Z56.67 nX0.000 nY0.000 nZ-1.000 E212318.87 F6000
G1 X300.78 Y484.87 Z56.67 nX0.000 nY0.000 nZ-1.000 E212321.11 F6000
G1 X468.41 Y489.26 Z56.78 nX0.000 nY0.000 nZ-1.000 E212705.74 F6000
G1 X470.76 Y489.12 Z56.78 nX0.000 nY0.000 nZ-1.000 E212711.14 F6000
G1 X473.14 Y488.55 Z56.78 nX0.000 nY0.000 nZ-1.000 E212716.74 F6000
G1 X475.38 Y487.57 Z56.78 nX0.000 nY0.000 nZ-1.000 E212722.34 F6000
G1 X477.34 Y486.27 Z56.78 nX0.000 nY0.000 nZ-1.000 E212727.74 F6000
G1 X519.00 Y453.13 Z56.82 nX0.000 nY0.000 nZ-1.000 E212849.86 F6000
G1 X520.12 Y452.32 Z56.82 nX0.000 nY0.000 nZ-1.000 E212853.03 F6000
G1 X521.27 Y451.62 Z56.82 nX0.000 nY0.000 nZ-1.000 E212856.11 F6000
G1 X522.47 Y451.02 Z56.82 nX0.000 nY0.000 nZ-1.000 E212859.20 F6000
G1 X523.72 Y450.53 Z56.82 nX0.000 nY0.000 nZ-1.000 E212862.28 F6000
G1 X525.01 Y450.14 Z56.82 nX0.000 nY0.000 nZ-1.000 E212865.36 F6000
G1 X526.32 Y449.86 Z56.82 nX0.000 nY0.000 nZ-1.000 E212868.44 F6000
G1 X527.65 Y449.69 Z56.82 nX0.000 nY0.000 nZ-1.000 E212871.52 F6000
G1 X529.04 Y449.63 Z56.82 nX0.000 nY0.000 nZ-1.000 E212874.70 F6000
G1 X567.51 Y449.63 Z56.85 nX0.000 nY0.000 nZ-1.000 E212962.95 F6000
G1 X569.86 Y449.69 Z56.85 nX0.000 nY0.000 nZ-1.000 E212968.34 F6000
G1 X571.19 Y449.86 Z56.85 nX0.000 nY0.000 nZ-1.000 E212971.42 F6000
G1 X572.51 Y450.14 Z56.85 nX0.000 nY0.000 nZ-1.000 E212974.50 F6000
G1 X573.79 Y450.53 Z56.85 nX0.000 nY0.000 nZ-1.000 E212977.58 F6000
G1 X575.04 Y451.02 Z56.85 nX0.000 nY0.000 nZ-1.000 E212980.67 F6000
G1 X576.25 Y451.62 Z56.85 nX0.000 nY0.000 nZ-1.000 E212983.75 F6000
G1 X577.39 Y452.32 Z56.86 nX0.000 nY0.000 nZ-1.000 E212986.83 F6000
G1 X578.51 Y453.13 Z56.86 nX0.000 nY0.000 nZ-1.000 E212990.01 F6000
G1 X620.18 Y486.27 Z56.89 nX0.000 nY0.000 nZ-1.000 E213112.12 F6000
G1 X622.14 Y487.57 Z56.89 nX0.000 nY0.000 nZ-1.000 E213117.52 F6000
G1 X624.38 Y488.55 Z56.89 nX0.000 nY0.000 nZ-1.000 E213123.12 F6000
G1 X623.17 Y492.16 Z56.90 nX0.000 nY0.000 nZ-1.000 E213131.87 F6000
G1 X620.32 Y490.93 Z56.90 nX0.000 nY0.000 nZ-1.000 E213138.99 F6000
G1 X617.94 Y489.35 Z56.90 nX0.000 nY0.000 nZ-1.000 E213145.54 F6000
G1 X576.21 Y456.16 Z56.93 nX0.000 nY0.000 nZ-1.000 E213267.85 F6000
G1 X575.28 Y455.48 Z56.93 nX0.000 nY0.000 nZ-1.000 E213270.47 F6000
G1 X574.41 Y454.95 Z56.93 nX0.000 nY0.000 nZ-1.000 E213272.82 F6000
G1 X573.49 Y454.49 Z56.93 nX0.000 nY0.000 nZ-1.000 E213275.17 F6000
G1 X572.54 Y454.12 Z56.94 nX0.000 nY0.000 nZ-1.000 E213277.52 F6000
G1 X571.56 Y453.82 Z56.94 nX0.000 nY0.000 nZ-1.000 E213279.87 F6000
G1 X570.56 Y453.61 Z56.94 nX0.000 nY0.000 nZ-1.000 E213282.22 F6000
G1 X569.54 Y453.48 Z56.94 nX0.000 nY0.000 nZ-1.000 E213284.57 F6000
G1 X568.40 Y453.43 Z56.94 nX0.000 nY0.000 nZ-1.000 E213287.20 F6000
G1 X529.12 Y453.43 Z56.96 nX0.000 nY0.000 nZ-1.000 E213377.29 F6000
G1 X527.97 Y453.48 Z56.96 nX0.000 nY0.000 nZ-1.000 E213379.92 F6000
G1 X526.96 Y453.61 Z56.96 nX0.000 nY0.000 nZ-1.000 E213382.27 F6000
G1 X525.96 Y453.82 Z56.96 nX0.000 nY0.000 nZ-1.000 E213384.62 F6000
G1 X524.98 Y454.12 Z56.97 nX0.000 nY0.000 nZ-1.000 E213386.97 F6000
G1 X524.02 Y454.49 Z56.97 nX0.000 nY0.000 nZ-1.000 E213389.32 F6000
G1 X523.11 Y454.95 Z56.97 nX0.000 nY0.000 nZ-1.000 E213391.67 F6000
G1 X522.23 Y455.48 Z56.97 nX0.000 nY0.000 nZ-1.000 E213394.02 F6000
G1 X521.31 Y456.16 Z56.97 nX0.000 nY0.000 nZ-1.000 E213396.64 F6000
G1 X479.58 Y489.35 Z57.00 nX0.000 nY0.000 nZ-1.000 E213518.95 F6000
G1 X477.20 Y490.93 Z57.00 nX0.000 nY0.000 nZ-1.000 E213525.50 F6000
G1 X474.35 Y492.16 Z57.01 nX0.000 nY0.000 nZ-1.000 E213532.62 F6000
G1 X471.33 Y492.89 Z57.01 nX0.000 nY0.000 nZ-1.000 E213539.75 F6000
G1 X468.48 Y493.06 Z57.01 nX0.000 nY0.000 nZ-1.000 E213546.29 F6000
G1 X304.56 Y488.77 Z57.11 nX0.000 nY0.000 nZ-1.000 E213922.42 F6000
G1 X304.56 Y492.62 Z57.11 nX0.000 nY0.000 nZ-1.000 E213931.26 F6000
G1 X306.51 Y492.62 Z57.12 nX0.000 nY0.000 nZ-1.000 E213935.74 F6000
G1 X306.51 Y492.82 Z57.12 nX0.000 nY0.000 nZ-1.000 E213936.19 F6000
G1 X468.55 Y497.07 Z57.22 nX0.000 nY0.000 nZ-1.000 E214308.01 F6000
G1 X471.92 Y496.86 Z57.22 nX0.000 nY0.000 nZ-1.000 E214315.76 F6000
G1 X475.62 Y495.97 Z57.22 nX0.000 nY0.000 nZ-1.000 E214324.49 F6000
G1 X479.11 Y494.45 Z57.22 nX0.000 nY0.000 nZ-1.000 E214333.22 F6000
G1 X481.93 Y492.59 Z57.23 nX0.000 nY0.000 nZ-1.000 E214340.97 F6000
G1 X523.73 Y459.34 Z57.26 nX0.000 nY0.000 nZ-1.000 E214463.48 F6000
G1 X524.45 Y458.81 Z57.26 nX0.000 nY0.000 nZ-1.000 E214465.53 F6000
G1 X525.04 Y458.46 Z57.26 nX0.000 nY0.000 nZ-1.000 E214467.11 F6000
G1 X525.66 Y458.15 Z57.26 nX0.000 nY0.000 nZ-1.000 E214468.69 F6000
G1 X526.30 Y457.90 Z57.26 nX0.000 nY0.000 nZ-1.000 E214470.27 F6000
G1 X526.95 Y457.70 Z57.26 nX0.000 nY0.000 nZ-1.000 E214471.84 F6000
G1 X527.63 Y457.55 Z57.26 nX0.000 nY0.000 nZ-1.000 E214473.42 F6000
G1 X528.31 Y457.47 Z57.26 nX0.000 nY0.000 nZ-1.000 E214475.00 F6000
G1 X529.20 Y457.43 Z57.26 nX0.000 nY0.000 nZ-1.000 E214477.05 F6000
G1 X568.31 Y457.43 Z57.29 nX0.000 nY0.000 nZ-1.000 E214566.76 F6000
G1 X569.21 Y457.47 Z57.29 nX0.000 nY0.000 nZ-1.000 E214568.81 F6000
G1 X569.89 Y457.55 Z57.29 nX0.000 nY0.000 nZ-1.000 E214570.39 F6000
G1 X570.56 Y457.70 Z57.29 nX0.000 nY0.000 nZ-1.000 E214571.97 F6000
G1 X571.22 Y457.90 Z57.29 nX0.000 nY0.000 nZ-1.000 E214573.55 F6000
G1 X571.86 Y458.15 Z57.29 nX0.000 nY0.000 nZ-1.000 E214575.12 F6000
G1 X572.48 Y458.46 Z57.29 nX0.000 nY0.000 nZ-1.000 E214576.70 F6000
G1 X573.06 Y458.81 Z57.29 nX0.000 nY0.000 nZ-1.000 E214578.28 F6000
G1 X573.79 Y459.34 Z57.29 nX0.000 nY0.000 nZ-1.000 E214580.33 F6000
G1 X615.59 Y492.59 Z57.33 nX0.000 nY0.000 nZ-1.000 E214702.85 F6000
G1 X618.40 Y494.45 Z57.33 nX0.000 nY0.000 nZ-1.000 E214710.59 F6000
G1 X621.89 Y495.97 Z57.33 nX0.000 nY0.000 nZ-1.000 E214719.32 F6000
G1 X625.60 Y496.86 Z57.33 nX0.000 nY0.000 nZ-1.000 E214728.06 F6000
G1 X628.97 Y497.07 Z57.34 nX0.000 nY0.000 nZ-1.000 E214735.80 F6000
G1 X791.01 Y492.82 Z57.44 nX0.000 nY0.000 nZ-1.000 E215107.62 F6000
G1 X791.01 Y492.62 Z57.44 nX0.000 nY0.000 nZ-1.000 E215108.08 F6000
G1 X792.96 Y492.62 Z57.44 nX0.000 nY0.000 nZ-1.000 E215112.56 F6000
G1 X792.96 Y488.77 Z57.44 nX0.000 nY0.000 nZ-1.000 E215121.40 F6000
G1 X701.27 Y491.17 Z57.50 nX0.000 nY0.000 nZ-1.000 E215331.79 F6000
;Layer 40
G1 X629.04 Y493.06 Z57.54 nX0.000 nY0.000 nZ-1.000 E215497.52 F6000
G1 X626.88 Y492.93 Z57.55 nX0.000 nY0.000 nZ-1.000 E215502.48 F6000
G1 X628.11 Y489.20 Z57.55 nX0.000 nY0.000 nZ-1.000 E215511.49 F6000
G1 X629.10 Y489.26 Z57.55 nX0.000 nY0.000 nZ-1.000 E215513.77 F6000
G1 X796.73 Y484.87 Z57.65 nX0.000 nY0.000 nZ-1.000 E215898.41 F6000
G1 X796.76 Y485.84 Z57.65 nX0.000 nY0.000 nZ-1.000 E215900.64 F6000
G1 X796.76 Y568.63 Z57.71 nX0.000 nY0.000 nZ-1.000 E216090.53 F6000
G1 X598.19 Y568.63 Z57.83 nX0.000 nY0.000 nZ-1.000 E216546.00 F6000
G1 X567.69 Y461.43 Z57.90 nX0.000 nY0.000 nZ-1.000 E216801.65 F6000
G1 X529.83 Y461.43 Z57.93 nX0.000 nY0.000 nZ-1.000 E216888.48 F6000
G1 X499.33 Y568.63 Z58.00 nX0.000 nY0.000 nZ-1.000 E217144.13 F6000
G1 X300.76 Y568.63 Z58.12 nX0.000 nY0.000 nZ-1.000 E217599.60 F6000
G1 X300.76 Y485.84 Z58.17 nX0.000 nY0.000 nZ-1.000 E217789.49 F6000
G1 X300.78 Y484.87 Z58.17 nX0.000 nY0.000 nZ-1.000 E217791.72 F6000
G1 X468.41 Y489.26 Z58.28 nX0.000 nY0.000 nZ-1.000 E218176.36 F6000
G1 X470.76 Y489.12 Z58.28 nX0.000 nY0.000 nZ-1.000 E218181.76 F6000
G1 X473.14 Y488.55 Z58.28 nX0.000 nY0.000 nZ-1.000 E218187.36 F6000
G1 X475.38 Y487.57 Z58.28 nX0.000 nY0.000 nZ-1.000 E218192.96 F6000
G1 X477.34 Y486.27 Z58.28 nX0.000 nY0.000 nZ-1.000 E218198.36 F6000
G1 X519.00 Y453.13 Z58.32 nX0.000 nY0.000 nZ-1.000 E218320.47 F6000
G1 X520.12 Y452.32 Z58.32 nX0.000 nY0.000 nZ-1.000 E218323.65 F6000
G1 X521.27 Y451.62 Z58.32 nX0.000 nY0.000 nZ-1.000 E218326.73 F6000
G1 X522.47 Y451.02 Z58.32 nX0.000 nY0.000 nZ-1.000 E218329.81 F6000
G1 X523.72 Y450.53 Z58.32 nX0.000 nY0.000 nZ-1.000 E218332.89 F6000
G1 X525.01 Y450.14 Z58.32 nX0.000 nY0.000 nZ-1.000 E218335.98 F6000
G1 X526.32 Y449.86 Z58.32 nX0.000 nY0.000 nZ-1.000 E218339.06 F6000
G1 X527.65 Y449.69 Z58.32 nX0.000 nY0.000 nZ-1.000 E218342.14 F6000
G1 X529.04 Y449.63 Z58.32 nX0.000 nY0.000 nZ-1.000 E218345.32 F6000
G1 X567.51 Y449.63 Z58.35 nX0.000 nY0.000 nZ-1.000 E218433.56 F6000
G1 X569.86 Y449.69 Z58.35 nX0.000 nY0.000 nZ-1.000 E218438.96 F6000
G1 X571.19 Y449.86 Z58.35 nX0.000 nY0.000 nZ-1.000 E218442.04 F6000
G1 X572.51 Y450.14 Z58.35 nX0.000 nY0.000 nZ-1.000 E218445.12 F6000
G1 X573.79 Y450.53 Z58.35 nX0.000 nY0.000 nZ-1.000 E218448.20 F6000
G1 X575.04 Y451.02 Z58.35 nX0.000 nY0.000 nZ-1.000 E218451.28 F6000
G1 X576.25 Y451.62 Z58.35 nX0.000 nY0.000 nZ-1.000 E218454.36 F6000
G1 X577.39 Y452.32 Z58.36 nX0.000 nY0.000 nZ-1.000 E218457.45 F6000
G1 X578.51 Y453.13 Z58.36 nX0.000 nY0.000 nZ-1.000 E218460.62 F6000
G1 X620.18 Y486.27 Z58.39 nX0.000 nY0.000 nZ-1.000 E218582.74 F6000
G1 X622.14 Y487.57 Z58.39 nX0.000 nY0.000 nZ-1.000 E218588.14 F6000
G1 X624.38 Y488.55 Z58.39 nX0.000 nY0.000 nZ-1.000 E218593.74 F6000
G1 X623.17 Y492.16 Z58.40 nX0.000 nY0.000 nZ-1.000 E218602.49 F6000
G1 X620.32 Y490.93 Z58.40 nX0.000 nY0.000 nZ-1.000 E218609.61 F6000
G1 X617.94 Y489.35 Z58.40 nX0.000 nY0.000 nZ-1.000 E218616.15 F6000
G1 X576.21 Y456.16 Z58.43 nX0.000 nY0.000 nZ-1.000 E218738.46 F6000
G1 X575.28 Y455.48 Z58.43 nX0.000 nY0.000 nZ-1.000 E218741.09 F6000
G1 X574.41 Y454.95 Z58.43 nX0.000 nY0.000 nZ-1.000 E218743.44 F6000
G1 X573.49 Y454.49 Z58.43 nX0.000 nY0.000 nZ-1.000 E218745.79 F6000
G1 X572.54 Y454.12 Z58.44 nX0.000 nY0.000 nZ-1.000 E218748.14 F6000
G1 X571.56 Y453.82 Z58.44 nX0.000 nY0.000 nZ-1.000 E218750.49 F6000
G1 X570.56 Y453.61 Z58.44 nX0.000 nY0.000 nZ-1.000 E218752.84 F6000
G1 X569.54 Y453.48 Z58.44 nX0.000 nY0.000 nZ-1.000 E218755.18 F6000
G1 X568.40 Y453.43 Z58.44 nX0.000 nY0.000 nZ-1.000 E218757.81 F6000
G1 X529.12 Y453.43 Z58.46 nX0.000 nY0.000 nZ-1.000 E218847.91 F6000
G1 X527.97 Y453.48 Z58.46 nX0.000 nY0.000 nZ-1.000 E218850.54 F6000
G1 X526.96 Y453.61 Z58.46 nX0.000 nY0.000 nZ-1.000 E218852.89 F6000
G1 X525.96 Y453.82 Z58.46 nX0.000 nY0.000 nZ-1.000 E218855.24 F6000
G1 X524.98 Y454.12 Z58.47 nX0.000 nY0.000 nZ-1.000 E218857.59 F6000
G1 X524.02 Y454.49 Z58.47 nX0.000 nY0.000 nZ-1.000 E218859.94 F6000
G1 X523.11 Y454.95 Z58.47 nX0.000 nY0.000 nZ-1.000 E218862.28 F6000
G1 X522.23 Y455.48 Z58.47 nX0.000 nY0.000 nZ-1.000 E218864.63 F6000
G1 X521.31 Y456.16 Z58.47 nX0.000 nY0.000 nZ-1.000 E218867.26 F6000
G1 X479.58 Y489.35 Z58.50 nX0.000 nY0.000 nZ-1.000 E218989.57 F6000
G1 X477.20 Y490.93 Z58.50 nX0.000 nY0.000 nZ-1.000 E218996.11 F6000
G1 X474.35 Y492.16 Z58.51 nX0.000 nY0.000 nZ-1.000 E219003.24 F6000
G1 X471.33 Y492.89 Z58.51 nX0.000 nY0.000 nZ-1.000 E219010.37 F6000
G1 X468.48 Y493.06 Z58.51 nX0.000 nY0.000 nZ-1.000 E219016.91 F6000
G1 X304.56 Y488.77 Z58.61 nX0.000 nY0.000 nZ-1.000 E219393.04 F6000
G1 X304.56 Y492.62 Z58.61 nX0.000 nY0.000 nZ-1.000 E219401.87 F6000
G1 X306.51 Y492.62 Z58.62 nX0.000 nY0.000 nZ-1.000 E219406.35 F6000
G1 X306.51 Y492.82 Z58.62 nX0.000 nY0.000 nZ-1.000 E219406.81 F6000
G1 X468.55 Y497.07 Z58.72 nX0.000 nY0.000 nZ-1.000 E219778.63 F6000
G1 X471.92 Y496.86 Z58.72 nX0.000 nY0.000 nZ-1.000 E219786.38 F6000
G1 X475.62 Y495.97 Z58.72 nX0.000 nY0.000 nZ-1.000 E219795.11 F6000
G1 X479.11 Y494.45 Z58.72 nX0.000 nY0.000 nZ-1.000 E219803.84 F6000
G1 X481.93 Y492.59 Z58.73 nX0.000 nY0.000 nZ-1.000 E219811.58 F6000
G1 X523.73 Y459.34 Z58.76 nX0.000 nY0.000 nZ-1.000 E219934.10 F6000
G1 X524.45 Y458.81 Z58.76 nX0.000 nY0.000 nZ-1.000 E219936.15 F6000
G1 X525.04 Y458.46 Z58.76 nX0.000 nY0.000 nZ-1.000 E219937.73 F6000
G1 X525.66 Y458.15 Z58.76 nX0.000 nY0.000 nZ-1.000 E219939.31 F6000
G1 X526.30 Y457.90 Z58.76 nX0.000 nY0.000 nZ-1.000 E219940.88 F6000
G1 X526.95 Y457.70 Z58.76 nX0.000 nY0.000 nZ-1.000 E219942.46 F6000
G1 X527.63 Y457.55 Z58.76 nX0.000 nY0.000 nZ-1.000 E219944.04 F6000
G1 X528.31 Y457.47 Z58.76 nX0.000 nY0.000 nZ-1.000 E219945.62 F6000
G1 X529.20 Y457.43 Z58.76 nX0.000 nY0.000 nZ-1.000 E219947.67 F6000
G1 X568.31 Y457.43 Z58.79 nX0.000 nY0.000 nZ-1.000 E220037.38 F6000
G1 X569.21 Y457.47 Z58.79 nX0.000 nY0.000 nZ-1.000 E220039.43 F6000
G1 X569.89 Y457.55 Z58.79 nX0.000 nY0.000 nZ-1.000 E220041.01 F6000
G1 X570.56 Y457.70 Z58.79 nX0.000 nY0.000 nZ-1.000 E220042.59 F6000
G1 X571.22 Y457.90 Z58.79 nX0.000 nY0.000 nZ-1.000 E220044.16 F6000
G1 X571.86 Y458.15 Z58.79 nX0.000 nY0.000 nZ-1.000 E220045.74 F6000
G1 X572.48 Y458.46 Z58.79 nX0.000 nY0.000 nZ-1.000 E220047.32 F6000
G1 X573.06 Y458.81 Z58.79 nX0.000 nY0.000 nZ-1.000 E220048.90 F6000
G1 X573.79 Y459.34 Z58.79 nX0.000 nY0.000 nZ-1.000 E220050.95 F6000
G1 X615.59 Y492.59 Z58.83 nX0.000 nY0.000 nZ-1.000 E220173.46 F6000
G1 X618.40 Y494.45 Z58.83 nX0.000 nY0.000 nZ-1.000 E220181.21 F6000
G1 X621.89 Y495.97 Z58.83 nX0.000 nY0.000 nZ-1.000 E220189.94 F6000
G1 X625.60 Y496.86 Z58.83 nX0.000 nY0.000 nZ-1.000 E220198.67 F6000
G1 X628.97 Y497.07 Z58.84 nX0.000 nY0.000 nZ-1.000 E220206.42 F6000
G1 X791.01 Y492.82 Z58.94 nX0.000 nY0.000 nZ-1.000 E220578.24 F6000
G1 X791.01 Y492.62 Z58.94 nX0.000 nY0.000 nZ-1.000 E220578.69 F6000
G1 X792.96 Y492.62 Z58.94 nX0.000 nY0.000 nZ-1.000 E220583.17 F6000
G1 X792.96 Y488.77 Z58.94 nX0.000 nY0.000 nZ-1.000 E220592.01 F6000
G1 X701.27 Y491.17 Z59.00 nX0.000 nY0.000 nZ-1.000 E220802.41 F6000
;Layer 41
G1 X629.04 Y493.06 Z59.04 nX0.000 nY0.000 nZ-1.000 E220968.14 F6000
G1 X626.86 Y492.93 Z59.05 nX0.000 nY0.000 nZ-1.000 E220973.14 F6000
G1 X623.17 Y492.16 Z59.05 nX0.000 nY0.000 nZ-1.000 E220981.79 F6000
G1 X620.32 Y490.93 Z59.05 nX0.000 nY0.000 nZ-1.000 E220988.92 F6000
G1 X617.94 Y489.35 Z59.05 nX0.000 nY0.000 nZ-1.000 E220995.46 F6000
G1 X576.21 Y456.16 Z59.09 nX0.000 nY0.000 nZ-1.000 E221117.77 F6000
G1 X575.28 Y455.48 Z59.09 nX0.000 nY0.000 nZ-1.000 E221120.40 F6000
G1 X574.41 Y454.95 Z59.09 nX0.000 nY0.000 nZ-1.000 E221122.74 F6000
G1 X573.49 Y454.49 Z59.09 nX0.000 nY0.000 nZ-1.000 E221125.09 F6000
G1 X572.54 Y454.12 Z59.09 nX0.000 nY0.000 nZ-1.000 E221127.44 F6000
G1 X571.56 Y453.82 Z59.09 nX0.000 nY0.000 nZ-1.000 E221129.79 F6000
G1 X570.56 Y453.61 Z59.09 nX0.000 nY0.000 nZ-1.000 E221132.14 F6000
G1 X569.54 Y453.48 Z59.09 nX0.000 nY0.000 nZ-1.000 E221134.49 F6000
G1 X568.40 Y453.43 Z59.09 nX0.000 nY0.000 nZ-1.000 E221137.12 F6000
G1 X529.12 Y453.43 Z59.12 nX0.000 nY0.000 nZ-1.000 E221227.22 F6000
G1 X527.97 Y453.48 Z59.12 nX0.000 nY0.000 nZ-1.000 E221229.84 F6000
G1 X526.96 Y453.61 Z59.12 nX0.000 nY0.000 nZ-1.000 E221232.19 F6000
G1 X525.96 Y453.82 Z59.12 nX0.000 nY0.000 nZ-1.000 E221234.54 F6000
G1 X524.98 Y454.12 Z59.12 nX0.000 nY0.000 nZ-1.000 E221236.89 F6000
G1 X524.02 Y454.49 Z59.12 nX0.000 nY0.000 nZ-1.000 E221239.24 F6000
G1 X523.11 Y454.95 Z59.12 nX0.000 nY0.000 nZ-1.000 E221241.59 F6000
G1 X522.23 Y455.48 Z59.12 nX0.000 nY0.000 nZ-1.000 E221243.94 F6000
G1 X521.31 Y456.16 Z59.12 nX0.000 nY0.000 nZ-1.000 E221246.57 F6000
G1 X479.58 Y489.35 Z59.15 nX0.000 nY0.000 nZ-1.000 E221368.88 F6000
G1 X477.78 Y490.54 Z59.16 nX0.000 nY0.000 nZ-1.000 E221373.83 F6000
G1 X476.51 Y486.82 Z59.16 nX0.000 nY0.000 nZ-1.000 E221382.84 F6000
G1 X477.34 Y486.27 Z59.16 nX0.000 nY0.000 nZ-1.000 E221385.12 F6000
G1 X519.00 Y453.13 Z59.19 nX0.000 nY0.000 nZ-1.000 E221507.24 F6000
G1 X520.12 Y452.32 Z59.19 nX0.000 nY0.000 nZ-1.000 E221510.41 F6000
G1 X521.27 Y451.62 Z59.19 nX0.000 nY0.000 nZ-1.000 E221513.49 F6000
G1 X522.47 Y451.02 Z59.19 nX0.000 nY0.000 nZ-1.000 E221516.58 F6000
G1 X523.72 Y450.53 Z59.20 nX0.000 nY0.000 nZ-1.000 E221519.66 F6000
G1 X525.01 Y450.14 Z59.20 nX0.000 nY0.000 nZ-1.000 E221522.74 F6000
G1 X526.32 Y449.86 Z59.20 nX0.000 nY0.000 nZ-1.000 E221525.82 F6000
G1 X527.65 Y449.69 Z59.20 nX0.000 nY0.000 nZ-1.000 E221528.90 F6000
G1 X529.04 Y449.63 Z59.20 nX0.000 nY0.000 nZ-1.000 E221532.08 F6000
G1 X567.51 Y449.63 Z59.22 nX0.000 nY0.000 nZ-1.000 E221620.33 F6000
G1 X569.86 Y449.69 Z59.22 nX0.000 nY0.000 nZ-1.000 E221625.72 F6000
G1 X571.19 Y449.86 Z59.23 nX0.000 nY0.000 nZ-1.000 E221628.80 F6000
G1 X572.51 Y450.14 Z59.23 nX0.000 nY0.000 nZ-1.000 E221631.88 F6000
G1 X573.79 Y450.53 Z59.23 nX0.000 nY0.000 nZ-1.000 E221634.96 F6000
G1 X575.04 Y451.02 Z59.23 nX0.000 nY0.000 nZ-1.000 E221638.05 F6000
G1 X576.25 Y451.62 Z59.23 nX0.000 nY0.000 nZ-1.000 E221641.13 F6000
G1 X577.39 Y452.32 Z59.23 nX0.000 nY0.000 nZ-1.000 E221644.21 F6000
G1 X578.51 Y453.13 Z59.23 nX0.000 nY0.000 nZ-1.000 E221647.39 F6000
G1 X620.18 Y486.27 Z59.26 nX0.000 nY0.000 nZ-1.000 E221769.50 F6000
G1 X622.14 Y487.57 Z59.27 nX0.000 nY0.000 nZ-1.000 E221774.90 F6000
G1 X624.38 Y488.55 Z59.27 nX0.000 nY0.000 nZ-1.000 E221780.50 F6000
G1 X627.78 Y489.45 Z59.27 nX0.000 nY0.000 nZ-1.000 E221788.56 F6000
G1 X629.10 Y489.26 Z59.27 nX0.000 nY0.000 nZ-1.000 E221791.64 F6000
G1 X796.73 Y484.87 Z59.38 nX0.000 nY0.000 nZ-1.000 E222176.27 F6000
G1 X796.76 Y485.84 Z59.38 nX0.000 nY0.000 nZ-1.000 E222178.51 F6000
G1 X796.76 Y568.63 Z59.43 nX0.000 nY0.000 nZ-1.000 E222368.40 F6000
G1 X598.19 Y568.63 Z59.55 nX0.000 nY0.000 nZ-1.000 E222823.86 F6000
G1 X567.69 Y461.43 Z59.62 nX0.000 nY0.000 nZ-1.000 E223079.52 F6000
G1 X529.83 Y461.43 Z59.65 nX0.000 nY0.000 nZ-1.000 E223166.34 F6000
G1 X499.33 Y568.63 Z59.72 nX0.000 nY0.000 nZ-1.000 E223422.00 F6000
G1 X300.76 Y568.63 Z59.84 nX0.000 nY0.000 nZ-1.000 E223877.47 F6000
G1 X300.76 Y485.84 Z59.89 nX0.000 nY0.000 nZ-1.000 E224067.36 F6000
G1 X300.78 Y484.87 Z59.89 nX0.000 nY0.000 nZ-1.000 E224069.59 F6000
G1 X468.41 Y489.26 Z60.00 nX0.000 nY0.000 nZ-1.000 E224454.23 F6000
G1 X470.76 Y489.12 Z60.00 nX0.000 nY0.000 nZ-1.000 E224459.63 F6000
G1 X473.14 Y488.55 Z60.00 nX0.000 nY0.000 nZ-1.000 E224465.23 F6000
G1 X474.35 Y492.16 Z60.01 nX0.000 nY0.000 nZ-1.000 E224473.98 F6000
G1 X471.33 Y492.89 Z60.01 nX0.000 nY0.000 nZ-1.000 E224481.10 F6000
G1 X468.48 Y493.06 Z60.01 nX0.000 nY0.000 nZ-1.000 E224487.65 F6000
G1 X304.56 Y488.77 Z60.11 nX0.000 nY0.000 nZ-1.000 E224863.77 F6000
G1 X304.56 Y492.62 Z60.11 nX0.000 nY0.000 nZ-1.000 E224872.61 F6000
G1 X306.51 Y492.62 Z60.12 nX0.000 nY0.000 nZ-1.000 E224877.09 F6000
G1 X306.51 Y492.82 Z60.12 nX0.000 nY0.000 nZ-1.000 E224877.55 F6000
G1 X468.55 Y497.07 Z60.22 nX0.000 nY0.000 nZ-1.000 E225249.37 F6000
G1 X471.92 Y496.86 Z60.22 nX0.000 nY0.000 nZ-1.000 E225257.11 F6000
G1 X475.62 Y495.97 Z60.22 nX0.000 nY0.000 nZ-1.000 E225265.84 F6000
G1 X479.11 Y494.45 Z60.22 nX0.000 nY0.000 nZ-1.000 E225274.58 F6000
G1 X481.93 Y492.59 Z60.23 nX0.000 nY0.000 nZ-1.000 E225282.32 F6000
G1 X523.73 Y459.34 Z60.26 nX0.000 nY0.000 nZ-1.000 E225404.84 F6000
G1 X524.45 Y458.81 Z60.26 nX0.000 nY0.000 nZ-1.000 E225406.89 F6000
G1 X525.04 Y458.46 Z60.26 nX0.000 nY0.000 nZ-1.000 E225408.47 F6000
G1 X525.66 Y458.15 Z60.26 nX0.000 nY0.000 nZ-1.000 E225410.04 F6000
G1 X526.30 Y457.90 Z60.26 nX0.000 nY0.000 nZ-1.000 E225411.62 F6000
G1 X526.95 Y457.70 Z60.26 nX0.000 nY0.000 nZ-1.000 E225413.20 F6000
G1 X527.63 Y457.55 Z60.26 nX0.000 nY0.000 nZ-1.000 E225414.78 F6000
G1 X528.31 Y457.47 Z60.26 nX0.000 nY0.000 nZ-1.000 E225416.36 F6000
G1 X529.20 Y457.43 Z60.26 nX0.000 nY0.000 nZ-1.000 E225418.41 F6000
G1 X568.31 Y457.43 Z60.29 nX0.000 nY0.000 nZ-1.000 E225508.12 F6000
G1 X569.21 Y457.47 Z60.29 nX0.000 nY0.000 nZ-1.000 E225510.17 F6000
G1 X569.89 Y457.55 Z60.29 nX0.000 nY0.000 nZ-1.000 E225511.75 F6000
G1 X570.56 Y457.70 Z60.29 nX0.000 nY0.000 nZ-1.000 E225513.32 F6000
G1 X571.22 Y457.90 Z60.29 nX0.000 nY0.000 nZ-1.000 E225514.90 F6000
G1 X571.86 Y458.15 Z60.29 nX0.000 nY0.000 nZ-1.000 E225516.48 F6000
G1 X572.48 Y458.46 Z60.29 nX0.000 nY0.000 nZ-1.000 E225518.06 F6000
G1 X573.06 Y458.81 Z60.29 nX0.000 nY0.000 nZ-1.000 E225519.63 F6000
G1 X573.79 Y459.34 Z60.29 nX0.000 nY0.000 nZ-1.000 E225521.68 F6000
G1 X615.59 Y492.59 Z60.33 nX0.000 nY0.000 nZ-1.000 E225644.20 F6000
G1 X618.40 Y494.45 Z60.33 nX0.000 nY0.000 nZ-1.000 E225651.95 F6000
G1 X621.89 Y495.97 Z60.33 nX0.000 nY0.000 nZ-1.000 E225660.68 F6000
G1 X625.60 Y496.86 Z60.33 nX0.000 nY0.000 nZ-1.000 E225669.41 F6000
G1 X628.97 Y497.07 Z60.34 nX0.000 nY0.000 nZ-1.000 E225677.16 F6000
G1 X791.01 Y492.82 Z60.44 nX0.000 nY0.000 nZ-1.000 E226048.98 F6000
G1 X791.01 Y492.62 Z60.44 nX0.000 nY0.000 nZ-1.000 E226049.43 F6000
G1 X792.96 Y492.62 Z60.44 nX0.000 nY0.000 nZ-1.000 E226053.91 F6000
G1 X792.96 Y488.77 Z60.44 nX0.000 nY0.000 nZ-1.000 E226062.75 F6000
G1 X701.27 Y491.17 Z60.50 nX0.000 nY0.000 nZ-1.000 E226273.14 F6000
;Layer 42
G1 X629.04 Y493.06 Z60.54 nX0.000 nY0.000 nZ-1.000 E226438.88 F6000
G1 X626.19 Y492.89 Z60.55 nX0.000 nY0.000 nZ-1.000 E226445.42 F6000
G1 X623.17 Y492.16 Z60.55 nX0.000 nY0.000 nZ-1.000 E226452.55 F6000
G1 X620.32 Y490.93 Z60.55 nX0.000 nY0.000 nZ-1.000 E226459.67 F6000
G1 X617.94 Y489.35 Z60.55 nX0.000 nY0.000 nZ-1.000 E226466.22 F6000
G1 X576.21 Y456.16 Z60.59 nX0.000 nY0.000 nZ-1.000 E226588.53 F6000
G1 X575.28 Y455.48 Z60.59 nX0.000 nY0.000 nZ-1.000 E226591.15 F6000
G1 X574.41 Y454.95 Z60.59 nX0.000 nY0.000 nZ-1.000 E226593.50 F6000
G1 X573.49 Y454.49 Z60.59 nX0.000 nY0.000 nZ-1.000 E226595.85 F6000
G1 X572.54 Y454.12 Z60.59 nX0.000 nY0.000 nZ-1.000 E226598.20 F6000
G1 X571.56 Y453.82 Z60.59 nX0.000 nY0.000 nZ-1.000 E226600.55 F6000
G1 X570.56 Y453.61 Z60.59 nX0.000 nY0.000 nZ-1.000 E226602.90 F6000
G1 X569.54 Y453.48 Z60.59 nX0.000 nY0.000 nZ-1.000 E226605.25 F6000
G1 X568.40 Y453.43 Z60.59 nX0.000 nY0.000 nZ-1.000 E226607.87 F6000
G1 X529.12 Y453.43 Z60.62 nX0.000 nY0.000 nZ-1.000 E226697.97 F6000
G1 X527.97 Y453.48 Z60.62 nX0.000 nY0.000 nZ-1.000 E226700.60 F6000
G1 X526.96 Y453.61 Z60.62 nX0.000 nY0.000 nZ-1.000 E226702.95 F6000
G1 X525.96 Y453.82 Z60.62 nX0.000 nY0.000 nZ-1.000 E226705.30 F6000
G1 X524.98 Y454.12 Z60.62 nX0.000 nY0.000 nZ-1.000 E226707.65 F6000
G1 X524.02 Y454.49 Z60.62 nX0.000 nY0.000 nZ-1.000 E226710.00 F6000
G1 X523.11 Y454.95 Z60.62 nX0.000 nY0.000 nZ-1.000 E226712.35 F6000
G1 X522.23 Y455.48 Z60.62 nX0.000 nY0.000 nZ-1.000 E226714.69 F6000
G1 X521.31 Y456.16 Z60.62 nX0.000 nY0.000 nZ-1.000 E226717.32 F6000
G1 X479.58 Y489.35 Z60.65 nX0.000 nY0.000 nZ-1.000 E226839.63 F6000
G1 X477.78 Y490.54 Z60.66 nX0.000 nY0.000 nZ-1.000 E226844.58 F6000
G1 X476.51 Y486.82 Z60.66 nX0.000 nY0.000 nZ-1.000 E226853.60 F6000
G1 X477.34 Y486.27 Z60.66 nX0.000 nY0.000 nZ-1.000 E226855.88 F6000
G1 X519.00 Y453.13 Z60.69 nX0.000 nY0.000 nZ-1.000 E226977.99 F6000
G1 X520.12 Y452.32 Z60.69 nX0.000 nY0.000 nZ-1.000 E226981.17 F6000
G1 X521.27 Y451.62 Z60.69 nX0.000 nY0.000 nZ-1.000 E226984.25 F6000
G1 X522.47 Y451.02 Z60.69 nX0.000 nY0.000 nZ-1.000 E226987.33 F6000
G1 X523.72 Y450.53 Z60.70 nX0.000 nY0.000 nZ-1.000 E226990.41 F6000
G1 X525.01 Y450.14 Z60.70 nX0.000 nY0.000 nZ-1.000 E226993.50 F6000
G1 X526.32 Y449.86 Z60.70 nX0.000 nY0.000 nZ-1.000 E226996.58 F6000
G1 X527.65 Y449.69 Z60.70 nX0.000 nY0.000 nZ-1.000 E226999.66 F6000
G1 X529.04 Y449.63 Z60.70 nX0.000 nY0.000 nZ-1.000 E227002.84 F6000
G1 X567.51 Y449.63 Z60.72 nX0.000 nY0.000 nZ-1.000 E227091.08 F6000
G1 X569.86 Y449.69 Z60.72 nX0.000 nY0.000 nZ-1.000 E227096.48 F6000
G1 X571.19 Y449.86 Z60.73 nX0.000 nY0.000 nZ-1.000 E227099.56 F6000
G1 X572.51 Y450.14 Z60.73 nX0.000 nY0.000 nZ-1.000 E227102.64 F6000
G1 X573.79 Y450.53 Z60.73 nX0.000 nY0.000 nZ-1.000 E227105.72 F6000
G1 X575.04 Y451.02 Z60.73 nX0.000 nY0.000 nZ-1.000 E227108.80 F6000
G1 X576.25 Y451.62 Z60.73 nX0.000 nY0.000 nZ-1.000 E227111.88 F6000
G1 X577.39 Y452.32 Z60.73 nX0.000 nY0.000 nZ-1.000 E227114.97 F6000
G1 X578.51 Y453.13 Z60.73 nX0.000 nY0.000 nZ-1.000 E227118.14 F6000
G1 X620.18 Y486.27 Z60.76 nX0.000 nY0.000 nZ-1.000 E227240.26 F6000
G1 X622.14 Y487.57 Z60.77 nX0.000 nY0.000 nZ-1.000 E227245.65 F6000
G1 X624.38 Y488.55 Z60.77 nX0.000 nY0.000 nZ-1.000 E227251.26 F6000
G1 X626.75 Y489.12 Z60.77 nX0.000 nY0.000 nZ-1.000 E227256.86 F6000
G1 X629.10 Y489.26 Z60.77 nX0.000 nY0.000 nZ-1.000 E227262.26 F6000
G1 X796.73 Y484.87 Z60.88 nX0.000 nY0.000 nZ-1.000 E227646.89 F6000
G1 X796.76 Y485.84 Z60.88 nX0.000 nY0.000 nZ-1.000 E227649.13 F6000
G1 X796.76 Y568.63 Z60.93 nX0.000 nY0.000 nZ-1.000 E227839.01 F6000
G1 X598.19 Y568.63 Z61.05 nX0.000 nY0.000 nZ-1.000 E228294.48 F6000
G1 X567.69 Y461.43 Z61.12 nX0.000 nY0.000 nZ-1.000 E228550.13 F6000
G1 X529.83 Y461.43 Z61.15 nX0.000 nY0.000 nZ-1.000 E228636.96 F6000
G1 X499.33 Y568.63 Z61.22 nX0.000 nY0.000 nZ-1.000 E228892.61 F6000
G1 X300.76 Y568.63 Z61.34 nX0.000 nY0.000 nZ-1.000 E229348.09 F6000
G1 X300.76 Y485.84 Z61.39 nX0.000 nY0.000 nZ-1.000 E229537.98 F6000
G1 X300.78 Y484.87 Z61.39 nX0.000 nY0.000 nZ-1.000 E229540.21 F6000
G1 X468.41 Y489.26 Z61.50 nX0.000 nY0.000 nZ-1.000 E229924.84 F6000
G1 X470.76 Y489.12 Z61.50 nX0.000 nY0.000 nZ-1.000 E229930.24 F6000
G1 X473.14 Y488.55 Z61.50 nX0.000 nY0.000 nZ-1.000 E229935.85 F6000
G1 X474.35 Y492.16 Z61.51 nX0.000 nY0.000 nZ-1.000 E229944.59 F6000
G1 X471.33 Y492.89 Z61.51 nX0.000 nY0.000 nZ-1.000 E229951.72 F6000
G1 X468.48 Y493.06 Z61.51 nX0.000 nY0.000 nZ-1.000 E229958.26 F6000
G1 X304.56 Y488.77 Z61.61 nX0.000 nY0.000 nZ-1.000 E230334.39 F6000
G1 X304.56 Y492.62 Z61.61 nX0.000 nY0.000 nZ-1.000 E230343.23 F6000
G1 X306.51 Y492.62 Z61.62 nX0.000 nY0.000 nZ-1.000 E230347.71 F6000
G1 X306.51 Y492.82 Z61.62 nX0.000 nY0.000 nZ-1.000 E230348.17 F6000
G1 X468.55 Y497.07 Z61.72 nX0.000 nY0.000 nZ-1.000 E230719.98 F6000
G1 X471.92 Y496.86 Z61.72 nX0.000 nY0.000 nZ-1.000 E230727.73 F6000
G1 X475.62 Y495.97 Z61.72 nX0.000 nY0.000 nZ-1.000 E230736.46 F6000
G1 X479.11 Y494.45 Z61.72 nX0.000 nY0.000 nZ-1.000 E230745.19 F6000
G1 X481.93 Y492.59 Z61.73 nX0.000 nY0.000 nZ-1.000 E230752.94 F6000
G1 X523.73 Y459.34 Z61.76 nX0.000 nY0.000 nZ-1.000 E230875.46 F6000
G1 X524.45 Y458.81 Z61.76 nX0.000 nY0.000 nZ-1.000 E230877.51 F6000
G1 X525.04 Y458.46 Z61.76 nX0.000 nY0.000 nZ-1.000 E230879.08 F6000
G1 X525.66 Y458.15 Z61.76 nX0.000 nY0.000 nZ-1.000 E230880.66 F6000
G1 X526.30 Y457.90 Z61.76 nX0.000 nY0.000 nZ-1.000 E230882.24 F6000
G1 X526.95 Y457.70 Z61.76 nX0.000 nY0.000 nZ-1.000 E230883.82 F6000
G1 X527.63 Y457.55 Z61.76 nX0.000 nY0.000 nZ-1.000 E230885.39 F6000
G1 X528.31 Y457.47 Z61.76 nX0.000 nY0.000 nZ-1.000 E230886.97 F6000
G1 X529.20 Y457.43 Z61.76 nX0.000 nY0.000 nZ-1.000 E230889.02 F6000
G1 X568.31 Y457.43 Z61.79 nX0.000 nY0.000 nZ-1.000 E230978.74 F6000
G1 X569.21 Y457.47 Z61.79 nX0.000 nY0.000 nZ-1.000 E230980.79 F6000
G1 X569.89 Y457.55 Z61.79 nX0.000 nY0.000 nZ-1.000 E230982.36 F6000
G1 X570.56 Y457.70 Z61.79 nX0.000 nY0.000 nZ-1.000 E230983.94 F6000
G1 X571.22 Y457.90 Z61.79 nX0.000 nY0.000 nZ-1.000 E230985.52 F6000
G1 X571.86 Y458.15 Z61.79 nX0.000 nY0.000 nZ-1.000 E230987.10 F6000
G1 X572.48 Y458.46 Z61.79 nX0.000 nY0.000 nZ-1.000 E230988.68 F6000
G1 X573.06 Y458.81 Z61.79 nX0.000 nY0.000 nZ-1.000 E230990.25 F6000
G1 X573.79 Y459.34 Z61.79 nX0.000 nY0.000 nZ-1.000 E230992.30 F6000
G1 X615.59 Y492.59 Z61.83 nX0.000 nY0.000 nZ-1.000 E231114.82 F6000
G1 X618.40 Y494.45 Z61.83 nX0.000 nY0.000 nZ-1.000 E231122.57 F6000
G1 X621.89 Y495.97 Z61.83 nX0.000 nY0.000 nZ-1.000 E231131.30 F6000
G1 X625.60 Y496.86 Z61.83 nX0.000 nY0.000 nZ-1.000 E231140.03 F6000
G1 X628.97 Y497.07 Z61.84 nX0.000 nY0.000 nZ-1.000 E231147.77 F6000
G1 X791.01 Y492.82 Z61.94 nX0.000 nY0.000 nZ-1.000 E231519.59 F6000
G1 X791.01 Y492.62 Z61.94 nX0.000 nY0.000 nZ-1.000 E231520.05 F6000
G1 X792.96 Y492.62 Z61.94 nX0.000 nY0.000 nZ-1.000 E231524.53 F6000
G1 X792.96 Y488.77 Z61.94 nX0.000 nY0.000 nZ-1.000 E231533.37 F6000
G1 X701.27 Y491.17 Z62.00 nX0.000 nY0.000 nZ-1.000 E231743.76 F6000
;Layer 43
G1 X629.04 Y493.06 Z62.04 nX0.000 nY0.000 nZ-1.000 E231909.50 F6000
G1 X626.19 Y492.89 Z62.05 nX0.000 nY0.000 nZ-1.000 E231916.04 F6000
G1 X623.17 Y492.16 Z62.05 nX0.000 nY0.000 nZ-1.000 E231923.16 F6000
G1 X620.32 Y490.93 Z62.05 nX0.000 nY0.000 nZ-1.000 E231930.29 F6000
G1 X617.94 Y489.35 Z62.05 nX0.000 nY0.000 nZ-1.000 E231936.83 F6000
G1 X576.21 Y456.16 Z62.09 nX0.000 nY0.000 nZ-1.000 E232059.14 F6000
G1 X575.28 Y455.48 Z62.09 nX0.000 nY0.000 nZ-1.000 E232061.77 F6000
G1 X574.41 Y454.95 Z62.09 nX0.000 nY0.000 nZ-1.000 E232064.12 F6000
G1 X573.49 Y454.49 Z62.09 nX0.000 nY0.000 nZ-1.000 E232066.47 F6000
G1 X572.54 Y454.12 Z62.09 nX0.000 nY0.000 nZ-1.000 E232068.82 F6000
G1 X571.56 Y453.82 Z62.09 nX0.000 nY0.000 nZ-1.000 E232071.17 F6000
G1 X570.56 Y453.61 Z62.09 nX0.000 nY0.000 nZ-1.000 E232073.51 F6000
G1 X569.54 Y453.48 Z62.09 nX0.000 nY0.000 nZ-1.000 E232075.86 F6000
G1 X568.40 Y453.43 Z62.09 nX0.000 nY0.000 nZ-1.000 E232078.49 F6000
G1 X529.12 Y453.43 Z62.12 nX0.000 nY0.000 nZ-1.000 E232168.59 F6000
G1 X527.97 Y453.48 Z62.12 nX0.000 nY0.000 nZ-1.000 E232171.22 F6000
G1 X526.96 Y453.61 Z62.12 nX0.000 nY0.000 nZ-1.000 E232173.57 F6000
G1 X525.96 Y453.82 Z62.12 nX0.000 nY0.000 nZ-1.000 E232175.92 F6000
G1 X524.98 Y454.12 Z62.12 nX0.000 nY0.000 nZ-1.000 E232178.27 F6000
G1 X524.02 Y454.49 Z62.12 nX0.000 nY0.000 nZ-1.000 E232180.61 F6000
G1 X523.11 Y454.95 Z62.12 nX0.000 nY0.000 nZ-1.000 E232182.96 F6000
G1 X522.23 Y455.48 Z62.12 nX0.000 nY0.000 nZ-1.000 E232185.31 F6000
G1 X521.31 Y456.16 Z62.12 nX0.000 nY0.000 nZ-1.000 E232187.94 F6000
G1 X479.58 Y489.35 Z62.15 nX0.000 nY0.000 nZ-1.000 E232310.25 F6000
G1 X477.78 Y490.54 Z62.16 nX0.000 nY0.000 nZ-1.000 E232315.20 F6000
G1 X476.51 Y486.82 Z62.16 nX0.000 nY0.000 nZ-1.000 E232324.21 F6000
G1 X477.34 Y486.27 Z62.16 nX0.000 nY0.000 nZ-1.000 E232326.50 F6000
G1 X519.00 Y453.13 Z62.19 nX0.000 nY0.000 nZ-1.000 E232448.61 F6000
G1 X520.12 Y452.32 Z62.19 nX0.000 nY0.000 nZ-1.000 E232451.79 F6000
G1 X521.27 Y451.62 Z62.19 nX0.000 nY0.000 nZ-1.000 E232454.87 F6000
G1 X522.47 Y451.02 Z62.19 nX0.000 nY0.000 nZ-1.000 E232457.95 F6000
G1 X523.72 Y450.53 Z62.20 nX0.000 nY0.000 nZ-1.000 E232461.03 F6000
G1 X525.01 Y450.14 Z62.20 nX0.000 nY0.000 nZ-1.000 E232464.11 F6000
G1 X526.32 Y449.86 Z62.20 nX0.000 nY0.000 nZ-1.000 E232467.19 F6000
G1 X527.65 Y449.69 Z62.20 nX0.000 nY0.000 nZ-1.000 E232470.28 F6000
G1 X529.04 Y449.63 Z62.20 nX0.000 nY0.000 nZ-1.000 E232473.45 F6000
G1 X567.51 Y449.63 Z62.22 nX0.000 nY0.000 nZ-1.000 E232561.70 F6000
G1 X569.86 Y449.69 Z62.22 nX0.000 nY0.000 nZ-1.000 E232567.09 F6000
G1 X571.19 Y449.86 Z62.23 nX0.000 nY0.000 nZ-1.000 E232570.18 F6000
G1 X572.51 Y450.14 Z62.23 nX0.000 nY0.000 nZ-1.000 E232573.26 F6000
G1 X573.79 Y450.53 Z62.23 nX0.000 nY0.000 nZ-1.000 E232576.34 F6000
G1 X575.04 Y451.02 Z62.23 nX0.000 nY0.000 nZ-1.000 E232579.42 F6000
G1 X576.25 Y451.62 Z62.23 nX0.000 nY0.000 nZ-1.000 E232582.50 F6000
G1 X577.39 Y452.32 Z62.23 nX0.000 nY0.000 nZ-1.000 E232585.58 F6000
G1 X578.51 Y453.13 Z62.23 nX0.000 nY0.000 nZ-1.000 E232588.76 F6000
G1 X620.18 Y486.27 Z62.26 nX0.000 nY0.000 nZ-1.000 E232710.87 F6000
G1 X622.14 Y487.57 Z62.27 nX0.000 nY0.000 nZ-1.000 E232716.27 F6000
G1 X624.38 Y488.55 Z62.27 nX0.000 nY0.000 nZ-1.000 E232721.87 F6000
G1 X626.75 Y489.12 Z62.27 nX0.000 nY0.000 nZ-1.000 E232727.47 F6000
G1 X629.10 Y489.26 Z62.27 nX0.000 nY0.000 nZ-1.000 E232732.87 F6000
G1 X796.73 Y484.87 Z62.38 nX0.000 nY0.000 nZ-1.000 E233117.51 F6000
G1 X796.76 Y485.84 Z62.38 nX0.000 nY0.000 nZ-1.000 E233119.74 F6000
G1 X796.76 Y568.63 Z62.43 nX0.000 nY0.000 nZ-1.000 E233309.63 F6000
G1 X598.19 Y568.63 Z62.55 nX0.000 nY0.000 nZ-1.000 E233765.10 F6000
G1 X567.69 Y461.43 Z62.62 nX0.000 nY0.000 nZ-1.000 E234020.75 F6000
G1 X529.83 Y461.43 Z62.65 nX0.000 nY0.000 nZ-1.000 E234107.58 F6000
G1 X499.33 Y568.63 Z62.72 nX0.000 nY0.000 nZ-1.000 E234363.23 F6000
G1 X300.76 Y568.63 Z62.84 nX0.000 nY0.000 nZ-1.000 E234818.70 F6000
G1 X300.76 Y485.84 Z62.89 nX0.000 nY0.000 nZ-1.000 E235008.59 F6000
G1 X300.78 Y484.87 Z62.89 nX0.000 nY0.000 nZ-1.000 E235010.83 F6000
G1 X468.41 Y489.26 Z63.00 nX0.000 nY0.000 nZ-1.000 E235395.46 F6000
G1 X470.76 Y489.12 Z63.00 nX0.000 nY0.000 nZ-1.000 E235400.86 F6000
G1 X473.14 Y488.55 Z63.00 nX0.000 nY0.000 nZ-1.000 E235406.46 F6000
G1 X474.35 Y492.16 Z63.01 nX0.000 nY0.000 nZ-1.000 E235415.21 F6000
G1 X471.33 Y492.89 Z63.01 nX0.000 nY0.000 nZ-1.000 E235422.34 F6000
G1 X468.48 Y493.06 Z63.01 nX0.000 nY0.000 nZ-1.000 E235428.88 F6000
G1 X304.56 Y488.77 Z63.11 nX0.000 nY0.000 nZ-1.000 E235805.01 F6000
G1 X304.56 Y492.62 Z63.11 nX0.000 nY0.000 nZ-1.000 E235813.85 F6000
G1 X306.51 Y492.62 Z63.12 nX0.000 nY0.000 nZ-1.000 E235818.33 F6000
G1 X306.51 Y492.82 Z63.12 nX0.000 nY0.000 nZ-1.000 E235818.78 F6000
G1 X468.55 Y497.07 Z63.22 nX0.000 nY0.000 nZ-1.000 E236190.60 F6000
G1 X471.92 Y496.86 Z63.22 nX0.000 nY0.000 nZ-1.000 E236198.35 F6000
G1 X475.62 Y495.97 Z63.22 nX0.000 nY0.000 nZ-1.000 E236207.08 F6000
G1 X479.11 Y494.45 Z63.22 nX0.000 nY0.000 nZ-1.000 E236215.81 F6000
G1 X481.93 Y492.59 Z63.23 nX0.000 nY0.000 nZ-1.000 E236223.56 F6000
G1 X523.73 Y459.34 Z63.26 nX0.000 nY0.000 nZ-1.000 E236346.07 F6000
G1 X524.45 Y458.81 Z63.26 nX0.000 nY0.000 nZ-1.000 E236348.12 F6000
G1 X525.04 Y458.46 Z63.26 nX0.000 nY0.000 nZ-1.000 E236349.70 F6000
G1 X525.66 Y458.15 Z63.26 nX0.000 nY0.000 nZ-1.000 E236351.28 F6000
G1 X526.30 Y457.90 Z63.26 nX0.000 nY0.000 nZ-1.000 E236352.86 F6000
G1 X526.95 Y457.70 Z63.26 nX0.000 nY0.000 nZ-1.000 E236354.43 F6000
G1 X527.63 Y457.55 Z63.26 nX0.000 nY0.000 nZ-1.000 E236356.01 F6000
G1 X528.31 Y457.47 Z63.26 nX0.000 nY0.000 nZ-1.000 E236357.59 F6000
G1 X529.20 Y457.43 Z63.26 nX0.000 nY0.000 nZ-1.000 E236359.64 F6000
G1 X568.31 Y457.43 Z63.29 nX0.000 nY0.000 nZ-1.000 E236449.35 F6000
G1 X569.21 Y457.47 Z63.29 nX0.000 nY0.000 nZ-1.000 E236451.40 F6000
G1 X569.89 Y457.55 Z63.29 nX0.000 nY0.000 nZ-1.000 E236452.98 F6000
G1 X570.56 Y457.70 Z63.29 nX0.000 nY0.000 nZ-1.000 E236454.56 F6000
G1 X571.22 Y457.90 Z63.29 nX0.000 nY0.000 nZ-1.000 E236456.14 F6000
G1 X571.86 Y458.15 Z63.29 nX0.000 nY0.000 nZ-1.000 E236457.72 F6000
G1 X572.48 Y458.46 Z63.29 nX0.000 nY0.000 nZ-1.000 E236459.29 F6000
G1 X573.06 Y458.81 Z63.29 nX0.000 nY0.000 nZ-1.000 E236460.87 F6000
G1 X573.79 Y459.34 Z63.29 nX0.000 nY0.000 nZ-1.000 E236462.92 F6000
G1 X615.59 Y492.59 Z63.33 nX0.000 nY0.000 nZ-1.000 E236585.44 F6000
G1 X618.40 Y494.45 Z63.33 nX0.000 nY0.000 nZ-1.000 E236593.18 F6000
G1 X621.89 Y495.97 Z63.33 nX0.000 nY0.000 nZ-1.000 E236601.91 F6000
G1 X625.60 Y496.86 Z63.33 nX0.000 nY0.000 nZ-1.000 E236610.65 F6000
G1 X628.97 Y497.07 Z63.34 nX0.000 nY0.000 nZ-1.000 E236618.39 F6000
G1 X791.01 Y492.82 Z63.44 nX0.000 nY0.000 nZ-1.000 E236990.21 F6000
G1 X791.01 Y492.62 Z63.44 nX0.000 nY0.000 nZ-1.000 E236990.67 F6000
G1 X792.96 Y492.62 Z63.44 nX0.000 nY0.000 nZ-1.000 E236995.15 F6000
G1 X792.96 Y488.77 Z63.44 nX0.000 nY0.000 nZ-1.000 E237003.99 F6000
G1 X701.27 Y491.17 Z63.50 nX0.000 nY0.000 nZ-1.000 E237214.38 F6000
;Layer 44
G1 X629.04 Y493.06 Z63.54 nX0.000 nY0.000 nZ-1.000 E237380.11 F6000
G1 X626.88 Y492.93 Z63.55 nX0.000 nY0.000 nZ-1.000 E237385.07 F6000
G1 X628.11 Y489.20 Z63.55 nX0.000 nY0.000 nZ-1.000 E237394.08 F6000
G1 X629.10 Y489.26 Z63.55 nX0.000 nY0.000 nZ-1.000 E237396.36 F6000
G1 X796.73 Y484.87 Z63.65 nX0.000 nY0.000 nZ-1.000 E237781.00 F6000
G1 X796.76 Y485.84 Z63.65 nX0.000 nY0.000 nZ-1.000 E237783.23 F6000
G1 X796.76 Y568.63 Z63.71 nX0.000 nY0.000 nZ-1.000 E237973.12 F6000
G1 X598.19 Y568.63 Z63.83 nX0.000 nY0.000 nZ-1.000 E238428.59 F6000
G1 X567.69 Y461.43 Z63.90 nX0.000 nY0.000 nZ-1.000 E238684.24 F6000
G1 X529.83 Y461.43 Z63.93 nX0.000 nY0.000 nZ-1.000 E238771.07 F6000
G1 X499.33 Y568.63 Z64.00 nX0.000 nY0.000 nZ-1.000 E239026.72 F6000
G1 X300.76 Y568.63 Z64.12 nX0.000 nY0.000 nZ-1.000 E239482.19 F6000
G1 X300.76 Y485.84 Z64.17 nX0.000 nY0.000 nZ-1.000 E239672.08 F6000
G1 X300.78 Y484.87 Z64.17 nX0.000 nY0.000 nZ-1.000 E239674.31 F6000
G1 X468.41 Y489.26 Z64.28 nX0.000 nY0.000 nZ-1.000 E240058.95 F6000
G1 X470.76 Y489.12 Z64.28 nX0.000 nY0.000 nZ-1.000 E240064.35 F6000
G1 X473.14 Y488.55 Z64.28 nX0.000 nY0.000 nZ-1.000 E240069.95 F6000
G1 X475.97 Y487.37 Z64.28 nX0.000 nY0.000 nZ-1.000 E240076.98 F6000
G1 X477.34 Y486.27 Z64.28 nX0.000 nY0.000 nZ-1.000 E240081.01 F6000
G1 X519.00 Y453.13 Z64.32 nX0.000 nY0.000 nZ-1.000 E240203.12 F6000
G1 X520.12 Y452.32 Z64.32 nX0.000 nY0.000 nZ-1.000 E240206.30 F6000
G1 X521.27 Y451.62 Z64.32 nX0.000 nY0.000 nZ-1.000 E240209.38 F6000
G1 X522.47 Y451.02 Z64.32 nX0.000 nY0.000 nZ-1.000 E240212.46 F6000
G1 X523.72 Y450.53 Z64.32 nX0.000 nY0.000 nZ-1.000 E240215.54 F6000
G1 X525.01 Y450.14 Z64.32 nX0.000 nY0.000 nZ-1.000 E240218.63 F6000
G1 X526.32 Y449.86 Z64.32 nX0.000 nY0.000 nZ-1.000 E240221.71 F6000
G1 X527.65 Y449.69 Z64.32 nX0.000 nY0.000 nZ-1.000 E240224.79 F6000
G1 X529.04 Y449.63 Z64.32 nX0.000 nY0.000 nZ-1.000 E240227.97 F6000
G1 X567.51 Y449.63 Z64.35 nX0.000 nY0.000 nZ-1.000 E240316.21 F6000
G1 X569.86 Y449.69 Z64.35 nX0.000 nY0.000 nZ-1.000 E240321.61 F6000
G1 X571.20 Y449.86 Z64.35 nX0.000 nY0.000 nZ-1.000 E240324.69 F6000
G1 X572.51 Y450.14 Z64.35 nX0.000 nY0.000 nZ-1.000 E240327.77 F6000
G1 X573.79 Y450.53 Z64.35 nX0.000 nY0.000 nZ-1.000 E240330.85 F6000
G1 X575.04 Y451.02 Z64.35 nX0.000 nY0.000 nZ-1.000 E240333.93 F6000
G1 X576.25 Y451.62 Z64.35 nX0.000 nY0.000 nZ-1.000 E240337.01 F6000
G1 X577.39 Y452.32 Z64.36 nX0.000 nY0.000 nZ-1.000 E240340.10 F6000
G1 X578.51 Y453.13 Z64.36 nX0.000 nY0.000 nZ-1.000 E240343.27 F6000
G1 X620.18 Y486.27 Z64.39 nX0.000 nY0.000 nZ-1.000 E240465.39 F6000
G1 X622.14 Y487.57 Z64.39 nX0.000 nY0.000 nZ-1.000 E240470.78 F6000
G1 X624.38 Y488.55 Z64.39 nX0.000 nY0.000 nZ-1.000 E240476.39 F6000
G1 X623.17 Y492.16 Z64.40 nX0.000 nY0.000 nZ-1.000 E240485.14 F6000
G1 X620.32 Y490.93 Z64.40 nX0.000 nY0.000 nZ-1.000 E240492.26 F6000
G1 X617.94 Y489.35 Z64.40 nX0.000 nY0.000 nZ-1.000 E240498.80 F6000
G1 X576.21 Y456.16 Z64.43 nX0.000 nY0.000 nZ-1.000 E240621.11 F6000
G1 X575.28 Y455.48 Z64.43 nX0.000 nY0.000 nZ-1.000 E240623.74 F6000
G1 X574.41 Y454.95 Z64.43 nX0.000 nY0.000 nZ-1.000 E240626.09 F6000
G1 X573.49 Y454.49 Z64.43 nX0.000 nY0.000 nZ-1.000 E240628.44 F6000
G1 X572.54 Y454.12 Z64.44 nX0.000 nY0.000 nZ-1.000 E240630.79 F6000
G1 X571.56 Y453.82 Z64.44 nX0.000 nY0.000 nZ-1.000 E240633.14 F6000
G1 X570.56 Y453.61 Z64.44 nX0.000 nY0.000 nZ-1.000 E240635.49 F6000
G1 X569.54 Y453.48 Z64.44 nX0.000 nY0.000 nZ-1.000 E240637.83 F6000
G1 X568.40 Y453.43 Z64.44 nX0.000 nY0.000 nZ-1.000 E240640.46 F6000
G1 X529.12 Y453.43 Z64.46 nX0.000 nY0.000 nZ-1.000 E240730.56 F6000
G1 X527.97 Y453.48 Z64.46 nX0.000 nY0.000 nZ-1.000 E240733.19 F6000
G1 X526.96 Y453.61 Z64.46 nX0.000 nY0.000 nZ-1.000 E240735.54 F6000
G1 X525.96 Y453.82 Z64.46 nX0.000 nY0.000 nZ-1.000 E240737.89 F6000
G1 X524.98 Y454.12 Z64.47 nX0.000 nY0.000 nZ-1.000 E240740.24 F6000
G1 X524.02 Y454.49 Z64.47 nX0.000 nY0.000 nZ-1.000 E240742.59 F6000
G1 X523.11 Y454.95 Z64.47 nX0.000 nY0.000 nZ-1.000 E240744.93 F6000
G1 X522.23 Y455.48 Z64.47 nX0.000 nY0.000 nZ-1.000 E240747.28 F6000
G1 X521.31 Y456.16 Z64.47 nX0.000 nY0.000 nZ-1.000 E240749.91 F6000
G1 X479.58 Y489.35 Z64.50 nX0.000 nY0.000 nZ-1.000 E240872.22 F6000
G1 X477.39 Y490.80 Z64.50 nX0.000 nY0.000 nZ-1.000 E240878.24 F6000
G1 X474.35 Y492.16 Z64.51 nX0.000 nY0.000 nZ-1.000 E240885.88 F6000
G1 X471.33 Y492.89 Z64.51 nX0.000 nY0.000 nZ-1.000 E240893.01 F6000
G1 X468.48 Y493.06 Z64.51 nX0.000 nY0.000 nZ-1.000 E240899.55 F6000
G1 X304.56 Y488.77 Z64.61 nX0.000 nY0.000 nZ-1.000 E241275.68 F6000
G1 X304.56 Y492.62 Z64.61 nX0.000 nY0.000 nZ-1.000 E241284.52 F6000
G1 X306.51 Y492.62 Z64.62 nX0.000 nY0.000 nZ-1.000 E241289.00 F6000
G1 X306.51 Y492.82 Z64.62 nX0.000 nY0.000 nZ-1.000 E241289.45 F6000
G1 X468.55 Y497.07 Z64.72 nX0.000 nY0.000 nZ-1.000 E241661.27 F6000
G1 X471.92 Y496.86 Z64.72 nX0.000 nY0.000 nZ-1.000 E241669.02 F6000
G1 X475.62 Y495.97 Z64.72 nX0.000 nY0.000 nZ-1.000 E241677.75 F6000
G1 X479.11 Y494.45 Z64.72 nX0.000 nY0.000 nZ-1.000 E241686.48 F6000
G1 X481.93 Y492.59 Z64.73 nX0.000 nY0.000 nZ-1.000 E241694.23 F6000
G1 X523.73 Y459.34 Z64.76 nX0.000 nY0.000 nZ-1.000 E241816.74 F6000
G1 X524.45 Y458.81 Z64.76 nX0.000 nY0.000 nZ-1.000 E241818.79 F6000
G1 X525.04 Y458.46 Z64.76 nX0.000 nY0.000 nZ-1.000 E241820.37 F6000
G1 X525.66 Y458.15 Z64.76 nX0.000 nY0.000 nZ-1.000 E241821.95 F6000
G1 X526.30 Y457.90 Z64.76 nX0.000 nY0.000 nZ-1.000 E241823.53 F6000
G1 X526.95 Y457.70 Z64.76 nX0.000 nY0.000 nZ-1.000 E241825.10 F6000
G1 X527.63 Y457.55 Z64.76 nX0.000 nY0.000 nZ-1.000 E241826.68 F6000
G1 X528.31 Y457.47 Z64.76 nX0.000 nY0.000 nZ-1.000 E241828.26 F6000
G1 X529.20 Y457.43 Z64.76 nX0.000 nY0.000 nZ-1.000 E241830.31 F6000
G1 X568.31 Y457.43 Z64.79 nX0.000 nY0.000 nZ-1.000 E241920.02 F6000
G1 X569.21 Y457.47 Z64.79 nX0.000 nY0.000 nZ-1.000 E241922.07 F6000
G1 X569.89 Y457.55 Z64.79 nX0.000 nY0.000 nZ-1.000 E241923.65 F6000
G1 X570.56 Y457.70 Z64.79 nX0.000 nY0.000 nZ-1.000 E241925.23 F6000
G1 X571.22 Y457.90 Z64.79 nX0.000 nY0.000 nZ-1.000 E241926.81 F6000
G1 X571.86 Y458.15 Z64.79 nX0.000 nY0.000 nZ-1.000 E241928.38 F6000
G1 X572.48 Y458.46 Z64.79 nX0.000 nY0.000 nZ-1.000 E241929.96 F6000
G1 X573.06 Y458.81 Z64.79 nX0.000 nY0.000 nZ-1.000 E241931.54 F6000
G1 X573.79 Y459.34 Z64.79 nX0.000 nY0.000 nZ-1.000 E241933.59 F6000
G1 X615.59 Y492.59 Z64.83 nX0.000 nY0.000 nZ-1.000 E242056.11 F6000
G1 X618.40 Y494.45 Z64.83 nX0.000 nY0.000 nZ-1.000 E242063.85 F6000
G1 X621.89 Y495.97 Z64.83 nX0.000 nY0.000 nZ-1.000 E242072.58 F6000
G1 X625.60 Y496.86 Z64.83 nX0.000 nY0.000 nZ-1.000 E242081.32 F6000
G1 X628.97 Y497.07 Z64.84 nX0.000 nY0.000 nZ-1.000 E242089.06 F6000
G1 X791.01 Y492.82 Z64.94 nX0.000 nY0.000 nZ-1.000 E242460.88 F6000
G1 X791.01 Y492.62 Z64.94 nX0.000 nY0.000 nZ-1.000 E242461.34 F6000
G1 X792.96 Y492.62 Z64.94 nX0.000 nY0.000 nZ-1.000 E242465.82 F6000
G1 X792.96 Y488.77 Z64.94 nX0.000 nY0.000 nZ-1.000 E242474.66 F6000
G1 X701.27 Y491.17 Z65.00 nX0.000 nY0.000 nZ-1.000 E242685.05 F6000
;Layer 45
G1 X629.04 Y493.06 Z65.04 nX0.000 nY0.000 nZ-1.000 E242850.78 F6000
G1 X626.88 Y492.93 Z65.05 nX0.000 nY0.000 nZ-1.000 E242855.74 F6000
G1 X628.11 Y489.20 Z65.05 nX0.000 nY0.000 nZ-1.000 E242864.75 F6000
G1 X629.10 Y489.26 Z65.05 nX0.000 nY0.000 nZ-1.000 E242867.03 F6000
G1 X796.73 Y484.87 Z65.15 nX0.000 nY0.000 nZ-1.000 E243251.67 F6000
G1 X796.76 Y485.84 Z65.15 nX0.000 nY0.000 nZ-1.000 E243253.90 F6000
G1 X796.76 Y568.63 Z65.21 nX0.000 nY0.000 nZ-1.000 E243443.79 F6000
G1 X598.19 Y568.63 Z65.33 nX0.000 nY0.000 nZ-1.000 E243899.26 F6000
G1 X567.69 Y461.43 Z65.40 nX0.000 nY0.000 nZ-1.000 E244154.91 F6000
G1 X529.83 Y461.43 Z65.43 nX0.000 nY0.000 nZ-1.000 E244241.74 F6000
G1 X499.33 Y568.63 Z65.50 nX0.000 nY0.000 nZ-1.000 E244497.39 F6000
G1 X300.76 Y568.63 Z65.62 nX0.000 nY0.000 nZ-1.000 E244952.86 F6000
G1 X300.76 Y485.84 Z65.67 nX0.000 nY0.000 nZ-1.000 E245142.75 F6000
G1 X300.78 Y484.87 Z65.67 nX0.000 nY0.000 nZ-1.000 E245144.98 F6000
G1 X468.41 Y489.26 Z65.78 nX0.000 nY0.000 nZ-1.000 E245529.62 F6000
G1 X470.76 Y489.12 Z65.78 nX0.000 nY0.000 nZ-1.000 E245535.02 F6000
G1 X473.14 Y488.55 Z65.78 nX0.000 nY0.000 nZ-1.000 E245540.62 F6000
G1 X475.38 Y487.57 Z65.78 nX0.000 nY0.000 nZ-1.000 E245546.22 F6000
G1 X477.34 Y486.27 Z65.78 nX0.000 nY0.000 nZ-1.000 E245551.62 F6000
G1 X519.00 Y453.13 Z65.82 nX0.000 nY0.000 nZ-1.000 E245673.73 F6000
G1 X520.12 Y452.32 Z65.82 nX0.000 nY0.000 nZ-1.000 E245676.91 F6000
G1 X521.27 Y451.62 Z65.82 nX0.000 nY0.000 nZ-1.000 E245679.99 F6000
G1 X522.47 Y451.02 Z65.82 nX0.000 nY0.000 nZ-1.000 E245683.07 F6000
G1 X523.72 Y450.53 Z65.82 nX0.000 nY0.000 nZ-1.000 E245686.15 F6000
G1 X525.01 Y450.14 Z65.82 nX0.000 nY0.000 nZ-1.000 E245689.24 F6000
G1 X526.32 Y449.86 Z65.82 nX0.000 nY0.000 nZ-1.000 E245692.32 F6000
G1 X527.65 Y449.69 Z65.82 nX0.000 nY0.000 nZ-1.000 E245695.40 F6000
G1 X529.04 Y449.63 Z65.82 nX0.000 nY0.000 nZ-1.000 E245698.58 F6000
G1 X567.51 Y449.63 Z65.85 nX0.000 nY0.000 nZ-1.000 E245786.82 F6000
G1 X569.86 Y449.69 Z65.85 nX0.000 nY0.000 nZ-1.000 E245792.22 F6000
G1 X571.20 Y449.86 Z65.85 nX0.000 nY0.000 nZ-1.000 E245795.30 F6000
G1 X572.51 Y450.14 Z65.85 nX0.000 nY0.000 nZ-1.000 E245798.38 F6000
G1 X573.79 Y450.53 Z65.85 nX0.000 nY0.000 nZ-1.000 E245801.46 F6000
G1 X575.04 Y451.02 Z65.85 nX0.000 nY0.000 nZ-1.000 E245804.54 F6000
G1 X576.25 Y451.62 Z65.85 nX0.000 nY0.000 nZ-1.000 E245807.62 F6000
G1 X577.39 Y452.32 Z65.86 nX0.000 nY0.000 nZ-1.000 E245810.71 F6000
G1 X578.51 Y453.13 Z65.86 nX0.000 nY0.000 nZ-1.000 E245813.88 F6000
G1 X620.18 Y486.27 Z65.89 nX0.000 nY0.000 nZ-1.000 E245936.00 F6000
G1 X622.14 Y487.57 Z65.89 nX0.000 nY0.000 nZ-1.000 E245941.39 F6000
G1 X624.38 Y488.55 Z65.89 nX0.000 nY0.000 nZ-1.000 E245947.00 F6000
G1 X623.17 Y492.16 Z65.90 nX0.000 nY0.000 nZ-1.000 E245955.75 F6000
G1 X620.32 Y490.93 Z65.90 nX0.000 nY0.000 nZ-1.000 E245962.87 F6000
G1 X617.94 Y489.35 Z65.90 nX0.000 nY0.000 nZ-1.000 E245969.41 F6000
G1 X576.21 Y456.16 Z65.93 nX0.000 nY0.000 nZ-1.000 E246091.72 F6000
G1 X575.28 Y455.48 Z65.93 nX0.000 nY0.000 nZ-1.000 E246094.35 F6000
G1 X574.41 Y454.95 Z65.93 nX0.000 nY0.000 nZ-1.000 E246096.70 F6000
G1 X573.49 Y454.49 Z65.93 nX0.000 nY0.000 nZ-1.000 E246099.05 F6000
G1 X572.54 Y454.12 Z65.94 nX0.000 nY0.000 nZ-1.000 E246101.40 F6000
G1 X571.56 Y453.82 Z65.94 nX0.000 nY0.000 nZ-1.000 E246103.75 F6000
G1 X570.56 Y453.61 Z65.94 nX0.000 nY0.000 nZ-1.000 E246106.10 F6000
G1 X569.54 Y453.48 Z65.94 nX0.000 nY0.000 nZ-1.000 E246108.44 F6000
G1 X568.40 Y453.43 Z65.94 nX0.000 nY0.000 nZ-1.000 E246111.07 F6000
G1 X529.12 Y453.43 Z65.96 nX0.000 nY0.000 nZ-1.000 E246201.17 F6000
G1 X527.97 Y453.48 Z65.96 nX0.000 nY0.000 nZ-1.000 E246203.80 F6000
G1 X526.96 Y453.61 Z65.96 nX0.000 nY0.000 nZ-1.000 E246206.15 F6000
G1 X525.96 Y453.82 Z65.96 nX0.000 nY0.000 nZ-1.000 E246208.50 F6000
G1 X524.98 Y454.12 Z65.97 nX0.000 nY0.000 nZ-1.000 E246210.85 F6000
G1 X524.02 Y454.49 Z65.97 nX0.000 nY0.000 nZ-1.000 E246213.20 F6000
G1 X523.11 Y454.95 Z65.97 nX0.000 nY0.000 nZ-1.000 E246215.54 F6000
G1 X522.23 Y455.48 Z65.97 nX0.000 nY0.000 nZ-1.000 E246217.89 F6000
G1 X521.31 Y456.16 Z65.97 nX0.000 nY0.000 nZ-1.000 E246220.52 F6000
G1 X479.58 Y489.35 Z66.00 nX0.000 nY0.000 nZ-1.000 E246342.83 F6000
G1 X477.20 Y490.93 Z66.00 nX0.000 nY0.000 nZ-1.000 E246349.37 F6000
G1 X474.35 Y492.16 Z66.01 nX0.000 nY0.000 nZ-1.000 E246356.50 F6000
G1 X471.33 Y492.89 Z66.01 nX0.000 nY0.000 nZ-1.000 E246363.62 F6000
G1 X468.48 Y493.06 Z66.01 nX0.000 nY0.000 nZ-1.000 E246370.17 F6000
G1 X304.56 Y488.77 Z66.11 nX0.000 nY0.000 nZ-1.000 E246746.30 F6000
G1 X304.56 Y492.62 Z66.11 nX0.000 nY0.000 nZ-1.000 E246755.13 F6000
G1 X306.51 Y492.62 Z66.12 nX0.000 nY0.000 nZ-1.000 E246759.61 F6000
G1 X306.51 Y492.82 Z66.12 nX0.000 nY0.000 nZ-1.000 E246760.07 F6000
G1 X468.55 Y497.07 Z66.22 nX0.000 nY0.000 nZ-1.000 E247131.89 F6000
G1 X471.92 Y496.86 Z66.22 nX0.000 nY0.000 nZ-1.000 E247139.63 F6000
G1 X475.62 Y495.97 Z66.22 nX0.000 nY0.000 nZ-1.000 E247148.37 F6000
G1 X479.11 Y494.45 Z66.22 nX0.000 nY0.000 nZ-1.000 E247157.10 F6000
G1 X481.93 Y492.59 Z66.23 nX0.000 nY0.000 nZ-1.000 E247164.84 F6000
G1 X523.73 Y459.34 Z66.26 nX0.000 nY0.000 nZ-1.000 E247287.36 F6000
G1 X524.45 Y458.81 Z66.26 nX0.000 nY0.000 nZ-1.000 E247289.41 F6000
G1 X525.04 Y458.46 Z66.26 nX0.000 nY0.000 nZ-1.000 E247290.99 F6000
G1 X525.66 Y458.15 Z66.26 nX0.000 nY0.000 nZ-1.000 E247292.57 F6000
G1 X526.30 Y457.90 Z66.26 nX0.000 nY0.000 nZ-1.000 E247294.14 F6000
G1 X526.95 Y457.70 Z66.26 nX0.000 nY0.000 nZ-1.000 E247295.72 F6000
G1 X527.63 Y457.55 Z66.26 nX0.000 nY0.000 nZ-1.000 E247297.30 F6000
G1 X528.31 Y457.47 Z66.26 nX0.000 nY0.000 nZ-1.000 E247298.88 F6000
G1 X529.20 Y457.43 Z66.26 nX0.000 nY0.000 nZ-1.000 E247300.93 F6000
G1 X568.31 Y457.43 Z66.29 nX0.000 nY0.000 nZ-1.000 E247390.64 F6000
G1 X569.21 Y457.47 Z66.29 nX0.000 nY0.000 nZ-1.000 E247392.69 F6000
G1 X569.89 Y457.55 Z66.29 nX0.000 nY0.000 nZ-1.000 E247394.27 F6000
G1 X570.56 Y457.70 Z66.29 nX0.000 nY0.000 nZ-1.000 E247395.85 F6000
G1 X571.22 Y457.90 Z66.29 nX0.000 nY0.000 nZ-1.000 E247397.42 F6000
G1 X571.86 Y458.15 Z66.29 nX0.000 nY0.000 nZ-1.000 E247399.00 F6000
G1 X572.48 Y458.46 Z66.29 nX0.000 nY0.000 nZ-1.000 E247400.58 F6000
G1 X573.06 Y458.81 Z66.29 nX0.000 nY0.000 nZ-1.000 E247402.16 F6000
G1 X573.79 Y459.34 Z66.29 nX0.000 nY0.000 nZ-1.000 E247404.21 F6000
G1 X615.59 Y492.59 Z66.33 nX0.000 nY0.000 nZ-1.000 E247526.72 F6000
G1 X618.40 Y494.45 Z66.33 nX0.000 nY0.000 nZ-1.000 E247534.47 F6000
G1 X621.89 Y495.97 Z66.33 nX0.000 nY0.000 nZ-1.000 E247543.20 F6000
G1 X625.60 Y496.86 Z66.33 nX0.000 nY0.000 nZ-1.000 E247551.93 F6000
G1 X628.97 Y497.07 Z66.34 nX0.000 nY0.000 nZ-1.000 E247559.68 F6000
G1 X791.01 Y492.82 Z66.44 nX0.000 nY0.000 nZ-1.000 E247931.50 F6000
G1 X791.01 Y492.62 Z66.44 nX0.000 nY0.000 nZ-1.000 E247931.95 F6000
G1 X792.96 Y492.62 Z66.44 nX0.000 nY0.000 nZ-1.000 E247936.43 F6000
G1 X792.96 Y488.77 Z66.44 nX0.000 nY0.000 nZ-1.000 E247945.27 F6000
G1 X701.27 Y491.17 Z66.50 nX0.000 nY0.000 nZ-1.000 E248155.66 F6000
;Layer 46
G1 X629.04 Y493.06 Z66.54 nX0.000 nY0.000 nZ-1.000 E248321.40 F6000
G1 X626.86 Y492.93 Z66.55 nX0.000 nY0.000 nZ-1.000 E248326.40 F6000
G1 X623.17 Y492.16 Z66.55 nX0.000 nY0.000 nZ-1.000 E248335.05 F6000
G1 X620.32 Y490.93 Z66.55 nX0.000 nY0.000 nZ-1.000 E248342.18 F6000
G1 X617.94 Y489.35 Z66.55 nX0.000 nY0.000 nZ-1.000 E248348.72 F6000
G1 X576.21 Y456.16 Z66.59 nX0.000 nY0.000 nZ-1.000 E248471.03 F6000
G1 X575.28 Y455.48 Z66.59 nX0.000 nY0.000 nZ-1.000 E248473.66 F6000
G1 X574.41 Y454.95 Z66.59 nX0.000 nY0.000 nZ-1.000 E248476.00 F6000
G1 X573.49 Y454.49 Z66.59 nX0.000 nY0.000 nZ-1.000 E248478.35 F6000
G1 X572.54 Y454.12 Z66.59 nX0.000 nY0.000 nZ-1.000 E248480.70 F6000
G1 X571.56 Y453.82 Z66.59 nX0.000 nY0.000 nZ-1.000 E248483.05 F6000
G1 X570.56 Y453.61 Z66.59 nX0.000 nY0.000 nZ-1.000 E248485.40 F6000
G1 X569.54 Y453.48 Z66.59 nX0.000 nY0.000 nZ-1.000 E248487.75 F6000
G1 X568.40 Y453.43 Z66.59 nX0.000 nY0.000 nZ-1.000 E248490.38 F6000
G1 X529.12 Y453.43 Z66.62 nX0.000 nY0.000 nZ-1.000 E248580.48 F6000
G1 X527.97 Y453.48 Z66.62 nX0.000 nY0.000 nZ-1.000 E248583.10 F6000
G1 X526.96 Y453.61 Z66.62 nX0.000 nY0.000 nZ-1.000 E248585.45 F6000
G1 X525.96 Y453.82 Z66.62 nX0.000 nY0.000 nZ-1.000 E248587.80 F6000
G1 X524.98 Y454.12 Z66.62 nX0.000 nY0.000 nZ-1.000 E248590.15 F6000
G1 X524.02 Y454.49 Z66.62 nX0.000 nY0.000 nZ-1.000 E248592.50 F6000
G1 X523.11 Y454.95 Z66.62 nX0.000 nY0.000 nZ-1.000 E248594.85 F6000
G1 X522.23 Y455.48 Z66.62 nX0.000 nY0.000 nZ-1.000 E248597.20 F6000
G1 X521.31 Y456.16 Z66.62 nX0.000 nY0.000 nZ-1.000 E248599.83 F6000
G1 X479.58 Y489.35 Z66.65 nX0.000 nY0.000 nZ-1.000 E248722.14 F6000
G1 X477.78 Y490.54 Z66.66 nX0.000 nY0.000 nZ-1.000 E248727.09 F6000
G1 X476.51 Y486.82 Z66.66 nX0.000 nY0.000 nZ-1.000 E248736.10 F6000
G1 X477.34 Y486.27 Z66.66 nX0.000 nY0.000 nZ-1.000 E248738.38 F6000
G1 X519.00 Y453.13 Z66.69 nX0.000 nY0.000 nZ-1.000 E248860.49 F6000
G1 X520.12 Y452.32 Z66.69 nX0.000 nY0.000 nZ-1.000 E248863.67 F6000
G1 X521.27 Y451.62 Z66.69 nX0.000 nY0.000 nZ-1.000 E248866.75 F6000
G1 X522.47 Y451.02 Z66.69 nX0.000 nY0.000 nZ-1.000 E248869.83 F6000
G1 X523.72 Y450.53 Z66.70 nX0.000 nY0.000 nZ-1.000 E248872.92 F6000
G1 X525.01 Y450.14 Z66.70 nX0.000 nY0.000 nZ-1.000 E248876.00 F6000
G1 X526.32 Y449.86 Z66.70 nX0.000 nY0.000 nZ-1.000 E248879.08 F6000
G1 X527.65 Y449.69 Z66.70 nX0.000 nY0.000 nZ-1.000 E248882.16 F6000
G1 X529.04 Y449.63 Z66.70 nX0.000 nY0.000 nZ-1.000 E248885.34 F6000
G1 X567.51 Y449.63 Z66.72 nX0.000 nY0.000 nZ-1.000 E248973.58 F6000
G1 X569.86 Y449.69 Z66.72 nX0.000 nY0.000 nZ-1.000 E248978.98 F6000
G1 X571.20 Y449.86 Z66.73 nX0.000 nY0.000 nZ-1.000 E248982.06 F6000
G1 X572.51 Y450.14 Z66.73 nX0.000 nY0.000 nZ-1.000 E248985.14 F6000
G1 X573.79 Y450.53 Z66.73 nX0.000 nY0.000 nZ-1.000 E248988.22 F6000
G1 X575.04 Y451.02 Z66.73 nX0.000 nY0.000 nZ-1.000 E248991.31 F6000
G1 X576.25 Y451.62 Z66.73 nX0.000 nY0.000 nZ-1.000 E248994.39 F6000
G1 X577.39 Y452.32 Z66.73 nX0.000 nY0.000 nZ-1.000 E248997.47 F6000
G1 X578.51 Y453.13 Z66.73 nX0.000 nY0.000 nZ-1.000 E249000.65 F6000
G1 X620.18 Y486.27 Z66.76 nX0.000 nY0.000 nZ-1.000 E249122.76 F6000
G1 X622.14 Y487.57 Z66.77 nX0.000 nY0.000 nZ-1.000 E249128.16 F6000
G1 X624.38 Y488.55 Z66.77 nX0.000 nY0.000 nZ-1.000 E249133.76 F6000
G1 X627.78 Y489.45 Z66.77 nX0.000 nY0.000 nZ-1.000 E249141.82 F6000
G1 X629.10 Y489.26 Z66.77 nX0.000 nY0.000 nZ-1.000 E249144.90 F6000
G1 X796.73 Y484.87 Z66.88 nX0.000 nY0.000 nZ-1.000 E249529.53 F6000
G1 X796.76 Y485.84 Z66.88 nX0.000 nY0.000 nZ-1.000 E249531.77 F6000
G1 X796.76 Y568.63 Z66.93 nX0.000 nY0.000 nZ-1.000 E249721.66 F6000
G1 X598.19 Y568.63 Z67.05 nX0.000 nY0.000 nZ-1.000 E250177.12 F6000
G1 X567.69 Y461.43 Z67.12 nX0.000 nY0.000 nZ-1.000 E250432.78 F6000
G1 X529.83 Y461.43 Z67.15 nX0.000 nY0.000 nZ-1.000 E250519.60 F6000
G1 X499.33 Y568.63 Z67.22 nX0.000 nY0.000 nZ-1.000 E250775.26 F6000
G1 X300.76 Y568.63 Z67.34 nX0.000 nY0.000 nZ-1.000 E251230.73 F6000
G1 X300.76 Y485.84 Z67.39 nX0.000 nY0.000 nZ-1.000 E251420.62 F6000
G1 X300.78 Y484.87 Z67.39 nX0.000 nY0.000 nZ-1.000 E251422.85 F6000
G1 X468.41 Y489.26 Z67.50 nX0.000 nY0.000 nZ-1.000 E251807.49 F6000
G1 X470.76 Y489.12 Z67.50 nX0.000 nY0.000 nZ-1.000 E251812.89 F6000
G1 X473.14 Y488.55 Z67.50 nX0.000 nY0.000 nZ-1.000 E251818.49 F6000
G1 X474.35 Y492.16 Z67.51 nX0.000 nY0.000 nZ-1.000 E251827.24 F6000
G1 X471.33 Y492.89 Z67.51 nX0.000 nY0.000 nZ-1.000 E251834.36 F6000
G1 X468.48 Y493.06 Z67.51 nX0.000 nY0.000 nZ-1.000 E251840.91 F6000
G1 X304.56 Y488.77 Z67.61 nX0.000 nY0.000 nZ-1.000 E252217.03 F6000
G1 X304.56 Y492.62 Z67.61 nX0.000 nY0.000 nZ-1.000 E252225.87 F6000
G1 X306.51 Y492.62 Z67.62 nX0.000 nY0.000 nZ-1.000 E252230.35 F6000
G1 X306.51 Y492.82 Z67.62 nX0.000 nY0.000 nZ-1.000 E252230.81 F6000
G1 X468.55 Y497.07 Z67.72 nX0.000 nY0.000 nZ-1.000 E252602.63 F6000
G1 X471.92 Y496.86 Z67.72 nX0.000 nY0.000 nZ-1.000 E252610.37 F6000
G1 X475.62 Y495.97 Z67.72 nX0.000 nY0.000 nZ-1.000 E252619.10 F6000
G1 X479.11 Y494.45 Z67.72 nX0.000 nY0.000 nZ-1.000 E252627.84 F6000
G1 X481.93 Y492.59 Z67.73 nX0.000 nY0.000 nZ-1.000 E252635.58 F6000
G1 X523.73 Y459.34 Z67.76 nX0.000 nY0.000 nZ-1.000 E252758.10 F6000
G1 X524.45 Y458.81 Z67.76 nX0.000 nY0.000 nZ-1.000 E252760.15 F6000
G1 X525.04 Y458.46 Z67.76 nX0.000 nY0.000 nZ-1.000 E252761.73 F6000
G1 X525.66 Y458.15 Z67.76 nX0.000 nY0.000 nZ-1.000 E252763.30 F6000
G1 X526.30 Y457.90 Z67.76 nX0.000 nY0.000 nZ-1.000 E252764.88 F6000
G1 X526.95 Y457.70 Z67.76 nX0.000 nY0.000 nZ-1.000 E252766.46 F6000
G1 X527.63 Y457.55 Z67.76 nX0.000 nY0.000 nZ-1.000 E252768.04 F6000
G1 X528.31 Y457.47 Z67.76 nX0.000 nY0.000 nZ-1.000 E252769.62 F6000
G1 X529.20 Y457.43 Z67.76 nX0.000 nY0.000 nZ-1.000 E252771.67 F6000
G1 X568.31 Y457.43 Z67.79 nX0.000 nY0.000 nZ-1.000 E252861.38 F6000
G1 X569.21 Y457.47 Z67.79 nX0.000 nY0.000 nZ-1.000 E252863.43 F6000
G1 X569.89 Y457.55 Z67.79 nX0.000 nY0.000 nZ-1.000 E252865.01 F6000
G1 X570.56 Y457.70 Z67.79 nX0.000 nY0.000 nZ-1.000 E252866.58 F6000
G1 X571.22 Y457.90 Z67.79 nX0.000 nY0.000 nZ-1.000 E252868.16 F6000
G1 X571.86 Y458.15 Z67.79 nX0.000 nY0.000 nZ-1.000 E252869.74 F6000
G1 X572.48 Y458.46 Z67.79 nX0.000 nY0.000 nZ-1.000 E252871.32 F6000
G1 X573.06 Y458.81 Z67.79 nX0.000 nY0.000 nZ-1.000 E252872.89 F6000
G1 X573.79 Y459.34 Z67.79 nX0.000 nY0.000 nZ-1.000 E252874.95 F6000
G1 X615.59 Y492.59 Z67.83 nX0.000 nY0.000 nZ-1.000 E252997.46 F6000
G1 X618.40 Y494.45 Z67.83 nX0.000 nY0.000 nZ-1.000 E253005.21 F6000
G1 X621.89 Y495.97 Z67.83 nX0.000 nY0.000 nZ-1.000 E253013.94 F6000
G1 X625.60 Y496.86 Z67.83 nX0.000 nY0.000 nZ-1.000 E253022.67 F6000
G1 X628.97 Y497.07 Z67.84 nX0.000 nY0.000 nZ-1.000 E253030.42 F6000
G1 X791.01 Y492.82 Z67.94 nX0.000 nY0.000 nZ-1.000 E253402.24 F6000
G1 X791.01 Y492.62 Z67.94 nX0.000 nY0.000 nZ-1.000 E253402.69 F6000
G1 X792.96 Y492.62 Z67.94 nX0.000 nY0.000 nZ-1.000 E253407.17 F6000
G1 X792.96 Y488.77 Z67.94 nX0.000 nY0.000 nZ-1.000 E253416.01 F6000
G1 X701.27 Y491.17 Z68.00 nX0.000 nY0.000 nZ-1.000 E253626.40 F6000
;Layer 47
G1 X629.04 Y493.06 Z68.04 nX0.000 nY0.000 nZ-1.000 E253792.14 F6000
G1 X626.88 Y492.93 Z68.05 nX0.000 nY0.000 nZ-1.000 E253797.09 F6000
G1 X628.11 Y489.20 Z68.05 nX0.000 nY0.000 nZ-1.000 E253806.10 F6000
G1 X629.10 Y489.26 Z68.05 nX0.000 nY0.000 nZ-1.000 E253808.39 F6000
G1 X796.73 Y484.87 Z68.15 nX0.000 nY0.000 nZ-1.000 E254193.02 F6000
G1 X796.76 Y485.84 Z68.15 nX0.000 nY0.000 nZ-1.000 E254195.26 F6000
G1 X796.76 Y568.63 Z68.21 nX0.000 nY0.000 nZ-1.000 E254385.14 F6000
G1 X598.19 Y568.63 Z68.33 nX0.000 nY0.000 nZ-1.000 E254840.61 F6000
G1 X567.69 Y461.43 Z68.40 nX0.000 nY0.000 nZ-1.000 E255096.27 F6000
G1 X529.83 Y461.43 Z68.43 nX0.000 nY0.000 nZ-1.000 E255183.09 F6000
G1 X499.33 Y568.63 Z68.50 nX0.000 nY0.000 nZ-1.000 E255438.74 F6000
G1 X300.76 Y568.63 Z68.62 nX0.000 nY0.000 nZ-1.000 E255894.22 F6000
G1 X300.76 Y485.84 Z68.67 nX0.000 nY0.000 nZ-1.000 E256084.11 F6000
G1 X300.78 Y484.87 Z68.67 nX0.000 nY0.000 nZ-1.000 E256086.34 F6000
G1 X468.41 Y489.26 Z68.78 nX0.000 nY0.000 nZ-1.000 E256470.98 F6000
G1 X470.76 Y489.12 Z68.78 nX0.000 nY0.000 nZ-1.000 E256476.37 F6000
G1 X473.14 Y488.55 Z68.78 nX0.000 nY0.000 nZ-1.000 E256481.98 F6000
G1 X475.97 Y487.37 Z68.78 nX0.000 nY0.000 nZ-1.000 E256489.01 F6000
G1 X477.34 Y486.27 Z68.78 nX0.000 nY0.000 nZ-1.000 E256493.04 F6000
G1 X519.00 Y453.13 Z68.82 nX0.000 nY0.000 nZ-1.000 E256615.15 F6000
G1 X520.12 Y452.32 Z68.82 nX0.000 nY0.000 nZ-1.000 E256618.33 F6000
G1 X521.27 Y451.62 Z68.82 nX0.000 nY0.000 nZ-1.000 E256621.41 F6000
G1 X522.47 Y451.02 Z68.82 nX0.000 nY0.000 nZ-1.000 E256624.49 F6000
G1 X523.72 Y450.53 Z68.82 nX0.000 nY0.000 nZ-1.000 E256627.57 F6000
G1 X525.01 Y450.14 Z68.82 nX0.000 nY0.000 nZ-1.000 E256630.65 F6000
G1 X526.32 Y449.86 Z68.82 nX0.000 nY0.000 nZ-1.000 E256633.73 F6000
G1 X527.65 Y449.69 Z68.82 nX0.000 nY0.000 nZ-1.000 E256636.81 F6000
G1 X529.04 Y449.63 Z68.82 nX0.000 nY0.000 nZ-1.000 E256639.99 F6000
G1 X567.51 Y449.63 Z68.85 nX0.000 nY0.000 nZ-1.000 E256728.24 F6000
G1 X569.86 Y449.69 Z68.85 nX0.000 nY0.000 nZ-1.000 E256733.63 F6000
G1 X571.20 Y449.86 Z68.85 nX0.000 nY0.000 nZ-1.000 E256736.71 F6000
G1 X572.51 Y450.14 Z68.85 nX0.000 nY0.000 nZ-1.000 E256739.80 F6000
G1 X573.79 Y450.53 Z68.85 nX0.000 nY0.000 nZ-1.000 E256742.88 F6000
G1 X575.04 Y451.02 Z68.85 nX0.000 nY0.000 nZ-1.000 E256745.96 F6000
G1 X576.25 Y451.62 Z68.85 nX0.000 nY0.000 nZ-1.000 E256749.04 F6000
G1 X577.39 Y452.32 Z68.86 nX0.000 nY0.000 nZ-1.000 E256752.12 F6000
G1 X578.51 Y453.13 Z68.86 nX0.000 nY0.000 nZ-1.000 E256755.30 F6000
G1 X620.18 Y486.27 Z68.89 nX0.000 nY0.000 nZ-1.000 E256877.41 F6000
G1 X622.14 Y487.57 Z68.89 nX0.000 nY0.000 nZ-1.000 E256882.81 F6000
G1 X624.38 Y488.55 Z68.89 nX0.000 nY0.000 nZ-1.000 E256888.41 F6000
G1 X623.17 Y492.16 Z68.90 nX0.000 nY0.000 nZ-1.000 E256897.16 F6000
G1 X620.32 Y490.93 Z68.90 nX0.000 nY0.000 nZ-1.000 E256904.29 F6000
G1 X617.94 Y489.35 Z68.90 nX0.000 nY0.000 nZ-1.000 E256910.83 F6000
G1 X576.21 Y456.16 Z68.93 nX0.000 nY0.000 nZ-1.000 E257033.14 F6000
G1 X575.28 Y455.48 Z68.93 nX0.000 nY0.000 nZ-1.000 E257035.77 F6000
G1 X574.41 Y454.95 Z68.93 nX0.000 nY0.000 nZ-1.000 E257038.12 F6000
G1 X573.49 Y454.49 Z68.93 nX0.000 nY0.000 nZ-1.000 E257040.46 F6000
G1 X572.54 Y454.12 Z68.94 nX0.000 nY0.000 nZ-1.000 E257042.81 F6000
G1 X571.56 Y453.82 Z68.94 nX0.000 nY0.000 nZ-1.000 E257045.16 F6000
G1 X570.56 Y453.61 Z68.94 nX0.000 nY0.000 nZ-1.000 E257047.51 F6000
G1 X569.54 Y453.48 Z68.94 nX0.000 nY0.000 nZ-1.000 E257049.86 F6000
G1 X568.40 Y453.43 Z68.94 nX0.000 nY0.000 nZ-1.000 E257052.49 F6000
G1 X529.12 Y453.43 Z68.96 nX0.000 nY0.000 nZ-1.000 E257142.59 F6000
G1 X527.97 Y453.48 Z68.96 nX0.000 nY0.000 nZ-1.000 E257145.21 F6000
G1 X526.96 Y453.61 Z68.96 nX0.000 nY0.000 nZ-1.000 E257147.56 F6000
G1 X525.96 Y453.82 Z68.96 nX0.000 nY0.000 nZ-1.000 E257149.91 F6000
G1 X524.98 Y454.12 Z68.97 nX0.000 nY0.000 nZ-1.000 E257152.26 F6000
G1 X524.02 Y454.49 Z68.97 nX0.000 nY0.000 nZ-1.000 E257154.61 F6000
G1 X523.11 Y454.95 Z68.97 nX0.000 nY0.000 nZ-1.000 E257156.96 F6000
G1 X522.23 Y455.48 Z68.97 nX0.000 nY0.000 nZ-1.000 E257159.31 F6000
G1 X521.31 Y456.16 Z68.97 nX0.000 nY0.000 nZ-1.000 E257161.94 F6000
G1 X479.58 Y489.35 Z69.00 nX0.000 nY0.000 nZ-1.000 E257284.25 F6000
G1 X477.39 Y490.80 Z69.00 nX0.000 nY0.000 nZ-1.000 E257290.26 F6000
G1 X474.35 Y492.16 Z69.01 nX0.000 nY0.000 nZ-1.000 E257297.91 F6000
G1 X471.33 Y492.89 Z69.01 nX0.000 nY0.000 nZ-1.000 E257305.03 F6000
G1 X468.48 Y493.06 Z69.01 nX0.000 nY0.000 nZ-1.000 E257311.58 F6000
G1 X304.56 Y488.77 Z69.11 nX0.000 nY0.000 nZ-1.000 E257687.70 F6000
G1 X304.56 Y492.62 Z69.11 nX0.000 nY0.000 nZ-1.000 E257696.54 F6000
G1 X306.51 Y492.62 Z69.12 nX0.000 nY0.000 nZ-1.000 E257701.02 F6000
G1 X306.51 Y492.82 Z69.12 nX0.000 nY0.000 nZ-1.000 E257701.48 F6000
G1 X468.55 Y497.07 Z69.22 nX0.000 nY0.000 nZ-1.000 E258073.30 F6000
G1 X471.92 Y496.86 Z69.22 nX0.000 nY0.000 nZ-1.000 E258081.04 F6000
G1 X475.62 Y495.97 Z69.22 nX0.000 nY0.000 nZ-1.000 E258089.77 F6000
G1 X479.11 Y494.45 Z69.22 nX0.000 nY0.000 nZ-1.000 E258098.51 F6000
G1 X481.93 Y492.59 Z69.23 nX0.000 nY0.000 nZ-1.000 E258106.25 F6000
G1 X523.73 Y459.34 Z69.26 nX0.000 nY0.000 nZ-1.000 E258228.77 F6000
G1 X524.45 Y458.81 Z69.26 nX0.000 nY0.000 nZ-1.000 E258230.82 F6000
G1 X525.04 Y458.46 Z69.26 nX0.000 nY0.000 nZ-1.000 E258232.40 F6000
G1 X525.66 Y458.15 Z69.26 nX0.000 nY0.000 nZ-1.000 E258233.97 F6000
G1 X526.30 Y457.90 Z69.26 nX0.000 nY0.000 nZ-1.000 E258235.55 F6000
G1 X526.95 Y457.70 Z69.26 nX0.000 nY0.000 nZ-1.000 E258237.13 F6000
G1 X527.63 Y457.55 Z69.26 nX0.000 nY0.000 nZ-1.000 E258238.71 F6000
G1 X528.31 Y457.47 Z69.26 nX0.000 nY0.000 nZ-1.000 E258240.28 F6000
G1 X529.20 Y457.43 Z69.26 nX0.000 nY0.000 nZ-1.000 E258242.34 F6000
G1 X568.31 Y457.43 Z69.29 nX0.000 nY0.000 nZ-1.000 E258332.05 F6000
G1 X569.21 Y457.47 Z69.29 nX0.000 nY0.000 nZ-1.000 E258334.10 F6000
G1 X569.89 Y457.55 Z69.29 nX0.000 nY0.000 nZ-1.000 E258335.68 F6000
G1 X570.56 Y457.70 Z69.29 nX0.000 nY0.000 nZ-1.000 E258337.25 F6000
G1 X571.22 Y457.90 Z69.29 nX0.000 nY0.000 nZ-1.000 E258338.83 F6000
G1 X571.86 Y458.15 Z69.29 nX0.000 nY0.000 nZ-1.000 E258340.41 F6000
G1 X572.48 Y458.46 Z69.29 nX0.000 nY0.000 nZ-1.000 E258341.99 F6000
G1 X573.06 Y458.81 Z69.29 nX0.000 nY0.000 nZ-1.000 E258343.56 F6000
G1 X573.79 Y459.34 Z69.29 nX0.000 nY0.000 nZ-1.000 E258345.61 F6000
G1 X615.59 Y492.59 Z69.33 nX0.000 nY0.000 nZ-1.000 E258468.13 F6000
G1 X618.40 Y494.45 Z69.33 nX0.000 nY0.000 nZ-1.000 E258475.88 F6000
G1 X621.89 Y495.97 Z69.33 nX0.000 nY0.000 nZ-1.000 E258484.61 F6000
G1 X625.60 Y496.86 Z69.33 nX0.000 nY0.000 nZ-1.000 E258493.34 F6000
G1 X628.97 Y497.07 Z69.34 nX0.000 nY0.000 nZ-1.000 E258501.09 F6000
G1 X791.01 Y492.82 Z69.44 nX0.000 nY0.000 nZ-1.000 E258872.91 F6000
G1 X791.01 Y492.62 Z69.44 nX0.000 nY0.000 nZ-1.000 E258873.36 F6000
G1 X792.96 Y492.62 Z69.44 nX0.000 nY0.000 nZ-1.000 E258877.84 F6000
G1 X792.96 Y488.77 Z69.44 nX0.000 nY0.000 nZ-1.000 E258886.68 F6000
G1 X701.27 Y491.17 Z69.50 nX0.000 nY0.000 nZ-1.000 E259097.07 F6000
;Layer 48
G1 X629.04 Y493.06 Z69.54 nX0.000 nY0.000 nZ-1.000 E259262.81 F6000
G1 X626.88 Y492.93 Z69.55 nX0.000 nY0.000 nZ-1.000 E259267.76 F6000
G1 X628.11 Y489.20 Z69.55 nX0.000 nY0.000 nZ-1.000 E259276.77 F6000
G1 X629.10 Y489.26 Z69.55 nX0.000 nY0.000 nZ-1.000 E259279.06 F6000
G1 X796.73 Y484.87 Z69.65 nX0.000 nY0.000 nZ-1.000 E259663.69 F6000
G1 X796.76 Y485.84 Z69.65 nX0.000 nY0.000 nZ-1.000 E259665.93 F6000
G1 X796.76 Y568.63 Z69.71 nX0.000 nY0.000 nZ-1.000 E259855.81 F6000
G1 X598.19 Y568.63 Z69.83 nX0.000 nY0.000 nZ-1.000 E260311.28 F6000
G1 X567.69 Y461.43 Z69.90 nX0.000 nY0.000 nZ-1.000 E260566.93 F6000
G1 X529.83 Y461.43 Z69.93 nX0.000 nY0.000 nZ-1.000 E260653.76 F6000
G1 X499.33 Y568.63 Z70.00 nX0.000 nY0.000 nZ-1.000 E260909.41 F6000
G1 X300.76 Y568.63 Z70.12 nX0.000 nY0.000 nZ-1.000 E261364.89 F6000
G1 X300.76 Y485.84 Z70.17 nX0.000 nY0.000 nZ-1.000 E261554.77 F6000
G1 X300.78 Y484.87 Z70.17 nX0.000 nY0.000 nZ-1.000 E261557.01 F6000
G1 X468.41 Y489.26 Z70.28 nX0.000 nY0.000 nZ-1.000 E261941.64 F6000
G1 X470.76 Y489.12 Z70.28 nX0.000 nY0.000 nZ-1.000 E261947.04 F6000
G1 X473.14 Y488.55 Z70.28 nX0.000 nY0.000 nZ-1.000 E261952.65 F6000
G1 X475.38 Y487.57 Z70.28 nX0.000 nY0.000 nZ-1.000 E261958.25 F6000
G1 X477.34 Y486.27 Z70.28 nX0.000 nY0.000 nZ-1.000 E261963.65 F6000
G1 X519.00 Y453.13 Z70.32 nX0.000 nY0.000 nZ-1.000 E262085.76 F6000
G1 X520.12 Y452.32 Z70.32 nX0.000 nY0.000 nZ-1.000 E262088.94 F6000
G1 X521.27 Y451.62 Z70.32 nX0.000 nY0.000 nZ-1.000 E262092.02 F6000
G1 X522.47 Y451.02 Z70.32 nX0.000 nY0.000 nZ-1.000 E262095.10 F6000
G1 X523.72 Y450.53 Z70.32 nX0.000 nY0.000 nZ-1.000 E262098.18 F6000
G1 X525.01 Y450.14 Z70.32 nX0.000 nY0.000 nZ-1.000 E262101.26 F6000
G1 X526.32 Y449.86 Z70.32 nX0.000 nY0.000 nZ-1.000 E262104.34 F6000
G1 X527.65 Y449.69 Z70.32 nX0.000 nY0.000 nZ-1.000 E262107.42 F6000
G1 X529.04 Y449.63 Z70.32 nX0.000 nY0.000 nZ-1.000 E262110.60 F6000
G1 X567.51 Y449.63 Z70.35 nX0.000 nY0.000 nZ-1.000 E262198.85 F6000
G1 X569.86 Y449.69 Z70.35 nX0.000 nY0.000 nZ-1.000 E262204.24 F6000
G1 X571.20 Y449.86 Z70.35 nX0.000 nY0.000 nZ-1.000 E262207.32 F6000
G1 X572.51 Y450.14 Z70.35 nX0.000 nY0.000 nZ-1.000 E262210.41 F6000
G1 X573.79 Y450.53 Z70.35 nX0.000 nY0.000 nZ-1.000 E262213.49 F6000
G1 X575.04 Y451.02 Z70.35 nX0.000 nY0.000 nZ-1.000 E262216.57 F6000
G1 X576.25 Y451.62 Z70.35 nX0.000 nY0.000 nZ-1.000 E262219.65 F6000
G1 X577.39 Y452.32 Z70.36 nX0.000 nY0.000 nZ-1.000 E262222.73 F6000
G1 X578.51 Y453.13 Z70.36 nX0.000 nY0.000 nZ-1.000 E262225.91 F6000
G1 X620.18 Y486.27 Z70.39 nX0.000 nY0.000 nZ-1.000 E262348.02 F6000
G1 X622.14 Y487.57 Z70.39 nX0.000 nY0.000 nZ-1.000 E262353.42 F6000
G1 X624.38 Y488.55 Z70.39 nX0.000 nY0.000 nZ-1.000 E262359.02 F6000
G1 X623.17 Y492.16 Z70.40 nX0.000 nY0.000 nZ-1.000 E262367.77 F6000
G1 X620.32 Y490.93 Z70.40 nX0.000 nY0.000 nZ-1.000 E262374.90 F6000
G1 X617.94 Y489.35 Z70.40 nX0.000 nY0.000 nZ-1.000 E262381.44 F6000
G1 X576.21 Y456.16 Z70.43 nX0.000 nY0.000 nZ-1.000 E262503.75 F6000
G1 X575.28 Y455.48 Z70.43 nX0.000 nY0.000 nZ-1.000 E262506.38 F6000
G1 X574.41 Y454.95 Z70.43 nX0.000 nY0.000 nZ-1.000 E262508.72 F6000
G1 X573.49 Y454.49 Z70.43 nX0.000 nY0.000 nZ-1.000 E262511.07 F6000
G1 X572.54 Y454.12 Z70.44 nX0.000 nY0.000 nZ-1.000 E262513.42 F6000
G1 X571.56 Y453.82 Z70.44 nX0.000 nY0.000 nZ-1.000 E262515.77 F6000
G1 X570.56 Y453.61 Z70.44 nX0.000 nY0.000 nZ-1.000 E262518.12 F6000
G1 X569.54 Y453.48 Z70.44 nX0.000 nY0.000 nZ-1.000 E262520.47 F6000
G1 X568.40 Y453.43 Z70.44 nX0.000 nY0.000 nZ-1.000 E262523.10 F6000
G1 X529.12 Y453.43 Z70.46 nX0.000 nY0.000 nZ-1.000 E262613.20 F6000
G1 X527.97 Y453.48 Z70.46 nX0.000 nY0.000 nZ-1.000 E262615.82 F6000
G1 X526.96 Y453.61 Z70.46 nX0.000 nY0.000 nZ-1.000 E262618.17 F6000
G1 X525.96 Y453.82 Z70.46 nX0.000 nY0.000 nZ-1.000 E262620.52 F6000
G1 X524.98 Y454.12 Z70.47 nX0.000 nY0.000 nZ-1.000 E262622.87 F6000
G1 X524.02 Y454.49 Z70.47 nX0.000 nY0.000 nZ-1.000 E262625.22 F6000
G1 X523.11 Y454.95 Z70.47 nX0.000 nY0.000 nZ-1.000 E262627.57 F6000
G1 X522.23 Y455.48 Z70.47 nX0.000 nY0.000 nZ-1.000 E262629.92 F6000
G1 X521.31 Y456.16 Z70.47 nX0.000 nY0.000 nZ-1.000 E262632.55 F6000
G1 X479.58 Y489.35 Z70.50 nX0.000 nY0.000 nZ-1.000 E262754.86 F6000
G1 X477.20 Y490.93 Z70.50 nX0.000 nY0.000 nZ-1.000 E262761.40 F6000
G1 X474.35 Y492.16 Z70.51 nX0.000 nY0.000 nZ-1.000 E262768.52 F6000
G1 X471.33 Y492.89 Z70.51 nX0.000 nY0.000 nZ-1.000 E262775.65 F6000
G1 X468.48 Y493.06 Z70.51 nX0.000 nY0.000 nZ-1.000 E262782.19 F6000
G1 X304.56 Y488.77 Z70.61 nX0.000 nY0.000 nZ-1.000 E263158.32 F6000
G1 X304.56 Y492.62 Z70.61 nX0.000 nY0.000 nZ-1.000 E263167.16 F6000
G1 X306.51 Y492.62 Z70.62 nX0.000 nY0.000 nZ-1.000 E263171.64 F6000
G1 X306.51 Y492.82 Z70.62 nX0.000 nY0.000 nZ-1.000 E263172.09 F6000
G1 X468.55 Y497.07 Z70.72 nX0.000 nY0.000 nZ-1.000 E263543.91 F6000
G1 X471.92 Y496.86 Z70.72 nX0.000 nY0.000 nZ-1.000 E263551.66 F6000
G1 X475.62 Y495.97 Z70.72 nX0.000 nY0.000 nZ-1.000 E263560.39 F6000
G1 X479.11 Y494.45 Z70.72 nX0.000 nY0.000 nZ-1.000 E263569.12 F6000
G1 X481.93 Y492.59 Z70.73 nX0.000 nY0.000 nZ-1.000 E263576.87 F6000
G1 X523.73 Y459.34 Z70.76 nX0.000 nY0.000 nZ-1.000 E263699.39 F6000
G1 X524.45 Y458.81 Z70.76 nX0.000 nY0.000 nZ-1.000 E263701.44 F6000
G1 X525.04 Y458.46 Z70.76 nX0.000 nY0.000 nZ-1.000 E263703.01 F6000
G1 X525.66 Y458.15 Z70.76 nX0.000 nY0.000 nZ-1.000 E263704.59 F6000
G1 X526.30 Y457.90 Z70.76 nX0.000 nY0.000 nZ-1.000 E263706.17 F6000
G1 X526.95 Y457.70 Z70.76 nX0.000 nY0.000 nZ-1.000 E263707.75 F6000
G1 X527.63 Y457.55 Z70.76 nX0.000 nY0.000 nZ-1.000 E263709.32 F6000
G1 X528.31 Y457.47 Z70.76 nX0.000 nY0.000 nZ-1.000 E263710.90 F6000
G1 X529.20 Y457.43 Z70.76 nX0.000 nY0.000 nZ-1.000 E263712.95 F6000
G1 X568.31 Y457.43 Z70.79 nX0.000 nY0.000 nZ-1.000 E263802.67 F6000
G1 X569.21 Y457.47 Z70.79 nX0.000 nY0.000 nZ-1.000 E263804.72 F6000
G1 X569.89 Y457.55 Z70.79 nX0.000 nY0.000 nZ-1.000 E263806.29 F6000
G1 X570.56 Y457.70 Z70.79 nX0.000 nY0.000 nZ-1.000 E263807.87 F6000
G1 X571.22 Y457.90 Z70.79 nX0.000 nY0.000 nZ-1.000 E263809.45 F6000
G1 X571.86 Y458.15 Z70.79 nX0.000 nY0.000 nZ-1.000 E263811.03 F6000
G1 X572.48 Y458.46 Z70.79 nX0.000 nY0.000 nZ-1.000 E263812.60 F6000
G1 X573.06 Y458.81 Z70.79 nX0.000 nY0.000 nZ-1.000 E263814.18 F6000
G1 X573.79 Y459.34 Z70.79 nX0.000 nY0.000 nZ-1.000 E263816.23 F6000
G1 X615.59 Y492.59 Z70.83 nX0.000 nY0.000 nZ-1.000 E263938.75 F6000
G1 X618.40 Y494.45 Z70.83 nX0.000 nY0.000 nZ-1.000 E263946.50 F6000
G1 X621.89 Y495.97 Z70.83 nX0.000 nY0.000 nZ-1.000 E263955.23 F6000
G1 X625.60 Y496.86 Z70.83 nX0.000 nY0.000 nZ-1.000 E263963.96 F6000
G1 X628.97 Y497.07 Z70.84 nX0.000 nY0.000 nZ-1.000 E263971.70 F6000
G1 X791.01 Y492.82 Z70.94 nX0.000 nY0.000 nZ-1.000 E264343.52 F6000
G1 X791.01 Y492.62 Z70.94 nX0.000 nY0.000 nZ-1.000 E264343.98 F6000
G1 X792.96 Y492.62 Z70.94 nX0.000 nY0.000 nZ-1.000 E264348.46 F6000
G1 X792.96 Y488.77 Z70.94 nX0.000 nY0.000 nZ-1.000 E264357.30 F6000
G1 X701.27 Y491.17 Z71.00 nX0.000 nY0.000 nZ-1.000 E264567.69 F6000
;Layer 49
G1 X629.04 Y493.06 Z71.04 nX0.000 nY0.000 nZ-1.000 E264733.42 F6000
G1 X626.88 Y492.93 Z71.05 nX0.000 nY0.000 nZ-1.000 E264738.38 F6000
G1 X628.11 Y489.20 Z71.05 nX0.000 nY0.000 nZ-1.000 E264747.39 F6000
G1 X629.10 Y489.26 Z71.05 nX0.000 nY0.000 nZ-1.000 E264749.67 F6000
G1 X796.73 Y484.87 Z71.15 nX0.000 nY0.000 nZ-1.000 E265134.31 F6000
G1 X796.76 Y485.84 Z71.15 nX0.000 nY0.000 nZ-1.000 E265136.54 F6000
G1 X796.76 Y568.63 Z71.21 nX0.000 nY0.000 nZ-1.000 E265326.43 F6000
G1 X598.19 Y568.63 Z71.33 nX0.000 nY0.000 nZ-1.000 E265781.90 F6000
G1 X567.69 Y461.43 Z71.40 nX0.000 nY0.000 nZ-1.000 E266037.55 F6000
G1 X529.83 Y461.43 Z71.43 nX0.000 nY0.000 nZ-1.000 E266124.38 F6000
G1 X499.33 Y568.63 Z71.50 nX0.000 nY0.000 nZ-1.000 E266380.03 F6000
G1 X300.76 Y568.63 Z71.62 nX0.000 nY0.000 nZ-1.000 E266835.50 F6000
G1 X300.76 Y485.84 Z71.67 nX0.000 nY0.000 nZ-1.000 E267025.39 F6000
G1 X300.78 Y484.87 Z71.67 nX0.000 nY0.000 nZ-1.000 E267027.63 F6000
G1 X468.41 Y489.26 Z71.78 nX0.000 nY0.000 nZ-1.000 E267412.26 F6000
G1 X470.76 Y489.12 Z71.78 nX0.000 nY0.000 nZ-1.000 E267417.66 F6000
G1 X473.14 Y488.55 Z71.78 nX0.000 nY0.000 nZ-1.000 E267423.26 F6000
G1 X475.38 Y487.57 Z71.78 nX0.000 nY0.000 nZ-1.000 E267428.86 F6000
G1 X477.34 Y486.27 Z71.78 nX0.000 nY0.000 nZ-1.000 E267434.26 F6000
G1 X519.00 Y453.13 Z71.82 nX0.000 nY0.000 nZ-1.000 E267556.37 F6000
G1 X520.12 Y452.32 Z71.82 nX0.000 nY0.000 nZ-1.000 E267559.55 F6000
G1 X521.27 Y451.62 Z71.82 nX0.000 nY0.000 nZ-1.000 E267562.63 F6000
G1 X522.47 Y451.02 Z71.82 nX0.000 nY0.000 nZ-1.000 E267565.71 F6000
G1 X523.72 Y450.53 Z71.82 nX0.000 nY0.000 nZ-1.000 E267568.80 F6000
G1 X525.01 Y450.14 Z71.82 nX0.000 nY0.000 nZ-1.000 E267571.88 F6000
G1 X526.32 Y449.86 Z71.82 nX0.000 nY0.000 nZ-1.000 E267574.96 F6000
G1 X527.65 Y449.69 Z71.82 nX0.000 nY0.000 nZ-1.000 E267578.04 F6000
G1 X529.04 Y449.63 Z71.82 nX0.000 nY0.000 nZ-1.000 E267581.22 F6000
G1 X567.51 Y449.63 Z71.85 nX0.000 nY0.000 nZ-1.000 E267669.46 F6000
G1 X569.86 Y449.69 Z71.85 nX0.000 nY0.000 nZ-1.000 E267674.86 F6000
G1 X571.20 Y449.86 Z71.85 nX0.000 nY0.000 nZ-1.000 E267677.94 F6000
G1 X572.51 Y450.14 Z71.85 nX0.000 nY0.000 nZ-1.000 E267681.02 F6000
G1 X573.79 Y450.53 Z71.85 nX0.000 nY0.000 nZ-1.000 E267684.10 F6000
G1 X575.04 Y451.02 Z71.85 nX0.000 nY0.000 nZ-1.000 E267687.18 F6000
G1 X576.25 Y451.62 Z71.85 nX0.000 nY0.000 nZ-1.000 E267690.27 F6000
G1 X577.39 Y452.32 Z71.86 nX0.000 nY0.000 nZ-1.000 E267693.35 F6000
G1 X578.51 Y453.13 Z71.86 nX0.000 nY0.000 nZ-1.000 E267696.53 F6000
G1 X620.18 Y486.27 Z71.89 nX0.000 nY0.000 nZ-1.000 E267818.64 F6000
G1 X622.14 Y487.57 Z71.89 nX0.000 nY0.000 nZ-1.000 E267824.04 F6000
G1 X624.38 Y488.55 Z71.89 nX0.000 nY0.000 nZ-1.000 E267829.64 F6000
G1 X623.17 Y492.16 Z71.90 nX0.000 nY0.000 nZ-1.000 E267838.39 F6000
G1 X620.32 Y490.93 Z71.90 nX0.000 nY0.000 nZ-1.000 E267845.51 F6000
G1 X617.94 Y489.35 Z71.90 nX0.000 nY0.000 nZ-1.000 E267852.06 F6000
G1 X576.21 Y456.16 Z71.93 nX0.000 nY0.000 nZ-1.000 E267974.36 F6000
G1 X575.28 Y455.48 Z71.93 nX0.000 nY0.000 nZ-1.000 E267976.99 F6000
G1 X574.41 Y454.95 Z71.93 nX0.000 nY0.000 nZ-1.000 E267979.34 F6000
G1 X573.49 Y454.49 Z71.93 nX0.000 nY0.000 nZ-1.000 E267981.69 F6000
G1 X572.54 Y454.12 Z71.94 nX0.000 nY0.000 nZ-1.000 E267984.04 F6000
G1 X571.56 Y453.82 Z71.94 nX0.000 nY0.000 nZ-1.000 E267986.39 F6000
G1 X570.56 Y453.61 Z71.94 nX0.000 nY0.000 nZ-1.000 E267988.74 F6000
G1 X569.54 Y453.48 Z71.94 nX0.000 nY0.000 nZ-1.000 E267991.09 F6000
G1 X568.40 Y453.43 Z71.94 nX0.000 nY0.000 nZ-1.000 E267993.71 F6000
G1 X529.12 Y453.43 Z71.96 nX0.000 nY0.000 nZ-1.000 E268083.81 F6000
G1 X527.97 Y453.48 Z71.96 nX0.000 nY0.000 nZ-1.000 E268086.44 F6000
G1 X526.96 Y453.61 Z71.96 nX0.000 nY0.000 nZ-1.000 E268088.79 F6000
G1 X525.96 Y453.82 Z71.96 nX0.000 nY0.000 nZ-1.000 E268091.14 F6000
G1 X524.98 Y454.12 Z71.97 nX0.000 nY0.000 nZ-1.000 E268093.49 F6000
G1 X524.02 Y454.49 Z71.97 nX0.000 nY0.000 nZ-1.000 E268095.84 F6000
G1 X523.11 Y454.95 Z71.97 nX0.000 nY0.000 nZ-1.000 E268098.19 F6000
G1 X522.23 Y455.48 Z71.97 nX0.000 nY0.000 nZ-1.000 E268100.53 F6000
G1 X521.31 Y456.16 Z71.97 nX0.000 nY0.000 nZ-1.000 E268103.16 F6000
G1 X479.58 Y489.35 Z72.00 nX0.000 nY0.000 nZ-1.000 E268225.47 F6000
G1 X477.20 Y490.93 Z72.00 nX0.000 nY0.000 nZ-1.000 E268232.01 F6000
G1 X474.35 Y492.16 Z72.01 nX0.000 nY0.000 nZ-1.000 E268239.14 F6000
G1 X471.33 Y492.89 Z72.01 nX0.000 nY0.000 nZ-1.000 E268246.27 F6000
G1 X468.48 Y493.06 Z72.01 nX0.000 nY0.000 nZ-1.000 E268252.81 F6000
G1 X304.56 Y488.77 Z72.11 nX0.000 nY0.000 nZ-1.000 E268628.94 F6000
G1 X304.56 Y492.62 Z72.11 nX0.000 nY0.000 nZ-1.000 E268637.78 F6000
G1 X306.51 Y492.62 Z72.12 nX0.000 nY0.000 nZ-1.000 E268642.26 F6000
G1 X306.51 Y492.82 Z72.12 nX0.000 nY0.000 nZ-1.000 E268642.71 F6000
G1 X468.55 Y497.07 Z72.22 nX0.000 nY0.000 nZ-1.000 E269014.53 F6000
G1 X471.92 Y496.86 Z72.22 nX0.000 nY0.000 nZ-1.000 E269022.28 F6000
G1 X475.62 Y495.97 Z72.22 nX0.000 nY0.000 nZ-1.000 E269031.01 F6000
G1 X479.11 Y494.45 Z72.22 nX0.000 nY0.000 nZ-1.000 E269039.74 F6000
G1 X481.93 Y492.59 Z72.23 nX0.000 nY0.000 nZ-1.000 E269047.48 F6000
G1 X523.73 Y459.34 Z72.26 nX0.000 nY0.000 nZ-1.000 E269170.00 F6000
G1 X524.45 Y458.81 Z72.26 nX0.000 nY0.000 nZ-1.000 E269172.05 F6000
G1 X525.04 Y458.46 Z72.26 nX0.000 nY0.000 nZ-1.000 E269173.63 F6000
G1 X525.66 Y458.15 Z72.26 nX0.000 nY0.000 nZ-1.000 E269175.21 F6000
G1 X526.30 Y457.90 Z72.26 nX0.000 nY0.000 nZ-1.000 E269176.79 F6000
G1 X526.95 Y457.70 Z72.26 nX0.000 nY0.000 nZ-1.000 E269178.36 F6000
G1 X527.63 Y457.55 Z72.26 nX0.000 nY0.000 nZ-1.000 E269179.94 F6000
G1 X528.31 Y457.47 Z72.26 nX0.000 nY0.000 nZ-1.000 E269181.52 F6000
G1 X529.20 Y457.43 Z72.26 nX0.000 nY0.000 nZ-1.000 E269183.57 F6000
G1 X568.31 Y457.43 Z72.29 nX0.000 nY0.000 nZ-1.000 E269273.28 F6000
G1 X569.21 Y457.47 Z72.29 nX0.000 nY0.000 nZ-1.000 E269275.33 F6000
G1 X569.89 Y457.55 Z72.29 nX0.000 nY0.000 nZ-1.000 E269276.91 F6000
G1 X570.56 Y457.70 Z72.29 nX0.000 nY0.000 nZ-1.000 E269278.49 F6000
G1 X571.22 Y457.90 Z72.29 nX0.000 nY0.000 nZ-1.000 E269280.07 F6000
G1 X571.86 Y458.15 Z72.29 nX0.000 nY0.000 nZ-1.000 E269281.64 F6000
G1 X572.48 Y458.46 Z72.29 nX0.000 nY0.000 nZ-1.000 E269283.22 F6000
G1 X573.06 Y458.81 Z72.29 nX0.000 nY0.000 nZ-1.000 E269284.80 F6000
G1 X573.79 Y459.34 Z72.29 nX0.000 nY0.000 nZ-1.000 E269286.85 F6000
G1 X615.59 Y492.59 Z72.33 nX0.000 nY0.000 nZ-1.000 E269409.37 F6000
G1 X618.40 Y494.45 Z72.33 nX0.000 nY0.000 nZ-1.000 E269417.11 F6000
G1 X621.89 Y495.97 Z72.33 nX0.000 nY0.000 nZ-1.000 E269425.84 F6000
G1 X625.60 Y496.86 Z72.33 nX0.000 nY0.000 nZ-1.000 E269434.57 F6000
G1 X628.97 Y497.07 Z72.34 nX0.000 nY0.000 nZ-1.000 E269442.32 F6000
G1 X791.01 Y492.82 Z72.44 nX0.000 nY0.000 nZ-1.000 E269814.14 F6000
G1 X791.01 Y492.62 Z72.44 nX0.000 nY0.000 nZ-1.000 E269814.60 F6000
G1 X792.96 Y492.62 Z72.44 nX0.000 nY0.000 nZ-1.000 E269819.07 F6000
G1 X792.96 Y488.77 Z72.44 nX0.000 nY0.000 nZ-1.000 E269827.91 F6000
G1 X701.27 Y491.17 Z72.50 nX0.000 nY0.000 nZ-1.000 E270038.31 F6000
;Layer 50
G1 X629.04 Y493.06 Z72.54 nX0.000 nY0.000 nZ-1.000 E270204.04 F6000
G1 X626.86 Y492.93 Z72.55 nX0.000 nY0.000 nZ-1.000 E270209.04 F6000
G1 X623.17 Y492.16 Z72.55 nX0.000 nY0.000 nZ-1.000 E270217.69 F6000
G1 X620.32 Y490.93 Z72.55 nX0.000 nY0.000 nZ-1.000 E270224.82 F6000
G1 X617.94 Y489.35 Z72.55 nX0.000 nY0.000 nZ-1.000 E270231.36 F6000
G1 X576.21 Y456.16 Z72.59 nX0.000 nY0.000 nZ-1.000 E270353.67 F6000
G1 X575.28 Y455.48 Z72.59 nX0.000 nY0.000 nZ-1.000 E270356.30 F6000
G1 X574.41 Y454.95 Z72.59 nX0.000 nY0.000 nZ-1.000 E270358.65 F6000
G1 X573.49 Y454.49 Z72.59 nX0.000 nY0.000 nZ-1.000 E270360.99 F6000
G1 X572.54 Y454.12 Z72.59 nX0.000 nY0.000 nZ-1.000 E270363.34 F6000
G1 X571.56 Y453.82 Z72.59 nX0.000 nY0.000 nZ-1.000 E270365.69 F6000
G1 X570.56 Y453.61 Z72.59 nX0.000 nY0.000 nZ-1.000 E270368.04 F6000
G1 X569.54 Y453.48 Z72.59 nX0.000 nY0.000 nZ-1.000 E270370.39 F6000
G1 X568.40 Y453.43 Z72.59 nX0.000 nY0.000 nZ-1.000 E270373.02 F6000
G1 X529.12 Y453.43 Z72.62 nX0.000 nY0.000 nZ-1.000 E270463.12 F6000
G1 X527.97 Y453.48 Z72.62 nX0.000 nY0.000 nZ-1.000 E270465.75 F6000
G1 X526.96 Y453.61 Z72.62 nX0.000 nY0.000 nZ-1.000 E270468.09 F6000
G1 X525.96 Y453.82 Z72.62 nX0.000 nY0.000 nZ-1.000 E270470.44 F6000
G1 X524.98 Y454.12 Z72.62 nX0.000 nY0.000 nZ-1.000 E270472.79 F6000
G1 X524.02 Y454.49 Z72.62 nX0.000 nY0.000 nZ-1.000 E270475.14 F6000
G1 X523.11 Y454.95 Z72.62 nX0.000 nY0.000 nZ-1.000 E270477.49 F6000
G1 X522.23 Y455.48 Z72.62 nX0.000 nY0.000 nZ-1.000 E270479.84 F6000
G1 X521.31 Y456.16 Z72.62 nX0.000 nY0.000 nZ-1.000 E270482.47 F6000
G1 X479.58 Y489.35 Z72.65 nX0.000 nY0.000 nZ-1.000 E270604.78 F6000
G1 X477.78 Y490.54 Z72.66 nX0.000 nY0.000 nZ-1.000 E270609.73 F6000
G1 X476.51 Y486.82 Z72.66 nX0.000 nY0.000 nZ-1.000 E270618.74 F6000
G1 X477.34 Y486.27 Z72.66 nX0.000 nY0.000 nZ-1.000 E270621.02 F6000
G1 X519.00 Y453.13 Z72.69 nX0.000 nY0.000 nZ-1.000 E270743.14 F6000
G1 X520.12 Y452.32 Z72.69 nX0.000 nY0.000 nZ-1.000 E270746.31 F6000
G1 X521.27 Y451.62 Z72.69 nX0.000 nY0.000 nZ-1.000 E270749.40 F6000
G1 X522.47 Y451.02 Z72.69 nX0.000 nY0.000 nZ-1.000 E270752.48 F6000
G1 X523.72 Y450.53 Z72.70 nX0.000 nY0.000 nZ-1.000 E270755.56 F6000
G1 X525.01 Y450.14 Z72.70 nX0.000 nY0.000 nZ-1.000 E270758.64 F6000
G1 X526.32 Y449.86 Z72.70 nX0.000 nY0.000 nZ-1.000 E270761.72 F6000
G1 X527.65 Y449.69 Z72.70 nX0.000 nY0.000 nZ-1.000 E270764.80 F6000
G1 X529.04 Y449.63 Z72.70 nX0.000 nY0.000 nZ-1.000 E270767.98 F6000
G1 X567.51 Y449.63 Z72.72 nX0.000 nY0.000 nZ-1.000 E270856.23 F6000
G1 X569.86 Y449.69 Z72.72 nX0.000 nY0.000 nZ-1.000 E270861.62 F6000
G1 X571.20 Y449.86 Z72.73 nX0.000 nY0.000 nZ-1.000 E270864.70 F6000
G1 X572.51 Y450.14 Z72.73 nX0.000 nY0.000 nZ-1.000 E270867.78 F6000
G1 X573.79 Y450.53 Z72.73 nX0.000 nY0.000 nZ-1.000 E270870.87 F6000
G1 X575.04 Y451.02 Z72.73 nX0.000 nY0.000 nZ-1.000 E270873.95 F6000
G1 X576.25 Y451.62 Z72.73 nX0.000 nY0.000 nZ-1.000 E270877.03 F6000
G1 X577.39 Y452.32 Z72.73 nX0.000 nY0.000 nZ-1.000 E270880.11 F6000
G1 X578.51 Y453.13 Z72.73 nX0.000 nY0.000 nZ-1.000 E270883.29 F6000
G1 X620.18 Y486.27 Z72.76 nX0.000 nY0.000 nZ-1.000 E271005.40 F6000
G1 X622.14 Y487.57 Z72.77 nX0.000 nY0.000 nZ-1.000 E271010.80 F6000
G1 X624.38 Y488.55 Z72.77 nX0.000 nY0.000 nZ-1.000 E271016.40 F6000
G1 X627.78 Y489.45 Z72.77 nX0.000 nY0.000 nZ-1.000 E271024.47 F6000
G1 X629.10 Y489.26 Z72.77 nX0.000 nY0.000 nZ-1.000 E271027.54 F6000
G1 X796.73 Y484.87 Z72.88 nX0.000 nY0.000 nZ-1.000 E271412.18 F6000
G1 X796.76 Y485.84 Z72.88 nX0.000 nY0.000 nZ-1.000 E271414.41 F6000
G1 X796.76 Y568.63 Z72.93 nX0.000 nY0.000 nZ-1.000 E271604.30 F6000
G1 X598.19 Y568.63 Z73.05 nX0.000 nY0.000 nZ-1.000 E272059.77 F6000
G1 X567.69 Y461.43 Z73.12 nX0.000 nY0.000 nZ-1.000 E272315.42 F6000
G1 X529.83 Y461.43 Z73.15 nX0.000 nY0.000 nZ-1.000 E272402.25 F6000
G1 X499.33 Y568.63 Z73.22 nX0.000 nY0.000 nZ-1.000 E272657.90 F6000
G1 X300.76 Y568.63 Z73.34 nX0.000 nY0.000 nZ-1.000 E273113.37 F6000
G1 X300.76 Y485.84 Z73.39 nX0.000 nY0.000 nZ-1.000 E273303.26 F6000
G1 X300.78 Y484.87 Z73.39 nX0.000 nY0.000 nZ-1.000 E273305.49 F6000
G1 X468.41 Y489.26 Z73.50 nX0.000 nY0.000 nZ-1.000 E273690.13 F6000
G1 X470.76 Y489.12 Z73.50 nX0.000 nY0.000 nZ-1.000 E273695.53 F6000
G1 X473.14 Y488.55 Z73.50 nX0.000 nY0.000 nZ-1.000 E273701.13 F6000
G1 X474.35 Y492.16 Z73.51 nX0.000 nY0.000 nZ-1.000 E273709.88 F6000
G1 X471.33 Y492.89 Z73.51 nX0.000 nY0.000 nZ-1.000 E273717.00 F6000
G1 X468.48 Y493.06 Z73.51 nX0.000 nY0.000 nZ-1.000 E273723.55 F6000
G1 X304.56 Y488.77 Z73.61 nX0.000 nY0.000 nZ-1.000 E274099.67 F6000
G1 X304.56 Y492.62 Z73.61 nX0.000 nY0.000 nZ-1.000 E274108.51 F6000
G1 X306.51 Y492.62 Z73.62 nX0.000 nY0.000 nZ-1.000 E274112.99 F6000
G1 X306.51 Y492.82 Z73.62 nX0.000 nY0.000 nZ-1.000 E274113.45 F6000
G1 X468.55 Y497.07 Z73.72 nX0.000 nY0.000 nZ-1.000 E274485.27 F6000
G1 X471.92 Y496.86 Z73.72 nX0.000 nY0.000 nZ-1.000 E274493.01 F6000
G1 X475.62 Y495.97 Z73.72 nX0.000 nY0.000 nZ-1.000 E274501.75 F6000
G1 X479.11 Y494.45 Z73.72 nX0.000 nY0.000 nZ-1.000 E274510.48 F6000
G1 X481.93 Y492.59 Z73.73 nX0.000 nY0.000 nZ-1.000 E274518.22 F6000
G1 X523.73 Y459.34 Z73.76 nX0.000 nY0.000 nZ-1.000 E274640.74 F6000
G1 X524.45 Y458.81 Z73.76 nX0.000 nY0.000 nZ-1.000 E274642.79 F6000
G1 X525.04 Y458.46 Z73.76 nX0.000 nY0.000 nZ-1.000 E274644.37 F6000
G1 X525.66 Y458.15 Z73.76 nX0.000 nY0.000 nZ-1.000 E274645.95 F6000
G1 X526.30 Y457.90 Z73.76 nX0.000 nY0.000 nZ-1.000 E274647.52 F6000
G1 X526.95 Y457.70 Z73.76 nX0.000 nY0.000 nZ-1.000 E274649.10 F6000
G1 X527.63 Y457.55 Z73.76 nX0.000 nY0.000 nZ-1.000 E274650.68 F6000
G1 X528.31 Y457.47 Z73.76 nX0.000 nY0.000 nZ-1.000 E274652.26 F6000
G1 X529.20 Y457.43 Z73.76 nX0.000 nY0.000 nZ-1.000 E274654.31 F6000
G1 X568.31 Y457.43 Z73.79 nX0.000 nY0.000 nZ-1.000 E274744.02 F6000
G1 X569.21 Y457.47 Z73.79 nX0.000 nY0.000 nZ-1.000 E274746.07 F6000
G1 X569.89 Y457.55 Z73.79 nX0.000 nY0.000 nZ-1.000 E274747.65 F6000
G1 X570.56 Y457.70 Z73.79 nX0.000 nY0.000 nZ-1.000 E274749.23 F6000
G1 X571.22 Y457.90 Z73.79 nX0.000 nY0.000 nZ-1.000 E274750.80 F6000
G1 X571.86 Y458.15 Z73.79 nX0.000 nY0.000 nZ-1.000 E274752.38 F6000
G1 X572.48 Y458.46 Z73.79 nX0.000 nY0.000 nZ-1.000 E274753.96 F6000
G1 X573.06 Y458.81 Z73.79 nX0.000 nY0.000 nZ-1.000 E274755.54 F6000
G1 X573.79 Y459.34 Z73.79 nX0.000 nY0.000 nZ-1.000 E274757.59 F6000
G1 X615.59 Y492.59 Z73.83 nX0.000 nY0.000 nZ-1.000 E274880.10 F6000
G1 X618.40 Y494.45 Z73.83 nX0.000 nY0.000 nZ-1.000 E274887.85 F6000
G1 X621.89 Y495.97 Z73.83 nX0.000 nY0.000 nZ-1.000 E274896.58 F6000
G1 X625.60 Y496.86 Z73.83 nX0.000 nY0.000 nZ-1.000 E274905.31 F6000
G1 X628.97 Y497.07 Z73.84 nX0.000 nY0.000 nZ-1.000 E274913.06 F6000
G1 X791.01 Y492.82 Z73.94 nX0.000 nY0.000 nZ-1.000 E275284.88 F6000
G1 X791.01 Y492.62 Z73.94 nX0.000 nY0.000 nZ-1.000 E275285.33 F6000
G1 X792.96 Y492.62 Z73.94 nX0.000 nY0.000 nZ-1.000 E275289.81 F6000
G1 X792.96 Y488.77 Z73.94 nX0.000 nY0.000 nZ-1.000 E275298.65 F6000
G1 X701.27 Y491.17 Z74.00 nX0.000 nY0.000 nZ-1.000 E275509.04 F6000
;Layer 51
G1 X629.04 Y493.06 Z74.04 nX0.000 nY0.000 nZ-1.000 E275674.78 F6000
G1 X626.88 Y492.93 Z74.05 nX0.000 nY0.000 nZ-1.000 E275679.73 F6000
G1 X628.11 Y489.20 Z74.05 nX0.000 nY0.000 nZ-1.000 E275688.74 F6000
G1 X629.10 Y489.26 Z74.05 nX0.000 nY0.000 nZ-1.000 E275691.03 F6000
G1 X796.73 Y484.87 Z74.15 nX0.000 nY0.000 nZ-1.000 E276075.66 F6000
G1 X796.76 Y485.84 Z74.15 nX0.000 nY0.000 nZ-1.000 E276077.90 F6000
G1 X796.76 Y568.63 Z74.21 nX0.000 nY0.000 nZ-1.000 E276267.79 F6000
G1 X598.19 Y568.63 Z74.33 nX0.000 nY0.000 nZ-1.000 E276723.25 F6000
G1 X567.69 Y461.43 Z74.40 nX0.000 nY0.000 nZ-1.000 E276978.91 F6000
G1 X529.83 Y461.43 Z74.43 nX0.000 nY0.000 nZ-1.000 E277065.73 F6000
G1 X499.33 Y568.63 Z74.50 nX0.000 nY0.000 nZ-1.000 E277321.39 F6000
G1 X300.76 Y568.63 Z74.62 nX0.000 nY0.000 nZ-1.000 E277776.86 F6000
G1 X300.76 Y485.84 Z74.67 nX0.000 nY0.000 nZ-1.000 E277966.75 F6000
G1 X300.78 Y484.87 Z74.67 nX0.000 nY0.000 nZ-1.000 E277968.98 F6000
G1 X468.41 Y489.26 Z74.78 nX0.000 nY0.000 nZ-1.000 E278353.62 F6000
G1 X470.76 Y489.12 Z74.78 nX0.000 nY0.000 nZ-1.000 E278359.02 F6000
G1 X473.14 Y488.55 Z74.78 nX0.000 nY0.000 nZ-1.000 E278364.62 F6000
G1 X475.97 Y487.37 Z74.78 nX0.000 nY0.000 nZ-1.000 E278371.65 F6000
G1 X477.34 Y486.27 Z74.78 nX0.000 nY0.000 nZ-1.000 E278375.68 F6000
G1 X519.00 Y453.13 Z74.82 nX0.000 nY0.000 nZ-1.000 E278497.79 F6000
G1 X520.12 Y452.32 Z74.82 nX0.000 nY0.000 nZ-1.000 E278500.97 F6000
G1 X521.27 Y451.62 Z74.82 nX0.000 nY0.000 nZ-1.000 E278504.05 F6000
G1 X522.47 Y451.02 Z74.82 nX0.000 nY0.000 nZ-1.000 E278507.13 F6000
G1 X523.72 Y450.53 Z74.82 nX0.000 nY0.000 nZ-1.000 E278510.21 F6000
G1 X525.01 Y450.14 Z74.82 nX0.000 nY0.000 nZ-1.000 E278513.29 F6000
G1 X526.32 Y449.86 Z74.82 nX0.000 nY0.000 nZ-1.000 E278516.37 F6000
G1 X527.65 Y449.69 Z74.82 nX0.000 nY0.000 nZ-1.000 E278519.45 F6000
G1 X529.04 Y449.63 Z74.82 nX0.000 nY0.000 nZ-1.000 E278522.63 F6000
G1 X567.51 Y449.63 Z74.85 nX0.000 nY0.000 nZ-1.000 E278610.88 F6000
G1 X569.86 Y449.69 Z74.85 nX0.000 nY0.000 nZ-1.000 E278616.27 F6000
G1 X571.20 Y449.86 Z74.85 nX0.000 nY0.000 nZ-1.000 E278619.36 F6000
G1 X572.51 Y450.14 Z74.85 nX0.000 nY0.000 nZ-1.000 E278622.44 F6000
G1 X573.79 Y450.53 Z74.85 nX0.000 nY0.000 nZ-1.000 E278625.52 F6000
G1 X575.04 Y451.02 Z74.85 nX0.000 nY0.000 nZ-1.000 E278628.60 F6000
G1 X576.25 Y451.62 Z74.85 nX0.000 nY0.000 nZ-1.000 E278631.68 F6000
G1 X577.39 Y452.32 Z74.86 nX0.000 nY0.000 nZ-1.000 E278634.76 F6000
G1 X578.51 Y453.13 Z74.86 nX0.000 nY0.000 nZ-1.000 E278637.94 F6000
G1 X620.18 Y486.27 Z74.89 nX0.000 nY0.000 nZ-1.000 E278760.05 F6000
G1 X622.14 Y487.57 Z74.89 nX0.000 nY0.000 nZ-1.000 E278765.45 F6000
G1 X624.38 Y488.55 Z74.89 nX0.000 nY0.000 nZ-1.000 E278771.05 F6000
G1 X623.17 Y492.16 Z74.90 nX0.000 nY0.000 nZ-1.000 E278779.80 F6000
G1 X620.32 Y490.93 Z74.90 nX0.000 nY0.000 nZ-1.000 E278786.93 F6000
G1 X617.94 Y489.35 Z74.90 nX0.000 nY0.000 nZ-1.000 E278793.47 F6000
G1 X576.21 Y456.16 Z74.93 nX0.000 nY0.000 nZ-1.000 E278915.78 F6000
G1 X575.28 Y455.48 Z74.93 nX0.000 nY0.000 nZ-1.000 E278918.41 F6000
G1 X574.41 Y454.95 Z74.93 nX0.000 nY0.000 nZ-1.000 E278920.76 F6000
G1 X573.49 Y454.49 Z74.93 nX0.000 nY0.000 nZ-1.000 E278923.11 F6000
G1 X572.54 Y454.12 Z74.94 nX0.000 nY0.000 nZ-1.000 E278925.45 F6000
G1 X571.56 Y453.82 Z74.94 nX0.000 nY0.000 nZ-1.000 E278927.80 F6000
G1 X570.56 Y453.61 Z74.94 nX0.000 nY0.000 nZ-1.000 E278930.15 F6000
G1 X569.54 Y453.48 Z74.94 nX0.000 nY0.000 nZ-1.000 E278932.50 F6000
G1 X568.40 Y453.43 Z74.94 nX0.000 nY0.000 nZ-1.000 E278935.13 F6000
G1 X529.12 Y453.43 Z74.96 nX0.000 nY0.000 nZ-1.000 E279025.23 F6000
G1 X527.97 Y453.48 Z74.96 nX0.000 nY0.000 nZ-1.000 E279027.86 F6000
G1 X526.96 Y453.61 Z74.96 nX0.000 nY0.000 nZ-1.000 E279030.21 F6000
G1 X525.96 Y453.82 Z74.96 nX0.000 nY0.000 nZ-1.000 E279032.55 F6000
G1 X524.98 Y454.12 Z74.97 nX0.000 nY0.000 nZ-1.000 E279034.90 F6000
G1 X524.02 Y454.49 Z74.97 nX0.000 nY0.000 nZ-1.000 E279037.25 F6000
G1 X523.11 Y454.95 Z74.97 nX0.000 nY0.000 nZ-1.000 E279039.60 F6000
G1 X522.23 Y455.48 Z74.97 nX0.000 nY0.000 nZ-1.000 E279041.95 F6000
G1 X521.31 Y456.16 Z74.97 nX0.000 nY0.000 nZ-1.000 E279044.58 F6000
G1 X479.58 Y489.35 Z75.00 nX0.000 nY0.000 nZ-1.000 E279166.89 F6000
G1 X477.39 Y490.80 Z75.00 nX0.000 nY0.000 nZ-1.000 E279172.90 F6000
G1 X474.35 Y492.16 Z75.01 nX0.000 nY0.000 nZ-1.000 E279180.55 F6000
G1 X471.33 Y492.89 Z75.01 nX0.000 nY0.000 nZ-1.000 E279187.67 F6000
G1 X468.48 Y493.06 Z75.01 nX0.000 nY0.000 nZ-1.000 E279194.22 F6000
G1 X304.56 Y488.77 Z75.11 nX0.000 nY0.000 nZ-1.000 E279570.34 F6000
G1 X304.56 Y492.62 Z75.11 nX0.000 nY0.000 nZ-1.000 E279579.18 F6000
G1 X306.51 Y492.62 Z75.12 nX0.000 nY0.000 nZ-1.000 E279583.66 F6000
G1 X306.51 Y492.82 Z75.12 nX0.000 nY0.000 nZ-1.000 E279584.12 F6000
G1 X468.55 Y497.07 Z75.22 nX0.000 nY0.000 nZ-1.000 E279955.94 F6000
G1 X471.92 Y496.86 Z75.22 nX0.000 nY0.000 nZ-1.000 E279963.68 F6000
G1 X475.62 Y495.97 Z75.22 nX0.000 nY0.000 nZ-1.000 E279972.42 F6000
G1 X479.11 Y494.45 Z75.22 nX0.000 nY0.000 nZ-1.000 E279981.15 F6000
G1 X481.93 Y492.59 Z75.23 nX0.000 nY0.000 nZ-1.000 E279988.89 F6000
G1 X523.73 Y459.34 Z75.26 nX0.000 nY0.000 nZ-1.000 E280111.41 F6000
G1 X524.45 Y458.81 Z75.26 nX0.000 nY0.000 nZ-1.000 E280113.46 F6000
G1 X525.04 Y458.46 Z75.26 nX0.000 nY0.000 nZ-1.000 E280115.04 F6000
G1 X525.66 Y458.15 Z75.26 nX0.000 nY0.000 nZ-1.000 E280116.61 F6000
G1 X526.30 Y457.90 Z75.26 nX0.000 nY0.000 nZ-1.000 E280118.19 F6000
G1 X526.95 Y457.70 Z75.26 nX0.000 nY0.000 nZ-1.000 E280119.77 F6000
G1 X527.63 Y457.55 Z75.26 nX0.000 nY0.000 nZ-1.000 E280121.35 F6000
G1 X528.31 Y457.47 Z75.26 nX0.000 nY0.000 nZ-1.000 E280122.93 F6000
G1 X529.20 Y457.43 Z75.26 nX0.000 nY0.000 nZ-1.000 E280124.98 F6000
G1 X568.31 Y457.43 Z75.29 nX0.000 nY0.000 nZ-1.000 E280214.69 F6000
G1 X569.21 Y457.47 Z75.29 nX0.000 nY0.000 nZ-1.000 E280216.74 F6000
G1 X569.89 Y457.55 Z75.29 nX0.000 nY0.000 nZ-1.000 E280218.32 F6000
G1 X570.56 Y457.70 Z75.29 nX0.000 nY0.000 nZ-1.000 E280219.90 F6000
G1 X571.22 Y457.90 Z75.29 nX0.000 nY0.000 nZ-1.000 E280221.47 F6000
G1 X571.86 Y458.15 Z75.29 nX0.000 nY0.000 nZ-1.000 E280223.05 F6000
G1 X572.48 Y458.46 Z75.29 nX0.000 nY0.000 nZ-1.000 E280224.63 F6000
G1 X573.06 Y458.81 Z75.29 nX0.000 nY0.000 nZ-1.000 E280226.21 F6000
G1 X573.79 Y459.34 Z75.29 nX0.000 nY0.000 nZ-1.000 E280228.26 F6000
G1 X615.59 Y492.59 Z75.33 nX0.000 nY0.000 nZ-1.000 E280350.77 F6000
G1 X618.40 Y494.45 Z75.33 nX0.000 nY0.000 nZ-1.000 E280358.52 F6000
G1 X621.89 Y495.97 Z75.33 nX0.000 nY0.000 nZ-1.000 E280367.25 F6000
G1 X625.60 Y496.86 Z75.33 nX0.000 nY0.000 nZ-1.000 E280375.98 F6000
G1 X628.97 Y497.07 Z75.34 nX0.000 nY0.000 nZ-1.000 E280383.73 F6000
G1 X791.01 Y492.82 Z75.44 nX0.000 nY0.000 nZ-1.000 E280755.55 F6000
G1 X791.01 Y492.62 Z75.44 nX0.000 nY0.000 nZ-1.000 E280756.00 F6000
G1 X792.96 Y492.62 Z75.44 nX0.000 nY0.000 nZ-1.000 E280760.48 F6000
G1 X792.96 Y488.77 Z75.44 nX0.000 nY0.000 nZ-1.000 E280769.32 F6000
G1 X701.27 Y491.17 Z75.50 nX0.000 nY0.000 nZ-1.000 E280979.71 F6000
;Layer 52
G1 X629.04 Y493.06 Z75.54 nX0.000 nY0.000 nZ-1.000 E281145.45 F6000
G1 X626.86 Y492.93 Z75.55 nX0.000 nY0.000 nZ-1.000 E281150.45 F6000
G1 X623.17 Y492.16 Z75.55 nX0.000 nY0.000 nZ-1.000 E281159.10 F6000
G1 X620.32 Y490.93 Z75.55 nX0.000 nY0.000 nZ-1.000 E281166.22 F6000
G1 X617.94 Y489.35 Z75.55 nX0.000 nY0.000 nZ-1.000 E281172.77 F6000
G1 X576.21 Y456.16 Z75.59 nX0.000 nY0.000 nZ-1.000 E281295.08 F6000
G1 X575.28 Y455.48 Z75.59 nX0.000 nY0.000 nZ-1.000 E281297.71 F6000
G1 X574.41 Y454.95 Z75.59 nX0.000 nY0.000 nZ-1.000 E281300.05 F6000
G1 X573.49 Y454.49 Z75.59 nX0.000 nY0.000 nZ-1.000 E281302.40 F6000
G1 X572.54 Y454.12 Z75.59 nX0.000 nY0.000 nZ-1.000 E281304.75 F6000
G1 X571.56 Y453.82 Z75.59 nX0.000 nY0.000 nZ-1.000 E281307.10 F6000
G1 X570.56 Y453.61 Z75.59 nX0.000 nY0.000 nZ-1.000 E281309.45 F6000
G1 X569.54 Y453.48 Z75.59 nX0.000 nY0.000 nZ-1.000 E281311.80 F6000
G1 X568.40 Y453.43 Z75.59 nX0.000 nY0.000 nZ-1.000 E281314.43 F6000
G1 X529.12 Y453.43 Z75.62 nX0.000 nY0.000 nZ-1.000 E281404.52 F6000
G1 X527.97 Y453.48 Z75.62 nX0.000 nY0.000 nZ-1.000 E281407.15 F6000
G1 X526.96 Y453.61 Z75.62 nX0.000 nY0.000 nZ-1.000 E281409.50 F6000
G1 X525.96 Y453.82 Z75.62 nX0.000 nY0.000 nZ-1.000 E281411.85 F6000
G1 X524.98 Y454.12 Z75.62 nX0.000 nY0.000 nZ-1.000 E281414.20 F6000
G1 X524.02 Y454.49 Z75.62 nX0.000 nY0.000 nZ-1.000 E281416.55 F6000
G1 X523.11 Y454.95 Z75.62 nX0.000 nY0.000 nZ-1.000 E281418.90 F6000
G1 X522.23 Y455.48 Z75.62 nX0.000 nY0.000 nZ-1.000 E281421.25 F6000
G1 X521.31 Y456.16 Z75.62 nX0.000 nY0.000 nZ-1.000 E281423.87 F6000
G1 X479.58 Y489.35 Z75.65 nX0.000 nY0.000 nZ-1.000 E281546.18 F6000
G1 X477.78 Y490.54 Z75.66 nX0.000 nY0.000 nZ-1.000 E281551.14 F6000
G1 X476.51 Y486.82 Z75.66 nX0.000 nY0.000 nZ-1.000 E281560.15 F6000
G1 X477.34 Y486.27 Z75.66 nX0.000 nY0.000 nZ-1.000 E281562.43 F6000
G1 X519.00 Y453.13 Z75.69 nX0.000 nY0.000 nZ-1.000 E281684.54 F6000
G1 X520.12 Y452.32 Z75.69 nX0.000 nY0.000 nZ-1.000 E281687.72 F6000
G1 X521.27 Y451.62 Z75.69 nX0.000 nY0.000 nZ-1.000 E281690.80 F6000
G1 X522.47 Y451.02 Z75.69 nX0.000 nY0.000 nZ-1.000 E281693.88 F6000
G1 X523.72 Y450.53 Z75.70 nX0.000 nY0.000 nZ-1.000 E281696.97 F6000
G1 X525.01 Y450.14 Z75.70 nX0.000 nY0.000 nZ-1.000 E281700.05 F6000
G1 X526.32 Y449.86 Z75.70 nX0.000 nY0.000 nZ-1.000 E281703.13 F6000
G1 X527.65 Y449.69 Z75.70 nX0.000 nY0.000 nZ-1.000 E281706.21 F6000
G1 X529.04 Y449.63 Z75.70 nX0.000 nY0.000 nZ-1.000 E281709.39 F6000
G1 X567.51 Y449.63 Z75.72 nX0.000 nY0.000 nZ-1.000 E281797.63 F6000
G1 X569.86 Y449.69 Z75.72 nX0.000 nY0.000 nZ-1.000 E281803.03 F6000
G1 X571.20 Y449.86 Z75.73 nX0.000 nY0.000 nZ-1.000 E281806.11 F6000
G1 X572.51 Y450.14 Z75.73 nX0.000 nY0.000 nZ-1.000 E281809.19 F6000
G1 X573.79 Y450.53 Z75.73 nX0.000 nY0.000 nZ-1.000 E281812.27 F6000
G1 X575.04 Y451.02 Z75.73 nX0.000 nY0.000 nZ-1.000 E281815.35 F6000
G1 X576.25 Y451.62 Z75.73 nX0.000 nY0.000 nZ-1.000 E281818.44 F6000
G1 X577.39 Y452.32 Z75.73 nX0.000 nY0.000 nZ-1.000 E281821.52 F6000
G1 X578.51 Y453.13 Z75.73 nX0.000 nY0.000 nZ-1.000 E281824.69 F6000
G1 X620.18 Y486.27 Z75.76 nX0.000 nY0.000 nZ-1.000 E281946.81 F6000
G1 X622.14 Y487.57 Z75.77 nX0.000 nY0.000 nZ-1.000 E281952.21 F6000
G1 X624.38 Y488.55 Z75.77 nX0.000 nY0.000 nZ-1.000 E281957.81 F6000
G1 X627.78 Y489.45 Z75.77 nX0.000 nY0.000 nZ-1.000 E281965.87 F6000
G1 X629.10 Y489.26 Z75.77 nX0.000 nY0.000 nZ-1.000 E281968.95 F6000
G1 X796.73 Y484.87 Z75.88 nX0.000 nY0.000 nZ-1.000 E282353.58 F6000
G1 X796.76 Y485.84 Z75.88 nX0.000 nY0.000 nZ-1.000 E282355.82 F6000
G1 X796.76 Y568.63 Z75.93 nX0.000 nY0.000 nZ-1.000 E282545.70 F6000
G1 X598.19 Y568.63 Z76.05 nX0.000 nY0.000 nZ-1.000 E283001.17 F6000
G1 X567.69 Y461.43 Z76.12 nX0.000 nY0.000 nZ-1.000 E283256.83 F6000
G1 X529.83 Y461.43 Z76.15 nX0.000 nY0.000 nZ-1.000 E283343.65 F6000
G1 X499.33 Y568.63 Z76.22 nX0.000 nY0.000 nZ-1.000 E283599.31 F6000
G1 X300.76 Y568.63 Z76.34 nX0.000 nY0.000 nZ-1.000 E284054.78 F6000
G1 X300.76 Y485.84 Z76.39 nX0.000 nY0.000 nZ-1.000 E284244.67 F6000
G1 X300.78 Y484.87 Z76.39 nX0.000 nY0.000 nZ-1.000 E284246.90 F6000
G1 X468.41 Y489.26 Z76.50 nX0.000 nY0.000 nZ-1.000 E284631.54 F6000
G1 X470.76 Y489.12 Z76.50 nX0.000 nY0.000 nZ-1.000 E284636.94 F6000
G1 X473.14 Y488.55 Z76.50 nX0.000 nY0.000 nZ-1.000 E284642.54 F6000
G1 X474.35 Y492.16 Z76.51 nX0.000 nY0.000 nZ-1.000 E284651.29 F6000
G1 X471.33 Y492.89 Z76.51 nX0.000 nY0.000 nZ-1.000 E284658.41 F6000
G1 X468.48 Y493.06 Z76.51 nX0.000 nY0.000 nZ-1.000 E284664.95 F6000
G1 X304.56 Y488.77 Z76.61 nX0.000 nY0.000 nZ-1.000 E285041.08 F6000
G1 X304.56 Y492.62 Z76.61 nX0.000 nY0.000 nZ-1.000 E285049.92 F6000
G1 X306.51 Y492.62 Z76.62 nX0.000 nY0.000 nZ-1.000 E285054.40 F6000
G1 X306.51 Y492.82 Z76.62 nX0.000 nY0.000 nZ-1.000 E285054.86 F6000
G1 X468.55 Y497.07 Z76.72 nX0.000 nY0.000 nZ-1.000 E285426.68 F6000
G1 X471.92 Y496.86 Z76.72 nX0.000 nY0.000 nZ-1.000 E285434.42 F6000
G1 X475.62 Y495.97 Z76.72 nX0.000 nY0.000 nZ-1.000 E285443.15 F6000
G1 X479.11 Y494.45 Z76.72 nX0.000 nY0.000 nZ-1.000 E285451.88 F6000
G1 X481.93 Y492.59 Z76.73 nX0.000 nY0.000 nZ-1.000 E285459.63 F6000
G1 X523.73 Y459.34 Z76.76 nX0.000 nY0.000 nZ-1.000 E285582.15 F6000
G1 X524.45 Y458.81 Z76.76 nX0.000 nY0.000 nZ-1.000 E285584.20 F6000
G1 X525.04 Y458.46 Z76.76 nX0.000 nY0.000 nZ-1.000 E285585.78 F6000
G1 X525.66 Y458.15 Z76.76 nX0.000 nY0.000 nZ-1.000 E285587.35 F6000
G1 X526.30 Y457.90 Z76.76 nX0.000 nY0.000 nZ-1.000 E285588.93 F6000
G1 X526.95 Y457.70 Z76.76 nX0.000 nY0.000 nZ-1.000 E285590.51 F6000
G1 X527.63 Y457.55 Z76.76 nX0.000 nY0.000 nZ-1.000 E285592.09 F6000
G1 X528.31 Y457.47 Z76.76 nX0.000 nY0.000 nZ-1.000 E285593.66 F6000
G1 X529.20 Y457.43 Z76.76 nX0.000 nY0.000 nZ-1.000 E285595.71 F6000
G1 X568.31 Y457.43 Z76.79 nX0.000 nY0.000 nZ-1.000 E285685.43 F6000
G1 X569.21 Y457.47 Z76.79 nX0.000 nY0.000 nZ-1.000 E285687.48 F6000
G1 X569.89 Y457.55 Z76.79 nX0.000 nY0.000 nZ-1.000 E285689.06 F6000
G1 X570.56 Y457.70 Z76.79 nX0.000 nY0.000 nZ-1.000 E285690.63 F6000
G1 X571.22 Y457.90 Z76.79 nX0.000 nY0.000 nZ-1.000 E285692.21 F6000
G1 X571.86 Y458.15 Z76.79 nX0.000 nY0.000 nZ-1.000 E285693.79 F6000
G1 X572.48 Y458.46 Z76.79 nX0.000 nY0.000 nZ-1.000 E285695.37 F6000
G1 X573.06 Y458.81 Z76.79 nX0.000 nY0.000 nZ-1.000 E285696.94 F6000
G1 X573.79 Y459.34 Z76.79 nX0.000 nY0.000 nZ-1.000 E285698.99 F6000
G1 X615.59 Y492.59 Z76.83 nX0.000 nY0.000 nZ-1.000 E285821.51 F6000
G1 X618.40 Y494.45 Z76.83 nX0.000 nY0.000 nZ-1.000 E285829.26 F6000
G1 X621.89 Y495.97 Z76.83 nX0.000 nY0.000 nZ-1.000 E285837.99 F6000
G1 X625.60 Y496.86 Z76.83 nX0.000 nY0.000 nZ-1.000 E285846.72 F6000
G1 X628.97 Y497.07 Z76.84 nX0.000 nY0.000 nZ-1.000 E285854.47 F6000
G1 X791.01 Y492.82 Z76.94 nX0.000 nY0.000 nZ-1.000 E286226.28 F6000
G1 X791.01 Y492.62 Z76.94 nX0.000 nY0.000 nZ-1.000 E286226.74 F6000
G1 X792.96 Y492.62 Z76.94 nX0.000 nY0.000 nZ-1.000 E286231.22 F6000
G1 X792.96 Y488.77 Z76.94 nX0.000 nY0.000 nZ-1.000 E286240.06 F6000
G1 X701.27 Y491.17 Z77.00 nX0.000 nY0.000 nZ-1.000 E286450.45 F6000
;Layer 53
G1 X629.04 Y493.06 Z77.04 nX0.000 nY0.000 nZ-1.000 E286616.19 F6000
G1 X626.19 Y492.89 Z77.05 nX0.000 nY0.000 nZ-1.000 E286622.73 F6000
G1 X623.17 Y492.16 Z77.05 nX0.000 nY0.000 nZ-1.000 E286629.86 F6000
G1 X620.32 Y490.93 Z77.05 nX0.000 nY0.000 nZ-1.000 E286636.98 F6000
G1 X617.94 Y489.35 Z77.05 nX0.000 nY0.000 nZ-1.000 E286643.52 F6000
G1 X576.21 Y456.16 Z77.09 nX0.000 nY0.000 nZ-1.000 E286765.83 F6000
G1 X575.28 Y455.48 Z77.09 nX0.000 nY0.000 nZ-1.000 E286768.46 F6000
G1 X574.41 Y454.95 Z77.09 nX0.000 nY0.000 nZ-1.000 E286770.81 F6000
G1 X573.49 Y454.49 Z77.09 nX0.000 nY0.000 nZ-1.000 E286773.16 F6000
G1 X572.54 Y454.12 Z77.09 nX0.000 nY0.000 nZ-1.000 E286775.51 F6000
G1 X571.56 Y453.82 Z77.09 nX0.000 nY0.000 nZ-1.000 E286777.86 F6000
G1 X570.56 Y453.61 Z77.09 nX0.000 nY0.000 nZ-1.000 E286780.21 F6000
G1 X569.54 Y453.48 Z77.09 nX0.000 nY0.000 nZ-1.000 E286782.55 F6000
G1 X568.40 Y453.43 Z77.09 nX0.000 nY0.000 nZ-1.000 E286785.18 F6000
G1 X529.12 Y453.43 Z77.12 nX0.000 nY0.000 nZ-1.000 E286875.28 F6000
G1 X527.97 Y453.48 Z77.12 nX0.000 nY0.000 nZ-1.000 E286877.91 F6000
G1 X526.96 Y453.61 Z77.12 nX0.000 nY0.000 nZ-1.000 E286880.26 F6000
G1 X525.96 Y453.82 Z77.12 nX0.000 nY0.000 nZ-1.000 E286882.61 F6000
G1 X524.98 Y454.12 Z77.12 nX0.000 nY0.000 nZ-1.000 E286884.96 F6000
G1 X524.02 Y454.49 Z77.12 nX0.000 nY0.000 nZ-1.000 E286887.31 F6000
G1 X523.11 Y454.95 Z77.12 nX0.000 nY0.000 nZ-1.000 E286889.65 F6000
G1 X522.23 Y455.48 Z77.12 nX0.000 nY0.000 nZ-1.000 E286892.00 F6000
G1 X521.31 Y456.16 Z77.12 nX0.000 nY0.000 nZ-1.000 E286894.63 F6000
G1 X479.58 Y489.35 Z77.15 nX0.000 nY0.000 nZ-1.000 E287016.94 F6000
G1 X477.78 Y490.54 Z77.16 nX0.000 nY0.000 nZ-1.000 E287021.89 F6000
G1 X476.51 Y486.82 Z77.16 nX0.000 nY0.000 nZ-1.000 E287030.90 F6000
G1 X477.34 Y486.27 Z77.16 nX0.000 nY0.000 nZ-1.000 E287033.19 F6000
G1 X519.00 Y453.13 Z77.19 nX0.000 nY0.000 nZ-1.000 E287155.30 F6000
G1 X520.12 Y452.32 Z77.19 nX0.000 nY0.000 nZ-1.000 E287158.48 F6000
G1 X521.27 Y451.62 Z77.19 nX0.000 nY0.000 nZ-1.000 E287161.56 F6000
G1 X522.47 Y451.02 Z77.19 nX0.000 nY0.000 nZ-1.000 E287164.64 F6000
G1 X523.72 Y450.53 Z77.20 nX0.000 nY0.000 nZ-1.000 E287167.72 F6000
G1 X525.01 Y450.14 Z77.20 nX0.000 nY0.000 nZ-1.000 E287170.80 F6000
G1 X526.32 Y449.86 Z77.20 nX0.000 nY0.000 nZ-1.000 E287173.89 F6000
G1 X527.65 Y449.69 Z77.20 nX0.000 nY0.000 nZ-1.000 E287176.97 F6000
G1 X529.04 Y449.63 Z77.20 nX0.000 nY0.000 nZ-1.000 E287180.14 F6000
G1 X567.51 Y449.63 Z77.22 nX0.000 nY0.000 nZ-1.000 E287268.39 F6000
G1 X569.86 Y449.69 Z77.22 nX0.000 nY0.000 nZ-1.000 E287273.79 F6000
G1 X571.20 Y449.86 Z77.23 nX0.000 nY0.000 nZ-1.000 E287276.87 F6000
G1 X572.51 Y450.14 Z77.23 nX0.000 nY0.000 nZ-1.000 E287279.95 F6000
G1 X573.79 Y450.53 Z77.23 nX0.000 nY0.000 nZ-1.000 E287283.03 F6000
G1 X575.04 Y451.02 Z77.23 nX0.000 nY0.000 nZ-1.000 E287286.11 F6000
G1 X576.25 Y451.62 Z77.23 nX0.000 nY0.000 nZ-1.000 E287289.19 F6000
G1 X577.39 Y452.32 Z77.23 nX0.000 nY0.000 nZ-1.000 E287292.27 F6000
G1 X578.51 Y453.13 Z77.23 nX0.000 nY0.000 nZ-1.000 E287295.45 F6000
G1 X620.18 Y486.27 Z77.26 nX0.000 nY0.000 nZ-1.000 E287417.56 F6000
G1 X622.14 Y487.57 Z77.27 nX0.000 nY0.000 nZ-1.000 E287422.96 F6000
G1 X624.38 Y488.55 Z77.27 nX0.000 nY0.000 nZ-1.000 E287428.56 F6000
G1 X626.75 Y489.12 Z77.27 nX0.000 nY0.000 nZ-1.000 E287434.16 F6000
G1 X629.10 Y489.26 Z77.27 nX0.000 nY0.000 nZ-1.000 E287439.56 F6000
G1 X796.73 Y484.87 Z77.38 nX0.000 nY0.000 nZ-1.000 E287824.20 F6000
G1 X796.76 Y485.84 Z77.38 nX0.000 nY0.000 nZ-1.000 E287826.43 F6000
G1 X796.76 Y568.63 Z77.43 nX0.000 nY0.000 nZ-1.000 E288016.32 F6000
G1 X598.19 Y568.63 Z77.55 nX0.000 nY0.000 nZ-1.000 E288471.79 F6000
G1 X567.69 Y461.43 Z77.62 nX0.000 nY0.000 nZ-1.000 E288727.44 F6000
G1 X529.83 Y461.43 Z77.65 nX0.000 nY0.000 nZ-1.000 E288814.27 F6000
G1 X499.33 Y568.63 Z77.72 nX0.000 nY0.000 nZ-1.000 E289069.92 F6000
G1 X300.76 Y568.63 Z77.84 nX0.000 nY0.000 nZ-1.000 E289525.40 F6000
G1 X300.76 Y485.84 Z77.89 nX0.000 nY0.000 nZ-1.000 E289715.28 F6000
G1 X300.78 Y484.87 Z77.89 nX0.000 nY0.000 nZ-1.000 E289717.52 F6000
G1 X468.41 Y489.26 Z78.00 nX0.000 nY0.000 nZ-1.000 E290102.15 F6000
G1 X470.76 Y489.12 Z78.00 nX0.000 nY0.000 nZ-1.000 E290107.55 F6000
G1 X473.14 Y488.55 Z78.00 nX0.000 nY0.000 nZ-1.000 E290113.15 F6000
G1 X474.35 Y492.16 Z78.01 nX0.000 nY0.000 nZ-1.000 E290121.90 F6000
G1 X471.33 Y492.89 Z78.01 nX0.000 nY0.000 nZ-1.000 E290129.03 F6000
G1 X468.48 Y493.06 Z78.01 nX0.000 nY0.000 nZ-1.000 E290135.57 F6000
G1 X304.56 Y488.77 Z78.11 nX0.000 nY0.000 nZ-1.000 E290511.70 F6000
G1 X304.56 Y492.62 Z78.11 nX0.000 nY0.000 nZ-1.000 E290520.54 F6000
G1 X306.51 Y492.62 Z78.12 nX0.000 nY0.000 nZ-1.000 E290525.02 F6000
G1 X306.51 Y492.82 Z78.12 nX0.000 nY0.000 nZ-1.000 E290525.47 F6000
G1 X468.55 Y497.07 Z78.22 nX0.000 nY0.000 nZ-1.000 E290897.29 F6000
G1 X471.92 Y496.86 Z78.22 nX0.000 nY0.000 nZ-1.000 E290905.04 F6000
G1 X475.62 Y495.97 Z78.22 nX0.000 nY0.000 nZ-1.000 E290913.77 F6000
G1 X479.11 Y494.45 Z78.22 nX0.000 nY0.000 nZ-1.000 E290922.50 F6000
G1 X481.93 Y492.59 Z78.23 nX0.000 nY0.000 nZ-1.000 E290930.25 F6000
G1 X523.73 Y459.34 Z78.26 nX0.000 nY0.000 nZ-1.000 E291052.77 F6000
G1 X524.45 Y458.81 Z78.26 nX0.000 nY0.000 nZ-1.000 E291054.82 F6000
G1 X525.04 Y458.46 Z78.26 nX0.000 nY0.000 nZ-1.000 E291056.39 F6000
G1 X525.66 Y458.15 Z78.26 nX0.000 nY0.000 nZ-1.000 E291057.97 F6000
G1 X526.30 Y457.90 Z78.26 nX0.000 nY0.000 nZ-1.000 E291059.55 F6000
G1 X526.95 Y457.70 Z78.26 nX0.000 nY0.000 nZ-1.000 E291061.13 F6000
G1 X527.63 Y457.55 Z78.26 nX0.000 nY0.000 nZ-1.000 E291062.70 F6000
G1 X528.31 Y457.47 Z78.26 nX0.000 nY0.000 nZ-1.000 E291064.28 F6000
G1 X529.20 Y457.43 Z78.26 nX0.000 nY0.000 nZ-1.000 E291066.33 F6000
G1 X568.31 Y457.43 Z78.29 nX0.000 nY0.000 nZ-1.000 E291156.04 F6000
G1 X569.21 Y457.47 Z78.29 nX0.000 nY0.000 nZ-1.000 E291158.09 F6000
G1 X569.89 Y457.55 Z78.29 nX0.000 nY0.000 nZ-1.000 E291159.67 F6000
G1 X570.56 Y457.70 Z78.29 nX0.000 nY0.000 nZ-1.000 E291161.25 F6000
G1 X571.22 Y457.90 Z78.29 nX0.000 nY0.000 nZ-1.000 E291162.83 F6000
G1 X571.86 Y458.15 Z78.29 nX0.000 nY0.000 nZ-1.000 E291164.41 F6000
G1 X572.48 Y458.46 Z78.29 nX0.000 nY0.000 nZ-1.000 E291165.98 F6000
G1 X573.06 Y458.81 Z78.29 nX0.000 nY0.000 nZ-1.000 E291167.56 F6000
G1 X573.79 Y459.34 Z78.29 nX0.000 nY0.000 nZ-1.000 E291169.61 F6000
G1 X615.59 Y492.59 Z78.33 nX0.000 nY0.000 nZ-1.000 E291292.13 F6000
G1 X618.40 Y494.45 Z78.33 nX0.000 nY0.000 nZ-1.000 E291299.87 F6000
G1 X621.89 Y495.97 Z78.33 nX0.000 nY0.000 nZ-1.000 E291308.61 F6000
G1 X625.60 Y496.86 Z78.33 nX0.000 nY0.000 nZ-1.000 E291317.34 F6000
G1 X628.97 Y497.07 Z78.34 nX0.000 nY0.000 nZ-1.000 E291325.08 F6000
G1 X791.01 Y492.82 Z78.44 nX0.000 nY0.000 nZ-1.000 E291696.90 F6000
G1 X791.01 Y492.62 Z78.44 nX0.000 nY0.000 nZ-1.000 E291697.36 F6000
G1 X792.96 Y492.62 Z78.44 nX0.000 nY0.000 nZ-1.000 E291701.84 F6000
G1 X792.96 Y488.77 Z78.44 nX0.000 nY0.000 nZ-1.000 E291710.68 F6000
G1 X701.27 Y491.17 Z78.50 nX0.000 nY0.000 nZ-1.000 E291921.07 F6000
;Layer 54
G1 X629.04 Y493.06 Z78.54 nX0.000 nY0.000 nZ-1.000 E292086.80 F6000
G1 X626.19 Y492.89 Z78.55 nX0.000 nY0.000 nZ-1.000 E292093.35 F6000
G1 X623.17 Y492.16 Z78.55 nX0.000 nY0.000 nZ-1.000 E292100.47 F6000
G1 X620.32 Y490.93 Z78.55 nX0.000 nY0.000 nZ-1.000 E292107.60 F6000
G1 X617.94 Y489.35 Z78.55 nX0.000 nY0.000 nZ-1.000 E292114.14 F6000
G1 X576.21 Y456.16 Z78.59 nX0.000 nY0.000 nZ-1.000 E292236.45 F6000
G1 X575.28 Y455.48 Z78.59 nX0.000 nY0.000 nZ-1.000 E292239.08 F6000
G1 X574.41 Y454.95 Z78.59 nX0.000 nY0.000 nZ-1.000 E292241.43 F6000
G1 X573.49 Y454.49 Z78.59 nX0.000 nY0.000 nZ-1.000 E292243.78 F6000
G1 X572.54 Y454.12 Z78.59 nX0.000 nY0.000 nZ-1.000 E292246.13 F6000
G1 X571.56 Y453.82 Z78.59 nX0.000 nY0.000 nZ-1.000 E292248.47 F6000
G1 X570.56 Y453.61 Z78.59 nX0.000 nY0.000 nZ-1.000 E292250.82 F6000
G1 X569.54 Y453.48 Z78.59 nX0.000 nY0.000 nZ-1.000 E292253.17 F6000
G1 X568.40 Y453.43 Z78.59 nX0.000 nY0.000 nZ-1.000 E292255.80 F6000
G1 X529.12 Y453.43 Z78.62 nX0.000 nY0.000 nZ-1.000 E292345.90 F6000
G1 X527.97 Y453.48 Z78.62 nX0.000 nY0.000 nZ-1.000 E292348.53 F6000
G1 X526.96 Y453.61 Z78.62 nX0.000 nY0.000 nZ-1.000 E292350.88 F6000
G1 X525.96 Y453.82 Z78.62 nX0.000 nY0.000 nZ-1.000 E292353.23 F6000
G1 X524.98 Y454.12 Z78.62 nX0.000 nY0.000 nZ-1.000 E292355.57 F6000
G1 X524.02 Y454.49 Z78.62 nX0.000 nY0.000 nZ-1.000 E292357.92 F6000
G1 X523.11 Y454.95 Z78.62 nX0.000 nY0.000 nZ-1.000 E292360.27 F6000
G1 X522.23 Y455.48 Z78.62 nX0.000 nY0.000 nZ-1.000 E292362.62 F6000
G1 X521.31 Y456.16 Z78.62 nX0.000 nY0.000 nZ-1.000 E292365.25 F6000
G1 X479.58 Y489.35 Z78.65 nX0.000 nY0.000 nZ-1.000 E292487.56 F6000
G1 X477.78 Y490.54 Z78.66 nX0.000 nY0.000 nZ-1.000 E292492.51 F6000
G1 X476.51 Y486.82 Z78.66 nX0.000 nY0.000 nZ-1.000 E292501.52 F6000
G1 X477.34 Y486.27 Z78.66 nX0.000 nY0.000 nZ-1.000 E292503.81 F6000
G1 X519.00 Y453.13 Z78.69 nX0.000 nY0.000 nZ-1.000 E292625.92 F6000
G1 X520.12 Y452.32 Z78.69 nX0.000 nY0.000 nZ-1.000 E292629.10 F6000
G1 X521.27 Y451.62 Z78.69 nX0.000 nY0.000 nZ-1.000 E292632.18 F6000
G1 X522.47 Y451.02 Z78.69 nX0.000 nY0.000 nZ-1.000 E292635.26 F6000
G1 X523.72 Y450.53 Z78.70 nX0.000 nY0.000 nZ-1.000 E292638.34 F6000
G1 X525.01 Y450.14 Z78.70 nX0.000 nY0.000 nZ-1.000 E292641.42 F6000
G1 X526.32 Y449.86 Z78.70 nX0.000 nY0.000 nZ-1.000 E292644.50 F6000
G1 X527.65 Y449.69 Z78.70 nX0.000 nY0.000 nZ-1.000 E292647.58 F6000
G1 X529.04 Y449.63 Z78.70 nX0.000 nY0.000 nZ-1.000 E292650.76 F6000
G1 X567.51 Y449.63 Z78.72 nX0.000 nY0.000 nZ-1.000 E292739.01 F6000
G1 X569.86 Y449.69 Z78.72 nX0.000 nY0.000 nZ-1.000 E292744.40 F6000
G1 X571.20 Y449.86 Z78.73 nX0.000 nY0.000 nZ-1.000 E292747.48 F6000
G1 X572.51 Y450.14 Z78.73 nX0.000 nY0.000 nZ-1.000 E292750.57 F6000
G1 X573.79 Y450.53 Z78.73 nX0.000 nY0.000 nZ-1.000 E292753.65 F6000
G1 X575.04 Y451.02 Z78.73 nX0.000 nY0.000 nZ-1.000 E292756.73 F6000
G1 X576.25 Y451.62 Z78.73 nX0.000 nY0.000 nZ-1.000 E292759.81 F6000
G1 X577.39 Y452.32 Z78.73 nX0.000 nY0.000 nZ-1.000 E292762.89 F6000
G1 X578.51 Y453.13 Z78.73 nX0.000 nY0.000 nZ-1.000 E292766.07 F6000
G1 X620.18 Y486.27 Z78.76 nX0.000 nY0.000 nZ-1.000 E292888.18 F6000
G1 X622.14 Y487.57 Z78.77 nX0.000 nY0.000 nZ-1.000 E292893.58 F6000
G1 X624.38 Y488.55 Z78.77 nX0.000 nY0.000 nZ-1.000 E292899.18 F6000
G1 X626.75 Y489.12 Z78.77 nX0.000 nY0.000 nZ-1.000 E292904.78 F6000
G1 X629.10 Y489.26 Z78.77 nX0.000 nY0.000 nZ-1.000 E292910.18 F6000
G1 X796.73 Y484.87 Z78.88 nX0.000 nY0.000 nZ-1.000 E293294.82 F6000
G1 X796.76 Y485.84 Z78.88 nX0.000 nY0.000 nZ-1.000 E293297.05 F6000
G1 X796.76 Y568.63 Z78.93 nX0.000 nY0.000 nZ-1.000 E293486.94 F6000
G1 X598.19 Y568.63 Z79.05 nX0.000 nY0.000 nZ-1.000 E293942.41 F6000
G1 X567.69 Y461.43 Z79.12 nX0.000 nY0.000 nZ-1.000 E294198.06 F6000
G1 X529.83 Y461.43 Z79.15 nX0.000 nY0.000 nZ-1.000 E294284.89 F6000
G1 X499.33 Y568.63 Z79.22 nX0.000 nY0.000 nZ-1.000 E294540.54 F6000
G1 X300.76 Y568.63 Z79.34 nX0.000 nY0.000 nZ-1.000 E294996.01 F6000
G1 X300.76 Y485.84 Z79.39 nX0.000 nY0.000 nZ-1.000 E295185.90 F6000
G1 X300.78 Y484.87 Z79.39 nX0.000 nY0.000 nZ-1.000 E295188.13 F6000
G1 X468.41 Y489.26 Z79.50 nX0.000 nY0.000 nZ-1.000 E295572.77 F6000
G1 X470.76 Y489.12 Z79.50 nX0.000 nY0.000 nZ-1.000 E295578.17 F6000
G1 X473.14 Y488.55 Z79.50 nX0.000 nY0.000 nZ-1.000 E295583.77 F6000
G1 X474.35 Y492.16 Z79.51 nX0.000 nY0.000 nZ-1.000 E295592.52 F6000
G1 X471.33 Y492.89 Z79.51 nX0.000 nY0.000 nZ-1.000 E295599.65 F6000
G1 X468.48 Y493.06 Z79.51 nX0.000 nY0.000 nZ-1.000 E295606.19 F6000
G1 X304.56 Y488.77 Z79.61 nX0.000 nY0.000 nZ-1.000 E295982.32 F6000
G1 X304.56 Y492.62 Z79.61 nX0.000 nY0.000 nZ-1.000 E295991.16 F6000
G1 X306.51 Y492.62 Z79.62 nX0.000 nY0.000 nZ-1.000 E295995.64 F6000
G1 X306.51 Y492.82 Z79.62 nX0.000 nY0.000 nZ-1.000 E295996.09 F6000
G1 X468.55 Y497.07 Z79.72 nX0.000 nY0.000 nZ-1.000 E296367.91 F6000
G1 X471.92 Y496.86 Z79.72 nX0.000 nY0.000 nZ-1.000 E296375.66 F6000
G1 X475.62 Y495.97 Z79.72 nX0.000 nY0.000 nZ-1.000 E296384.39 F6000
G1 X479.11 Y494.45 Z79.72 nX0.000 nY0.000 nZ-1.000 E296393.12 F6000
G1 X481.93 Y492.59 Z79.73 nX0.000 nY0.000 nZ-1.000 E296400.87 F6000
G1 X523.73 Y459.34 Z79.76 nX0.000 nY0.000 nZ-1.000 E296523.38 F6000
G1 X524.45 Y458.81 Z79.76 nX0.000 nY0.000 nZ-1.000 E296525.43 F6000
G1 X525.04 Y458.46 Z79.76 nX0.000 nY0.000 nZ-1.000 E296527.01 F6000
G1 X525.66 Y458.15 Z79.76 nX0.000 nY0.000 nZ-1.000 E296528.59 F6000
G1 X526.30 Y457.90 Z79.76 nX0.000 nY0.000 nZ-1.000 E296530.17 F6000
G1 X526.95 Y457.70 Z79.76 nX0.000 nY0.000 nZ-1.000 E296531.74 F6000
G1 X527.63 Y457.55 Z79.76 nX0.000 nY0.000 nZ-1.000 E296533.32 F6000
G1 X528.31 Y457.47 Z79.76 nX0.000 nY0.000 nZ-1.000 E296534.90 F6000
G1 X529.20 Y457.43 Z79.76 nX0.000 nY0.000 nZ-1.000 E296536.95 F6000
G1 X568.31 Y457.43 Z79.79 nX0.000 nY0.000 nZ-1.000 E296626.66 F6000
G1 X569.21 Y457.47 Z79.79 nX0.000 nY0.000 nZ-1.000 E296628.71 F6000
G1 X569.89 Y457.55 Z79.79 nX0.000 nY0.000 nZ-1.000 E296630.29 F6000
G1 X570.56 Y457.70 Z79.79 nX0.000 nY0.000 nZ-1.000 E296631.87 F6000
G1 X571.22 Y457.90 Z79.79 nX0.000 nY0.000 nZ-1.000 E296633.45 F6000
G1 X571.86 Y458.15 Z79.79 nX0.000 nY0.000 nZ-1.000 E296635.02 F6000
G1 X572.48 Y458.46 Z79.79 nX0.000 nY0.000 nZ-1.000 E296636.60 F6000
G1 X573.06 Y458.81 Z79.79 nX0.000 nY0.000 nZ-1.000 E296638.18 F6000
G1 X573.79 Y459.34 Z79.79 nX0.000 nY0.000 nZ-1.000 E296640.23 F6000
G1 X615.59 Y492.59 Z79.83 nX0.000 nY0.000 nZ-1.000 E296762.75 F6000
G1 X618.40 Y494.45 Z79.83 nX0.000 nY0.000 nZ-1.000 E296770.49 F6000
G1 X621.89 Y495.97 Z79.83 nX0.000 nY0.000 nZ-1.000 E296779.22 F6000
G1 X625.60 Y496.86 Z79.83 nX0.000 nY0.000 nZ-1.000 E296787.95 F6000
G1 X628.97 Y497.07 Z79.84 nX0.000 nY0.000 nZ-1.000 E296795.70 F6000
G1 X791.01 Y492.82 Z79.94 nX0.000 nY0.000 nZ-1.000 E297167.52 F6000
G1 X791.01 Y492.62 Z79.94 nX0.000 nY0.000 nZ-1.000 E297167.98 F6000
G1 X792.96 Y492.62 Z79.94 nX0.000 nY0.000 nZ-1.000 E297172.45 F6000
G1 X792.96 Y488.77 Z79.94 nX0.000 nY0.000 nZ-1.000 E297181.29 F6000
G1 X701.27 Y491.17 Z80.00 nX0.000 nY0.000 nZ-1.000 E297391.69 F6000

